date,machine,cpu,config,operation,latency_ns,throughput_bytes_s,commit
2026-05-26,apple-m4-pro,Apple M4 Pro,baseline,compression,31483.15,33305937974,
2026-05-26,apple-m4-pro,Apple M4 Pro,baseline,context_switch,2365.08,,
2026-05-26,apple-m4-pro,Apple M4 Pro,baseline,decompression,76313.55,13740364830,
2026-05-26,apple-m4-pro,Apple M4 Pro,baseline,deserialization_fast,52.45,2974049433,
2026-05-26,apple-m4-pro,Apple M4 Pro,baseline,deserialization,229.03,624368781,
2026-05-26,apple-m4-pro,Apple M4 Pro,baseline,hash_crypto,225.90,283313109,
2026-05-26,apple-m4-pro,Apple M4 Pro,baseline,hash_non_crypto,25.11,2548890897,
2026-05-26,apple-m4-pro,Apple M4 Pro,baseline,hash_siphash,18.72,3418362417,
2026-05-26,apple-m4-pro,Apple M4 Pro,baseline,mem_random_rw,60861033.13,17642517202,
2026-05-26,apple-m4-pro,Apple M4 Pro,baseline,seq_mem_read_single,42297335.43,101542266256,
2026-05-26,apple-m4-pro,Apple M4 Pro,baseline,seq_mem_read_threaded,18366658.88,233845868397,
2026-05-26,apple-m4-pro,Apple M4 Pro,baseline,serialization_fast,31.62,4933577428,
2026-05-26,apple-m4-pro,Apple M4 Pro,baseline,serialization,325.69,439067893,
2026-05-26,apple-m4-pro,Apple M4 Pro,baseline,sort_64bit,,1137916844,
2026-05-26,apple-m4-pro,Apple M4 Pro,baseline,ssd_read_random,140856.80,58158357,
2026-05-26,apple-m4-pro,Apple M4 Pro,baseline,ssd_read_seq,705.02,11619508215,
2026-05-26,apple-m4-pro,Apple M4 Pro,baseline,ssd_write_fsync,4126260.76,1985333,
2026-05-26,apple-m4-pro,Apple M4 Pro,baseline,ssd_write_no_fsync,3695.69,2216639121,
2026-05-26,apple-m4-pro,Apple M4 Pro,baseline,syscall,17.12,,
2026-05-26,apple-m4-pro,Apple M4 Pro,baseline,tcp_echo,20816.08,1574167964,
2026-05-27,gcp-c4-standard-8-lssd,Intel Xeon 6985P,bench_stable,compression,34742.71,30181179063,
2026-05-27,gcp-c4-standard-8-lssd,Intel Xeon 6985P,bench_stable,context_switch,3260.89,,
2026-05-27,gcp-c4-standard-8-lssd,Intel Xeon 6985P,bench_stable,decompression,160922.25,6516041104,
2026-05-27,gcp-c4-standard-8-lssd,Intel Xeon 6985P,bench_stable,deserialization_fast,64.68,2411904780,
2026-05-27,gcp-c4-standard-8-lssd,Intel Xeon 6985P,bench_stable,deserialization,305.58,467956262,
2026-05-27,gcp-c4-standard-8-lssd,Intel Xeon 6985P,bench_stable,hash_crypto,116.40,549831712,
2026-05-27,gcp-c4-standard-8-lssd,Intel Xeon 6985P,bench_stable,hash_non_crypto,40.07,1597346343,
2026-05-27,gcp-c4-standard-8-lssd,Intel Xeon 6985P,bench_stable,hash_siphash,39.98,1600982550,
2026-05-27,gcp-c4-standard-8-lssd,Intel Xeon 6985P,bench_stable,mem_random_rw,217.59,294131632,
2026-05-27,gcp-c4-standard-8-lssd,Intel Xeon 6985P,bench_stable,seq_mem_read_single,31.06,2060260537,
2026-05-27,gcp-c4-standard-8-lssd,Intel Xeon 6985P,bench_stable,seq_mem_read_threaded,61168259.18,70215620869,
2026-05-27,gcp-c4-standard-8-lssd,Intel Xeon 6985P,bench_stable,serialization_fast,44.06,3540400020,
2026-05-27,gcp-c4-standard-8-lssd,Intel Xeon 6985P,bench_stable,serialization,481.65,296896086,
2026-05-27,gcp-c4-standard-8-lssd,Intel Xeon 6985P,bench_stable,sort_64bit,,710417318,
2026-05-27,gcp-c4-standard-8-lssd,Intel Xeon 6985P,bench_stable,ssd_read_random,93215.28,87882588,
2026-05-27,gcp-c4-standard-8-lssd,Intel Xeon 6985P,bench_stable,ssd_read_seq,1052.39,7784182046,
2026-05-27,gcp-c4-standard-8-lssd,Intel Xeon 6985P,bench_stable,ssd_write_fsync,154870.09,52895948,
2026-05-27,gcp-c4-standard-8-lssd,Intel Xeon 6985P,bench_stable,ssd_write_no_fsync,15222.36,538155768,
2026-05-27,gcp-c4-standard-8-lssd,Intel Xeon 6985P,bench_stable,syscall,103.21,,
2026-05-27,gcp-c4-standard-8-lssd,Intel Xeon 6985P,bench_stable,tcp_echo,52574.16,623271913,
2026-05-28,gcp-c4-standard-8-lssd,Intel(R) Xeon(R) 6985P-C CPU @ 2.30GHz,bench_stable,compression,34532.40,30364992593,
2026-05-28,gcp-c4-standard-8-lssd,Intel(R) Xeon(R) 6985P-C CPU @ 2.30GHz,bench_stable,context_switch,2743.69,,
2026-05-28,gcp-c4-standard-8-lssd,Intel(R) Xeon(R) 6985P-C CPU @ 2.30GHz,bench_stable,decompression,161932.74,6475380001,
2026-05-28,gcp-c4-standard-8-lssd,Intel(R) Xeon(R) 6985P-C CPU @ 2.30GHz,bench_stable,deserialization_fast,64.72,2410343367,
2026-05-28,gcp-c4-standard-8-lssd,Intel(R) Xeon(R) 6985P-C CPU @ 2.30GHz,bench_stable,deserialization,315.64,453043101,
2026-05-28,gcp-c4-standard-8-lssd,Intel(R) Xeon(R) 6985P-C CPU @ 2.30GHz,bench_stable,hash_crypto,117.30,545594867,
2026-05-28,gcp-c4-standard-8-lssd,Intel(R) Xeon(R) 6985P-C CPU @ 2.30GHz,bench_stable,hash_non_crypto,39.55,1618046414,
2026-05-28,gcp-c4-standard-8-lssd,Intel(R) Xeon(R) 6985P-C CPU @ 2.30GHz,bench_stable,hash_siphash,40.74,1571124761,
2026-05-28,gcp-c4-standard-8-lssd,Intel(R) Xeon(R) 6985P-C CPU @ 2.30GHz,bench_stable,mem_random_rw,220.94,289675260,
2026-05-28,gcp-c4-standard-8-lssd,Intel(R) Xeon(R) 6985P-C CPU @ 2.30GHz,bench_stable,seq_mem_read_single,240010838.76,17894888906,
2026-05-28,gcp-c4-standard-8-lssd,Intel(R) Xeon(R) 6985P-C CPU @ 2.30GHz,bench_stable,seq_mem_read_threaded,59520537.51,72159417169,
2026-05-28,gcp-c4-standard-8-lssd,Intel(R) Xeon(R) 6985P-C CPU @ 2.30GHz,bench_stable,serialization_fast,44.24,3526391215,
2026-05-28,gcp-c4-standard-8-lssd,Intel(R) Xeon(R) 6985P-C CPU @ 2.30GHz,bench_stable,serialization,486.63,293857950,
2026-05-28,gcp-c4-standard-8-lssd,Intel(R) Xeon(R) 6985P-C CPU @ 2.30GHz,bench_stable,sort_64bit,,704341131,
2026-05-28,gcp-c4-standard-8-lssd,Intel(R) Xeon(R) 6985P-C CPU @ 2.30GHz,bench_stable,ssd_read_random,93716.84,87412256,
2026-05-28,gcp-c4-standard-8-lssd,Intel(R) Xeon(R) 6985P-C CPU @ 2.30GHz,bench_stable,ssd_read_seq,1042.11,7860982026,
2026-05-28,gcp-c4-standard-8-lssd,Intel(R) Xeon(R) 6985P-C CPU @ 2.30GHz,bench_stable,ssd_write_fsync,149556.21,54775392,
2026-05-28,gcp-c4-standard-8-lssd,Intel(R) Xeon(R) 6985P-C CPU @ 2.30GHz,bench_stable,ssd_write_no_fsync,15693.07,522013880,
2026-05-28,gcp-c4-standard-8-lssd,Intel(R) Xeon(R) 6985P-C CPU @ 2.30GHz,bench_stable,syscall,103.68,,
2026-05-28,gcp-c4-standard-8-lssd,Intel(R) Xeon(R) 6985P-C CPU @ 2.30GHz,bench_stable,tcp_echo,46147.51,710070891,
2026-05-28,gcp-c4a-standard-8-lssd,Google Axion (Neoverse V2),bench_stable,compression,47641.44,22009747895,
2026-05-28,gcp-c4a-standard-8-lssd,Google Axion (Neoverse V2),bench_stable,context_switch,3182.72,,
2026-05-28,gcp-c4a-standard-8-lssd,Google Axion (Neoverse V2),bench_stable,decompression,129445.38,8100528799,
2026-05-28,gcp-c4a-standard-8-lssd,Google Axion (Neoverse V2),bench_stable,deserialization_fast,107.08,1456849345,
2026-05-28,gcp-c4a-standard-8-lssd,Google Axion (Neoverse V2),bench_stable,deserialization,361.68,395380195,
2026-05-28,gcp-c4a-standard-8-lssd,Google Axion (Neoverse V2),bench_stable,hash_crypto,390.81,163760941,
2026-05-28,gcp-c4a-standard-8-lssd,Google Axion (Neoverse V2),bench_stable,hash_non_crypto,58.66,1090987144,
2026-05-28,gcp-c4a-standard-8-lssd,Google Axion (Neoverse V2),bench_stable,hash_siphash,58.75,1089347863,
2026-05-28,gcp-c4a-standard-8-lssd,Google Axion (Neoverse V2),bench_stable,mem_random_rw,188.33,339835169,
2026-05-28,gcp-c4a-standard-8-lssd,Google Axion (Neoverse V2),bench_stable,seq_mem_read_single,122961653.98,34929322737,
2026-05-28,gcp-c4a-standard-8-lssd,Google Axion (Neoverse V2),bench_stable,seq_mem_read_threaded,18976374.58,226332341678,
2026-05-28,gcp-c4a-standard-8-lssd,Google Axion (Neoverse V2),bench_stable,serialization_fast,68.73,2269822426,
2026-05-28,gcp-c4a-standard-8-lssd,Google Axion (Neoverse V2),bench_stable,serialization,596.12,239882894,
2026-05-28,gcp-c4a-standard-8-lssd,Google Axion (Neoverse V2),bench_stable,sort_64bit,,615186788,
2026-05-28,gcp-c4a-standard-8-lssd,Google Axion (Neoverse V2),bench_stable,ssd_read_random,75422.89,108614236,
2026-05-28,gcp-c4a-standard-8-lssd,Google Axion (Neoverse V2),bench_stable,ssd_read_seq,859.28,9533578267,
2026-05-28,gcp-c4a-standard-8-lssd,Google Axion (Neoverse V2),bench_stable,ssd_write_fsync,94527.64,86662481,
2026-05-28,gcp-c4a-standard-8-lssd,Google Axion (Neoverse V2),bench_stable,ssd_write_no_fsync,15066.79,543712439,
2026-05-28,gcp-c4a-standard-8-lssd,Google Axion (Neoverse V2),bench_stable,syscall,213.63,,
2026-05-28,gcp-c4a-standard-8-lssd,Google Axion (Neoverse V2),bench_stable,tcp_echo,16619.19,1971696216,
2026-05-28,gcp-c4d-standard-8-lssd,AMD EPYC 9B45,bench_stable,compression,33362.54,31429737484,
2026-05-28,gcp-c4d-standard-8-lssd,AMD EPYC 9B45,bench_stable,context_switch,2423.32,,
2026-05-28,gcp-c4d-standard-8-lssd,AMD EPYC 9B45,bench_stable,decompression,127923.41,8196904482,
2026-05-28,gcp-c4d-standard-8-lssd,AMD EPYC 9B45,bench_stable,deserialization_fast,72.01,2166364159,
2026-05-28,gcp-c4d-standard-8-lssd,AMD EPYC 9B45,bench_stable,deserialization,307.69,464751715,
2026-05-28,gcp-c4d-standard-8-lssd,AMD EPYC 9B45,bench_stable,hash_crypto,111.76,572640356,
2026-05-28,gcp-c4d-standard-8-lssd,AMD EPYC 9B45,bench_stable,hash_non_crypto,34.46,1857210805,
2026-05-28,gcp-c4d-standard-8-lssd,AMD EPYC 9B45,bench_stable,hash_siphash,34.17,1872914733,
2026-05-28,gcp-c4d-standard-8-lssd,AMD EPYC 9B45,bench_stable,mem_random_rw,201.93,316936256,
2026-05-28,gcp-c4d-standard-8-lssd,AMD EPYC 9B45,bench_stable,seq_mem_read_single,103228033.55,41606598017,
2026-05-28,gcp-c4d-standard-8-lssd,AMD EPYC 9B45,bench_stable,seq_mem_read_threaded,93561844.48,45905115700,
2026-05-28,gcp-c4d-standard-8-lssd,AMD EPYC 9B45,bench_stable,serialization_fast,45.35,3440137119,
2026-05-28,gcp-c4d-standard-8-lssd,AMD EPYC 9B45,bench_stable,serialization,535.73,266924688,
2026-05-28,gcp-c4d-standard-8-lssd,AMD EPYC 9B45,bench_stable,sort_64bit,,820253049,
2026-05-28,gcp-c4d-standard-8-lssd,AMD EPYC 9B45,bench_stable,ssd_read_random,78583.46,104245851,
2026-05-28,gcp-c4d-standard-8-lssd,AMD EPYC 9B45,bench_stable,ssd_read_seq,615.48,13309980400,
2026-05-28,gcp-c4d-standard-8-lssd,AMD EPYC 9B45,bench_stable,ssd_write_fsync,92720.91,88351157,
2026-05-28,gcp-c4d-standard-8-lssd,AMD EPYC 9B45,bench_stable,ssd_write_no_fsync,20395.91,401649251,
2026-05-28,gcp-c4d-standard-8-lssd,AMD EPYC 9B45,bench_stable,syscall,80.43,,
2026-05-28,gcp-c4d-standard-8-lssd,AMD EPYC 9B45,bench_stable,tcp_echo,9358.74,3501326542,
2026-05-28T07:03:35,gcp-c4a-standard-8-lssd,Neoverse-V2,bench_stable,compression,51573.96,20331499349,
2026-05-28T07:03:35,gcp-c4a-standard-8-lssd,Neoverse-V2,bench_stable,context_switch,3145.72,,
2026-05-28T07:03:35,gcp-c4a-standard-8-lssd,Neoverse-V2,bench_stable,decompression,617834.89,1697178359,
2026-05-28T07:03:35,gcp-c4a-standard-8-lssd,Neoverse-V2,bench_stable,deserialization_fast,107.44,1451955775,
2026-05-28T07:03:35,gcp-c4a-standard-8-lssd,Neoverse-V2,bench_stable,deserialization,437.08,327171169,
2026-05-28T07:03:35,gcp-c4a-standard-8-lssd,Neoverse-V2,bench_stable,hash_crypto,406.75,157343990,
2026-05-28T07:03:35,gcp-c4a-standard-8-lssd,Neoverse-V2,bench_stable,hash_non_crypto,57.63,1110616196,
2026-05-28T07:03:35,gcp-c4a-standard-8-lssd,Neoverse-V2,bench_stable,hash_siphash,47.60,1344583995,
2026-05-28T07:03:35,gcp-c4a-standard-8-lssd,Neoverse-V2,bench_stable,mem_random_rw,151.19,423309355,
2026-05-28T07:03:35,gcp-c4a-standard-8-lssd,Neoverse-V2,bench_stable,seq_mem_read_single,39613724.89,27105298154,
2026-05-28T07:03:35,gcp-c4a-standard-8-lssd,Neoverse-V2,bench_stable,seq_mem_read_threaded,6326938.45,169709541714,
2026-05-28T07:03:35,gcp-c4a-standard-8-lssd,Neoverse-V2,bench_stable,serialization_fast,72.34,2156343490,
2026-05-28T07:03:35,gcp-c4a-standard-8-lssd,Neoverse-V2,bench_stable,serialization,593.50,240944684,
2026-05-28T07:03:35,gcp-c4a-standard-8-lssd,Neoverse-V2,bench_stable,sort_64bit,,613243876,
2026-05-28T07:03:35,gcp-c4a-standard-8-lssd,Neoverse-V2,bench_stable,ssd_read_random,75952.33,107857120,
2026-05-28T07:03:35,gcp-c4a-standard-8-lssd,Neoverse-V2,bench_stable,ssd_read_seq,879.82,9311021950,
2026-05-28T07:03:35,gcp-c4a-standard-8-lssd,Neoverse-V2,bench_stable,ssd_write_fsync,93374.59,87732648,
2026-05-28T07:03:35,gcp-c4a-standard-8-lssd,Neoverse-V2,bench_stable,ssd_write_no_fsync,14996.01,546278507,
2026-05-28T07:03:35,gcp-c4a-standard-8-lssd,Neoverse-V2,bench_stable,syscall,222.74,,
2026-05-28T07:03:35,gcp-c4a-standard-8-lssd,Neoverse-V2,bench_stable,tcp_echo,16603.24,1973590510,
2026-05-28T07:04:15,gcp-c4-standard-8-lssd,Intel Xeon 6985P-C,bench_stable,compression,34388.81,30491780386,
2026-05-28T07:04:15,gcp-c4-standard-8-lssd,Intel Xeon 6985P-C,bench_stable,context_switch,3568.04,,
2026-05-28T07:04:15,gcp-c4-standard-8-lssd,Intel Xeon 6985P-C,bench_stable,decompression,394431.90,2658446220,
2026-05-28T07:04:15,gcp-c4-standard-8-lssd,Intel Xeon 6985P-C,bench_stable,deserialization_fast,68.04,2292708116,
2026-05-28T07:04:15,gcp-c4-standard-8-lssd,Intel Xeon 6985P-C,bench_stable,deserialization,333.29,429061685,
2026-05-28T07:04:15,gcp-c4-standard-8-lssd,Intel Xeon 6985P-C,bench_stable,hash_crypto,121.59,526341499,
2026-05-28T07:04:15,gcp-c4-standard-8-lssd,Intel Xeon 6985P-C,bench_stable,hash_non_crypto,39.54,1618721816,
2026-05-28T07:04:15,gcp-c4-standard-8-lssd,Intel Xeon 6985P-C,bench_stable,hash_siphash,40.65,1574545011,
2026-05-28T07:04:15,gcp-c4-standard-8-lssd,Intel Xeon 6985P-C,bench_stable,mem_random_rw,202.51,316035175,
2026-05-28T07:04:15,gcp-c4-standard-8-lssd,Intel Xeon 6985P-C,bench_stable,seq_mem_read_single,43826988.14,24499557683,
2026-05-28T07:04:15,gcp-c4-standard-8-lssd,Intel Xeon 6985P-C,bench_stable,seq_mem_read_threaded,11753214.55,91357289502,
2026-05-28T07:04:15,gcp-c4-standard-8-lssd,Intel Xeon 6985P-C,bench_stable,serialization_fast,44.45,3509707393,
2026-05-28T07:04:15,gcp-c4-standard-8-lssd,Intel Xeon 6985P-C,bench_stable,serialization,485.87,294314813,
2026-05-28T07:04:15,gcp-c4-standard-8-lssd,Intel Xeon 6985P-C,bench_stable,sort_64bit,,704887918,
2026-05-28T07:04:15,gcp-c4-standard-8-lssd,Intel Xeon 6985P-C,bench_stable,ssd_read_random,94336.49,86838079,
2026-05-28T07:04:15,gcp-c4-standard-8-lssd,Intel Xeon 6985P-C,bench_stable,ssd_read_seq,1058.93,7736128552,
2026-05-28T07:04:15,gcp-c4-standard-8-lssd,Intel Xeon 6985P-C,bench_stable,ssd_write_fsync,167160.62,49006759,
2026-05-28T07:04:15,gcp-c4-standard-8-lssd,Intel Xeon 6985P-C,bench_stable,ssd_write_no_fsync,15667.35,522870814,
2026-05-28T07:04:15,gcp-c4-standard-8-lssd,Intel Xeon 6985P-C,bench_stable,syscall,103.28,,
2026-05-28T07:04:15,gcp-c4-standard-8-lssd,Intel Xeon 6985P-C,bench_stable,tcp_echo,51649.94,634424751,
2026-05-28T07:04:19,gcp-c4d-standard-8-lssd,AMD EPYC 9B45,bench_stable,compression,33252.84,31533422200,
2026-05-28T07:04:19,gcp-c4d-standard-8-lssd,AMD EPYC 9B45,bench_stable,context_switch,2445.41,,
2026-05-28T07:04:19,gcp-c4d-standard-8-lssd,AMD EPYC 9B45,bench_stable,decompression,318518.24,3292043834,
2026-05-28T07:04:19,gcp-c4d-standard-8-lssd,AMD EPYC 9B45,bench_stable,deserialization_fast,68.25,2285668989,
2026-05-28T07:04:19,gcp-c4d-standard-8-lssd,AMD EPYC 9B45,bench_stable,deserialization,300.05,476584272,
2026-05-28T07:04:19,gcp-c4d-standard-8-lssd,AMD EPYC 9B45,bench_stable,hash_crypto,122.21,523678308,
2026-05-28T07:04:19,gcp-c4d-standard-8-lssd,AMD EPYC 9B45,bench_stable,hash_non_crypto,32.49,1970121272,
2026-05-28T07:04:19,gcp-c4d-standard-8-lssd,AMD EPYC 9B45,bench_stable,hash_siphash,33.48,1911531287,
2026-05-28T07:04:19,gcp-c4d-standard-8-lssd,AMD EPYC 9B45,bench_stable,mem_random_rw,169.47,377645416,
2026-05-28T07:04:19,gcp-c4d-standard-8-lssd,AMD EPYC 9B45,bench_stable,seq_mem_read_single,24730331.54,43418011693,
2026-05-28T07:04:19,gcp-c4d-standard-8-lssd,AMD EPYC 9B45,bench_stable,seq_mem_read_threaded,22488510.42,47746240361,
2026-05-28T07:04:19,gcp-c4d-standard-8-lssd,AMD EPYC 9B45,bench_stable,serialization_fast,44.09,3538561578,
2026-05-28T07:04:19,gcp-c4d-standard-8-lssd,AMD EPYC 9B45,bench_stable,serialization,545.49,262147469,
2026-05-28T07:04:19,gcp-c4d-standard-8-lssd,AMD EPYC 9B45,bench_stable,sort_64bit,,825351095,
2026-05-28T07:04:19,gcp-c4d-standard-8-lssd,AMD EPYC 9B45,bench_stable,ssd_read_random,78438.68,104438266,
2026-05-28T07:04:19,gcp-c4d-standard-8-lssd,AMD EPYC 9B45,bench_stable,ssd_read_seq,598.37,13690582335,
2026-05-28T07:04:19,gcp-c4d-standard-8-lssd,AMD EPYC 9B45,bench_stable,ssd_write_fsync,92406.28,88651988,
2026-05-28T07:04:19,gcp-c4d-standard-8-lssd,AMD EPYC 9B45,bench_stable,ssd_write_no_fsync,20623.76,397211822,
2026-05-28T07:04:19,gcp-c4d-standard-8-lssd,AMD EPYC 9B45,bench_stable,syscall,77.63,,
2026-05-28T07:04:19,gcp-c4d-standard-8-lssd,AMD EPYC 9B45,bench_stable,tcp_echo,9047.01,3621971416,
2026-05-29T07:15:12,gcp-c4a-standard-8-lssd,Neoverse-V2,bench_stable,compression,60593.63,17305054778,
2026-05-29T07:15:12,gcp-c4a-standard-8-lssd,Neoverse-V2,bench_stable,context_switch,3407.72,,
2026-05-29T07:15:12,gcp-c4a-standard-8-lssd,Neoverse-V2,bench_stable,decompression,628500.73,1668376755,
2026-05-29T07:15:12,gcp-c4a-standard-8-lssd,Neoverse-V2,bench_stable,deserialization_fast,107.70,1448503257,
2026-05-29T07:15:12,gcp-c4a-standard-8-lssd,Neoverse-V2,bench_stable,deserialization,435.77,328157626,
2026-05-29T07:15:12,gcp-c4a-standard-8-lssd,Neoverse-V2,bench_stable,hash_crypto,409.22,156394715,
2026-05-29T07:15:12,gcp-c4a-standard-8-lssd,Neoverse-V2,bench_stable,hash_non_crypto,57.51,1112874745,
2026-05-29T07:15:12,gcp-c4a-standard-8-lssd,Neoverse-V2,bench_stable,hash_siphash,47.61,1344298201,
2026-05-29T07:15:12,gcp-c4a-standard-8-lssd,Neoverse-V2,bench_stable,mem_random_rw,161.12,397231737,
2026-05-29T07:15:12,gcp-c4a-standard-8-lssd,Neoverse-V2,bench_stable,seq_mem_read_single,40673295.54,26399184271,
2026-05-29T07:15:12,gcp-c4a-standard-8-lssd,Neoverse-V2,bench_stable,seq_mem_read_threaded,6346939.39,169174740536,
2026-05-29T07:15:12,gcp-c4a-standard-8-lssd,Neoverse-V2,bench_stable,serialization_fast,67.98,2294643342,
2026-05-29T07:15:12,gcp-c4a-standard-8-lssd,Neoverse-V2,bench_stable,serialization,592.44,241374338,
2026-05-29T07:15:12,gcp-c4a-standard-8-lssd,Neoverse-V2,bench_stable,sort_64bit,,613988080,
2026-05-29T07:15:12,gcp-c4a-standard-8-lssd,Neoverse-V2,bench_stable,ssd_read_random,78190.76,104769414,
2026-05-29T07:15:12,gcp-c4a-standard-8-lssd,Neoverse-V2,bench_stable,ssd_read_seq,911.47,8987669199,
2026-05-29T07:15:12,gcp-c4a-standard-8-lssd,Neoverse-V2,bench_stable,ssd_write_fsync,93452.89,87659145,
2026-05-29T07:15:12,gcp-c4a-standard-8-lssd,Neoverse-V2,bench_stable,ssd_write_no_fsync,12901.43,634968266,
2026-05-29T07:15:12,gcp-c4a-standard-8-lssd,Neoverse-V2,bench_stable,syscall,213.96,,
2026-05-29T07:15:12,gcp-c4a-standard-8-lssd,Neoverse-V2,bench_stable,tcp_echo,17462.80,1876446344,
2026-05-29T07:15:32,gcp-c4d-standard-8-lssd,AMD EPYC 9B45,bench_stable,compression,32760.33,32007490662,
2026-05-29T07:15:32,gcp-c4d-standard-8-lssd,AMD EPYC 9B45,bench_stable,context_switch,2349.95,,
2026-05-29T07:15:32,gcp-c4d-standard-8-lssd,AMD EPYC 9B45,bench_stable,decompression,314955.77,3329280148,
2026-05-29T07:15:32,gcp-c4d-standard-8-lssd,AMD EPYC 9B45,bench_stable,deserialization_fast,68.03,2292960033,
2026-05-29T07:15:32,gcp-c4d-standard-8-lssd,AMD EPYC 9B45,bench_stable,deserialization,306.34,466803694,
2026-05-29T07:15:32,gcp-c4d-standard-8-lssd,AMD EPYC 9B45,bench_stable,hash_crypto,119.41,535951501,
2026-05-29T07:15:32,gcp-c4d-standard-8-lssd,AMD EPYC 9B45,bench_stable,hash_non_crypto,31.76,2014892197,
2026-05-29T07:15:32,gcp-c4d-standard-8-lssd,AMD EPYC 9B45,bench_stable,hash_siphash,33.17,1929280408,
2026-05-29T07:15:32,gcp-c4d-standard-8-lssd,AMD EPYC 9B45,bench_stable,mem_random_rw,166.76,383790066,
2026-05-29T07:15:32,gcp-c4d-standard-8-lssd,AMD EPYC 9B45,bench_stable,seq_mem_read_single,24505572.69,43816230607,
2026-05-29T07:15:32,gcp-c4d-standard-8-lssd,AMD EPYC 9B45,bench_stable,seq_mem_read_threaded,22711930.49,47276554703,
2026-05-29T07:15:32,gcp-c4d-standard-8-lssd,AMD EPYC 9B45,bench_stable,serialization_fast,43.35,3598552488,
2026-05-29T07:15:32,gcp-c4d-standard-8-lssd,AMD EPYC 9B45,bench_stable,serialization,541.42,264118578,
2026-05-29T07:15:32,gcp-c4d-standard-8-lssd,AMD EPYC 9B45,bench_stable,sort_64bit,,849989639,
2026-05-29T07:15:32,gcp-c4d-standard-8-lssd,AMD EPYC 9B45,bench_stable,ssd_read_random,79597.73,102917503,
2026-05-29T07:15:32,gcp-c4d-standard-8-lssd,AMD EPYC 9B45,bench_stable,ssd_read_seq,594.02,13790700855,
2026-05-29T07:15:32,gcp-c4d-standard-8-lssd,AMD EPYC 9B45,bench_stable,ssd_write_fsync,93290.63,87811603,
2026-05-29T07:15:32,gcp-c4d-standard-8-lssd,AMD EPYC 9B45,bench_stable,ssd_write_no_fsync,20421.73,401141254,
2026-05-29T07:15:32,gcp-c4d-standard-8-lssd,AMD EPYC 9B45,bench_stable,syscall,76.54,,
2026-05-29T07:15:32,gcp-c4d-standard-8-lssd,AMD EPYC 9B45,bench_stable,tcp_echo,8517.88,3846966876,
2026-05-29T07:34:20,gcp-c4-standard-8-lssd,Intel Xeon 6985P-C,bench_stable,compression,34470.55,30419474864,
2026-05-29T07:34:20,gcp-c4-standard-8-lssd,Intel Xeon 6985P-C,bench_stable,context_switch,3512.77,,
2026-05-29T07:34:20,gcp-c4-standard-8-lssd,Intel Xeon 6985P-C,bench_stable,decompression,403552.33,2598364400,
2026-05-29T07:34:20,gcp-c4-standard-8-lssd,Intel Xeon 6985P-C,bench_stable,deserialization_fast,68.28,2284670304,
2026-05-29T07:34:20,gcp-c4-standard-8-lssd,Intel Xeon 6985P-C,bench_stable,deserialization,331.15,431825358,
2026-05-29T07:34:20,gcp-c4-standard-8-lssd,Intel Xeon 6985P-C,bench_stable,hash_crypto,122.25,523526092,
2026-05-29T07:34:20,gcp-c4-standard-8-lssd,Intel Xeon 6985P-C,bench_stable,hash_non_crypto,39.83,1606958001,
2026-05-29T07:34:20,gcp-c4-standard-8-lssd,Intel Xeon 6985P-C,bench_stable,hash_siphash,40.82,1567759903,
2026-05-29T07:34:20,gcp-c4-standard-8-lssd,Intel Xeon 6985P-C,bench_stable,mem_random_rw,205.80,310976577,
2026-05-29T07:34:20,gcp-c4-standard-8-lssd,Intel Xeon 6985P-C,bench_stable,seq_mem_read_single,48245927.09,22255595215,
2026-05-29T07:34:20,gcp-c4-standard-8-lssd,Intel Xeon 6985P-C,bench_stable,seq_mem_read_threaded,12463580.40,86150350810,
2026-05-29T07:34:20,gcp-c4-standard-8-lssd,Intel Xeon 6985P-C,bench_stable,serialization_fast,44.51,3504898827,
2026-05-29T07:34:20,gcp-c4-standard-8-lssd,Intel Xeon 6985P-C,bench_stable,serialization,496.90,287784330,
2026-05-29T07:34:20,gcp-c4-standard-8-lssd,Intel Xeon 6985P-C,bench_stable,sort_64bit,,706063455,
2026-05-29T07:34:20,gcp-c4-standard-8-lssd,Intel Xeon 6985P-C,bench_stable,ssd_read_random,93003.90,88082324,
2026-05-29T07:34:20,gcp-c4-standard-8-lssd,Intel Xeon 6985P-C,bench_stable,ssd_read_seq,1088.90,7523183287,
2026-05-29T07:34:20,gcp-c4-standard-8-lssd,Intel Xeon 6985P-C,bench_stable,ssd_write_fsync,157294.22,52080745,
2026-05-29T07:34:20,gcp-c4-standard-8-lssd,Intel Xeon 6985P-C,bench_stable,ssd_write_no_fsync,14578.05,561940723,
2026-05-29T07:34:20,gcp-c4-standard-8-lssd,Intel Xeon 6985P-C,bench_stable,syscall,103.74,,
2026-05-29T07:34:20,gcp-c4-standard-8-lssd,Intel Xeon 6985P-C,bench_stable,tcp_echo,51005.19,642444439,
2026-05-30T04:19:25,gcp-c4a-standard-8-lssd,Neoverse-V2,bench_stable,compression,47830.57,21922717710,
2026-05-30T04:19:25,gcp-c4a-standard-8-lssd,Neoverse-V2,bench_stable,context_switch,3293.15,,
2026-05-30T04:19:25,gcp-c4a-standard-8-lssd,Neoverse-V2,bench_stable,decompression,618613.86,1695041240,
2026-05-30T04:19:25,gcp-c4a-standard-8-lssd,Neoverse-V2,bench_stable,deserialization_fast,107.43,1452152549,
2026-05-30T04:19:25,gcp-c4a-standard-8-lssd,Neoverse-V2,bench_stable,deserialization,442.56,323120122,
2026-05-30T04:19:25,gcp-c4a-standard-8-lssd,Neoverse-V2,bench_stable,hash_crypto,407.13,157199322,
2026-05-30T04:19:25,gcp-c4a-standard-8-lssd,Neoverse-V2,bench_stable,hash_non_crypto,57.26,1117647121,
2026-05-30T04:19:25,gcp-c4a-standard-8-lssd,Neoverse-V2,bench_stable,hash_siphash,47.61,1344267204,
2026-05-30T04:19:25,gcp-c4a-standard-8-lssd,Neoverse-V2,bench_stable,mem_random_rw,151.28,423070533,
2026-05-30T04:19:25,gcp-c4a-standard-8-lssd,Neoverse-V2,bench_stable,seq_mem_read_single,38848579.98,27639152436,
2026-05-30T04:19:25,gcp-c4a-standard-8-lssd,Neoverse-V2,bench_stable,seq_mem_read_threaded,6086882.86,176402577209,
2026-05-30T04:19:25,gcp-c4a-standard-8-lssd,Neoverse-V2,bench_stable,serialization_fast,67.88,2298165415,
2026-05-30T04:19:25,gcp-c4a-standard-8-lssd,Neoverse-V2,bench_stable,serialization,592.67,241279944,
2026-05-30T04:19:25,gcp-c4a-standard-8-lssd,Neoverse-V2,bench_stable,sort_64bit,,616725994,
2026-05-30T04:19:25,gcp-c4a-standard-8-lssd,Neoverse-V2,bench_stable,ssd_read_random,75822.89,108041249,
2026-05-30T04:19:25,gcp-c4a-standard-8-lssd,Neoverse-V2,bench_stable,ssd_read_seq,872.84,9385415383,
2026-05-30T04:19:25,gcp-c4a-standard-8-lssd,Neoverse-V2,bench_stable,ssd_write_fsync,94053.96,87098935,
2026-05-30T04:19:25,gcp-c4a-standard-8-lssd,Neoverse-V2,bench_stable,ssd_write_no_fsync,14523.61,564046919,
2026-05-30T04:19:25,gcp-c4a-standard-8-lssd,Neoverse-V2,bench_stable,syscall,223.74,,
2026-05-30T04:19:25,gcp-c4a-standard-8-lssd,Neoverse-V2,bench_stable,tcp_echo,17880.17,1832644296,
2026-05-30T04:19:32,gcp-c4-standard-8-lssd,Intel Xeon 6985P-C,bench_stable,compression,34815.14,30118392824,
2026-05-30T04:19:32,gcp-c4-standard-8-lssd,Intel Xeon 6985P-C,bench_stable,context_switch,2920.85,,
2026-05-30T04:19:32,gcp-c4-standard-8-lssd,Intel Xeon 6985P-C,bench_stable,decompression,401289.41,2613016878,
2026-05-30T04:19:32,gcp-c4-standard-8-lssd,Intel Xeon 6985P-C,bench_stable,deserialization_fast,68.21,2287194392,
2026-05-30T04:19:32,gcp-c4-standard-8-lssd,Intel Xeon 6985P-C,bench_stable,deserialization,330.23,433031072,
2026-05-30T04:19:32,gcp-c4-standard-8-lssd,Intel Xeon 6985P-C,bench_stable,hash_crypto,121.54,526589746,
2026-05-30T04:19:32,gcp-c4-standard-8-lssd,Intel Xeon 6985P-C,bench_stable,hash_non_crypto,39.57,1617327807,
2026-05-30T04:19:32,gcp-c4-standard-8-lssd,Intel Xeon 6985P-C,bench_stable,hash_siphash,40.66,1573907400,
2026-05-30T04:19:32,gcp-c4-standard-8-lssd,Intel Xeon 6985P-C,bench_stable,mem_random_rw,202.15,316600782,
2026-05-30T04:19:32,gcp-c4-standard-8-lssd,Intel Xeon 6985P-C,bench_stable,seq_mem_read_single,51726840.87,20757923854,
2026-05-30T04:19:32,gcp-c4-standard-8-lssd,Intel Xeon 6985P-C,bench_stable,seq_mem_read_threaded,12906386.08,83194615235,
2026-05-30T04:19:32,gcp-c4-standard-8-lssd,Intel Xeon 6985P-C,bench_stable,serialization_fast,45.13,3456720431,
2026-05-30T04:19:32,gcp-c4-standard-8-lssd,Intel Xeon 6985P-C,bench_stable,serialization,492.34,290450687,
2026-05-30T04:19:32,gcp-c4-standard-8-lssd,Intel Xeon 6985P-C,bench_stable,sort_64bit,,706167409,
2026-05-30T04:19:32,gcp-c4-standard-8-lssd,Intel Xeon 6985P-C,bench_stable,ssd_read_random,93763.37,87368878,
2026-05-30T04:19:32,gcp-c4-standard-8-lssd,Intel Xeon 6985P-C,bench_stable,ssd_read_seq,1049.24,7807535963,
2026-05-30T04:19:32,gcp-c4-standard-8-lssd,Intel Xeon 6985P-C,bench_stable,ssd_write_fsync,154435.93,53044652,
2026-05-30T04:19:32,gcp-c4-standard-8-lssd,Intel Xeon 6985P-C,bench_stable,ssd_write_no_fsync,15613.61,524670516,
2026-05-30T04:19:32,gcp-c4-standard-8-lssd,Intel Xeon 6985P-C,bench_stable,syscall,103.28,,
2026-05-30T04:19:32,gcp-c4-standard-8-lssd,Intel Xeon 6985P-C,bench_stable,tcp_echo,51863.17,631816331,
2026-05-30T04:19:33,gcp-c4d-standard-8-lssd,AMD EPYC 9B45,bench_stable,compression,32503.85,32260051843,
2026-05-30T04:19:33,gcp-c4d-standard-8-lssd,AMD EPYC 9B45,bench_stable,context_switch,2193.52,,
2026-05-30T04:19:33,gcp-c4d-standard-8-lssd,AMD EPYC 9B45,bench_stable,decompression,313220.15,3347728385,
2026-05-30T04:19:33,gcp-c4d-standard-8-lssd,AMD EPYC 9B45,bench_stable,deserialization_fast,67.62,2306888095,
2026-05-30T04:19:33,gcp-c4d-standard-8-lssd,AMD EPYC 9B45,bench_stable,deserialization,305.56,467999314,
2026-05-30T04:19:33,gcp-c4d-standard-8-lssd,AMD EPYC 9B45,bench_stable,hash_crypto,116.13,551115537,
2026-05-30T04:19:33,gcp-c4d-standard-8-lssd,AMD EPYC 9B45,bench_stable,hash_non_crypto,31.55,2028334212,
2026-05-30T04:19:33,gcp-c4d-standard-8-lssd,AMD EPYC 9B45,bench_stable,hash_siphash,33.06,1936013691,
2026-05-30T04:19:33,gcp-c4d-standard-8-lssd,AMD EPYC 9B45,bench_stable,mem_random_rw,159.73,400668325,
2026-05-30T04:19:33,gcp-c4d-standard-8-lssd,AMD EPYC 9B45,bench_stable,seq_mem_read_single,22501950.67,47717721888,
2026-05-30T04:19:33,gcp-c4d-standard-8-lssd,AMD EPYC 9B45,bench_stable,seq_mem_read_threaded,20497117.14,52385016717,
2026-05-30T04:19:33,gcp-c4d-standard-8-lssd,AMD EPYC 9B45,bench_stable,serialization_fast,44.63,3495687061,
2026-05-30T04:19:33,gcp-c4d-standard-8-lssd,AMD EPYC 9B45,bench_stable,serialization,540.19,264722885,
2026-05-30T04:19:33,gcp-c4d-standard-8-lssd,AMD EPYC 9B45,bench_stable,sort_64bit,,851853187,
2026-05-30T04:19:33,gcp-c4d-standard-8-lssd,AMD EPYC 9B45,bench_stable,ssd_read_random,78842.36,103903537,
2026-05-30T04:19:33,gcp-c4d-standard-8-lssd,AMD EPYC 9B45,bench_stable,ssd_read_seq,565.14,14495418240,
2026-05-30T04:19:33,gcp-c4d-standard-8-lssd,AMD EPYC 9B45,bench_stable,ssd_write_fsync,92258.14,88794337,
2026-05-30T04:19:33,gcp-c4d-standard-8-lssd,AMD EPYC 9B45,bench_stable,ssd_write_no_fsync,20489.04,399823589,
2026-05-30T04:19:33,gcp-c4d-standard-8-lssd,AMD EPYC 9B45,bench_stable,syscall,75.76,,
2026-05-30T04:19:33,gcp-c4d-standard-8-lssd,AMD EPYC 9B45,bench_stable,tcp_echo,8185.46,4003196544,
2026-05-31T09:16:07,gcp-c4a-standard-8-lssd,Neoverse-V2,bench_stable,compression,53679.48,19534020386,
2026-05-31T09:16:07,gcp-c4a-standard-8-lssd,Neoverse-V2,bench_stable,context_switch,3394.43,,
2026-05-31T09:16:07,gcp-c4a-standard-8-lssd,Neoverse-V2,bench_stable,decompression,622664.96,1684013191,
2026-05-31T09:16:07,gcp-c4a-standard-8-lssd,Neoverse-V2,bench_stable,deserialization_fast,107.45,1451885338,
2026-05-31T09:16:07,gcp-c4a-standard-8-lssd,Neoverse-V2,bench_stable,deserialization,444.11,321994977,
2026-05-31T09:16:07,gcp-c4a-standard-8-lssd,Neoverse-V2,bench_stable,hash_crypto,407.12,157203143,
2026-05-31T09:16:07,gcp-c4a-standard-8-lssd,Neoverse-V2,bench_stable,hash_non_crypto,57.28,1117403057,
2026-05-31T09:16:07,gcp-c4a-standard-8-lssd,Neoverse-V2,bench_stable,hash_siphash,47.75,1340180588,
2026-05-31T09:16:07,gcp-c4a-standard-8-lssd,Neoverse-V2,bench_stable,mem_random_rw,156.80,408166043,
2026-05-31T09:16:07,gcp-c4a-standard-8-lssd,Neoverse-V2,bench_stable,seq_mem_read_single,39585728.49,27124467960,
2026-05-31T09:16:07,gcp-c4a-standard-8-lssd,Neoverse-V2,bench_stable,seq_mem_read_threaded,6598602.57,162722608707,
2026-05-31T09:16:07,gcp-c4a-standard-8-lssd,Neoverse-V2,bench_stable,serialization_fast,67.83,2299748862,
2026-05-31T09:16:07,gcp-c4a-standard-8-lssd,Neoverse-V2,bench_stable,serialization,592.56,241327280,
2026-05-31T09:16:07,gcp-c4a-standard-8-lssd,Neoverse-V2,bench_stable,sort_64bit,,612151803,
2026-05-31T09:16:07,gcp-c4a-standard-8-lssd,Neoverse-V2,bench_stable,ssd_read_random,76358.95,107282781,
2026-05-31T09:16:07,gcp-c4a-standard-8-lssd,Neoverse-V2,bench_stable,ssd_read_seq,897.29,9129671764,
2026-05-31T09:16:07,gcp-c4a-standard-8-lssd,Neoverse-V2,bench_stable,ssd_write_fsync,95156.57,86089696,
2026-05-31T09:16:07,gcp-c4a-standard-8-lssd,Neoverse-V2,bench_stable,ssd_write_no_fsync,12582.97,651038514,
2026-05-31T09:16:07,gcp-c4a-standard-8-lssd,Neoverse-V2,bench_stable,syscall,223.99,,
2026-05-31T09:16:07,gcp-c4a-standard-8-lssd,Neoverse-V2,bench_stable,tcp_echo,18254.45,1795069167,
2026-05-31T09:16:23,gcp-c4-standard-8-lssd,Intel Xeon 6985P-C,bench_stable,compression,34952.18,30000304793,
2026-05-31T09:16:23,gcp-c4-standard-8-lssd,Intel Xeon 6985P-C,bench_stable,context_switch,3119.97,,
2026-05-31T09:16:23,gcp-c4-standard-8-lssd,Intel Xeon 6985P-C,bench_stable,decompression,406983.68,2576457093,
2026-05-31T09:16:23,gcp-c4-standard-8-lssd,Intel Xeon 6985P-C,bench_stable,deserialization_fast,69.35,2249501463,
2026-05-31T09:16:23,gcp-c4-standard-8-lssd,Intel Xeon 6985P-C,bench_stable,deserialization,335.24,426565907,
2026-05-31T09:16:23,gcp-c4-standard-8-lssd,Intel Xeon 6985P-C,bench_stable,hash_crypto,123.33,518916858,
2026-05-31T09:16:23,gcp-c4-standard-8-lssd,Intel Xeon 6985P-C,bench_stable,hash_non_crypto,40.11,1595501035,
2026-05-31T09:16:23,gcp-c4-standard-8-lssd,Intel Xeon 6985P-C,bench_stable,hash_siphash,41.21,1552849417,
2026-05-31T09:16:23,gcp-c4-standard-8-lssd,Intel Xeon 6985P-C,bench_stable,mem_random_rw,202.56,315959599,
2026-05-31T09:16:23,gcp-c4-standard-8-lssd,Intel Xeon 6985P-C,bench_stable,seq_mem_read_single,44982192.16,23870375642,
2026-05-31T09:16:23,gcp-c4-standard-8-lssd,Intel Xeon 6985P-C,bench_stable,seq_mem_read_threaded,12813302.13,83798993668,
2026-05-31T09:16:23,gcp-c4-standard-8-lssd,Intel Xeon 6985P-C,bench_stable,serialization_fast,45.34,3440334947,
2026-05-31T09:16:23,gcp-c4-standard-8-lssd,Intel Xeon 6985P-C,bench_stable,serialization,499.08,286528706,
2026-05-31T09:16:23,gcp-c4-standard-8-lssd,Intel Xeon 6985P-C,bench_stable,sort_64bit,,695519571,
2026-05-31T09:16:23,gcp-c4-standard-8-lssd,Intel Xeon 6985P-C,bench_stable,ssd_read_random,95515.15,85766497,
2026-05-31T09:16:23,gcp-c4-standard-8-lssd,Intel Xeon 6985P-C,bench_stable,ssd_read_seq,1074.99,7620528455,
2026-05-31T09:16:23,gcp-c4-standard-8-lssd,Intel Xeon 6985P-C,bench_stable,ssd_write_fsync,178080.72,46001610,
2026-05-31T09:16:23,gcp-c4-standard-8-lssd,Intel Xeon 6985P-C,bench_stable,ssd_write_no_fsync,14920.23,549053333,
2026-05-31T09:16:23,gcp-c4-standard-8-lssd,Intel Xeon 6985P-C,bench_stable,syscall,105.32,,
2026-05-31T09:16:23,gcp-c4-standard-8-lssd,Intel Xeon 6985P-C,bench_stable,tcp_echo,52152.80,628307589,
2026-05-31T09:16:23,gcp-c4d-standard-8-lssd,AMD EPYC 9B45,bench_stable,compression,32991.52,31783193564,
2026-05-31T09:16:23,gcp-c4d-standard-8-lssd,AMD EPYC 9B45,bench_stable,context_switch,2387.01,,
2026-05-31T09:16:23,gcp-c4d-standard-8-lssd,AMD EPYC 9B45,bench_stable,decompression,316715.25,3310784654,
2026-05-31T09:16:23,gcp-c4d-standard-8-lssd,AMD EPYC 9B45,bench_stable,deserialization_fast,66.83,2334192253,
2026-05-31T09:16:23,gcp-c4d-standard-8-lssd,AMD EPYC 9B45,bench_stable,deserialization,299.95,476744876,
2026-05-31T09:16:23,gcp-c4d-standard-8-lssd,AMD EPYC 9B45,bench_stable,hash_crypto,119.89,533818750,
2026-05-31T09:16:23,gcp-c4d-standard-8-lssd,AMD EPYC 9B45,bench_stable,hash_non_crypto,32.04,1997238130,
2026-05-31T09:16:23,gcp-c4d-standard-8-lssd,AMD EPYC 9B45,bench_stable,hash_siphash,33.61,1903973197,
2026-05-31T09:16:23,gcp-c4d-standard-8-lssd,AMD EPYC 9B45,bench_stable,mem_random_rw,165.74,386139505,
2026-05-31T09:16:23,gcp-c4d-standard-8-lssd,AMD EPYC 9B45,bench_stable,seq_mem_read_single,24585109.44,43674478112,
2026-05-31T09:16:23,gcp-c4d-standard-8-lssd,AMD EPYC 9B45,bench_stable,seq_mem_read_threaded,22538757.67,47639796296,
2026-05-31T09:16:23,gcp-c4d-standard-8-lssd,AMD EPYC 9B45,bench_stable,serialization_fast,46.18,3378186721,
2026-05-31T09:16:23,gcp-c4d-standard-8-lssd,AMD EPYC 9B45,bench_stable,serialization,544.87,262447958,
2026-05-31T09:16:23,gcp-c4d-standard-8-lssd,AMD EPYC 9B45,bench_stable,sort_64bit,,835822925,
2026-05-31T09:16:23,gcp-c4d-standard-8-lssd,AMD EPYC 9B45,bench_stable,ssd_read_random,79527.71,103008115,
2026-05-31T09:16:23,gcp-c4d-standard-8-lssd,AMD EPYC 9B45,bench_stable,ssd_read_seq,591.66,13845719911,
2026-05-31T09:16:23,gcp-c4d-standard-8-lssd,AMD EPYC 9B45,bench_stable,ssd_write_fsync,92386.93,88670549,
2026-05-31T09:16:23,gcp-c4d-standard-8-lssd,AMD EPYC 9B45,bench_stable,ssd_write_no_fsync,20662.01,396476372,
2026-05-31T09:16:23,gcp-c4d-standard-8-lssd,AMD EPYC 9B45,bench_stable,syscall,76.92,,
2026-05-31T09:16:23,gcp-c4d-standard-8-lssd,AMD EPYC 9B45,bench_stable,tcp_echo,9046.02,3622366215,
2026-06-01T05:23:03,gcp-c4a-standard-8-lssd,Neoverse-V2,bench_stable,compression,47598.29,22029699712,
2026-06-01T05:23:03,gcp-c4a-standard-8-lssd,Neoverse-V2,bench_stable,context_switch,3330.72,,
2026-06-01T05:23:03,gcp-c4a-standard-8-lssd,Neoverse-V2,bench_stable,decompression,620431.97,1690074096,
2026-06-01T05:23:03,gcp-c4a-standard-8-lssd,Neoverse-V2,bench_stable,deserialization_fast,107.39,1452671201,
2026-06-01T05:23:03,gcp-c4a-standard-8-lssd,Neoverse-V2,bench_stable,deserialization,435.47,328379919,
2026-06-01T05:23:03,gcp-c4a-standard-8-lssd,Neoverse-V2,bench_stable,hash_crypto,407.10,157209302,
2026-06-01T05:23:03,gcp-c4a-standard-8-lssd,Neoverse-V2,bench_stable,hash_non_crypto,57.26,1117675298,
2026-06-01T05:23:03,gcp-c4a-standard-8-lssd,Neoverse-V2,bench_stable,hash_siphash,47.80,1338971334,
2026-06-01T05:23:03,gcp-c4a-standard-8-lssd,Neoverse-V2,bench_stable,mem_random_rw,154.86,413266887,
2026-06-01T05:23:03,gcp-c4a-standard-8-lssd,Neoverse-V2,bench_stable,seq_mem_read_single,39392799.33,27257312053,
2026-06-01T05:23:03,gcp-c4a-standard-8-lssd,Neoverse-V2,bench_stable,seq_mem_read_threaded,6166778.54,174117136893,
2026-06-01T05:23:03,gcp-c4a-standard-8-lssd,Neoverse-V2,bench_stable,serialization_fast,67.77,2301824082,
2026-06-01T05:23:03,gcp-c4a-standard-8-lssd,Neoverse-V2,bench_stable,serialization,592.49,241352826,
2026-06-01T05:23:03,gcp-c4a-standard-8-lssd,Neoverse-V2,bench_stable,sort_64bit,,613933897,
2026-06-01T05:23:03,gcp-c4a-standard-8-lssd,Neoverse-V2,bench_stable,ssd_read_random,78327.67,104586291,
2026-06-01T05:23:03,gcp-c4a-standard-8-lssd,Neoverse-V2,bench_stable,ssd_read_seq,881.50,9293290767,
2026-06-01T05:23:03,gcp-c4a-standard-8-lssd,Neoverse-V2,bench_stable,ssd_write_fsync,93461.58,87650986,
2026-06-01T05:23:03,gcp-c4a-standard-8-lssd,Neoverse-V2,bench_stable,ssd_write_no_fsync,14186.89,577434683,
2026-06-01T05:23:03,gcp-c4a-standard-8-lssd,Neoverse-V2,bench_stable,syscall,223.96,,
2026-06-01T05:23:03,gcp-c4a-standard-8-lssd,Neoverse-V2,bench_stable,tcp_echo,17121.38,1913864510,
2026-06-01T05:23:14,gcp-c4d-standard-8-lssd,AMD EPYC 9B45,bench_stable,compression,32500.21,32263669674,
2026-06-01T05:23:14,gcp-c4d-standard-8-lssd,AMD EPYC 9B45,bench_stable,context_switch,2272.64,,
2026-06-01T05:23:14,gcp-c4d-standard-8-lssd,AMD EPYC 9B45,bench_stable,decompression,312544.82,3354962068,
2026-06-01T05:23:14,gcp-c4d-standard-8-lssd,AMD EPYC 9B45,bench_stable,deserialization_fast,66.26,2354520420,
2026-06-01T05:23:14,gcp-c4d-standard-8-lssd,AMD EPYC 9B45,bench_stable,deserialization,298.22,479514435,
2026-06-01T05:23:14,gcp-c4d-standard-8-lssd,AMD EPYC 9B45,bench_stable,hash_crypto,116.24,550603404,
2026-06-01T05:23:14,gcp-c4d-standard-8-lssd,AMD EPYC 9B45,bench_stable,hash_non_crypto,31.56,2027925075,
2026-06-01T05:23:14,gcp-c4d-standard-8-lssd,AMD EPYC 9B45,bench_stable,hash_siphash,33.06,1935868868,
2026-06-01T05:23:14,gcp-c4d-standard-8-lssd,AMD EPYC 9B45,bench_stable,mem_random_rw,158.91,402742160,
2026-06-01T05:23:14,gcp-c4d-standard-8-lssd,AMD EPYC 9B45,bench_stable,seq_mem_read_single,23118480.05,46445173807,
2026-06-01T05:23:14,gcp-c4d-standard-8-lssd,AMD EPYC 9B45,bench_stable,seq_mem_read_threaded,20706206.32,51856038100,
2026-06-01T05:23:14,gcp-c4d-standard-8-lssd,AMD EPYC 9B45,bench_stable,serialization_fast,45.85,3402718084,
2026-06-01T05:23:14,gcp-c4d-standard-8-lssd,AMD EPYC 9B45,bench_stable,serialization,539.98,264824929,
2026-06-01T05:23:14,gcp-c4d-standard-8-lssd,AMD EPYC 9B45,bench_stable,sort_64bit,,855292669,
2026-06-01T05:23:14,gcp-c4d-standard-8-lssd,AMD EPYC 9B45,bench_stable,ssd_read_random,77580.88,105593022,
2026-06-01T05:23:14,gcp-c4d-standard-8-lssd,AMD EPYC 9B45,bench_stable,ssd_read_seq,573.39,14287055091,
2026-06-01T05:23:14,gcp-c4d-standard-8-lssd,AMD EPYC 9B45,bench_stable,ssd_write_fsync,92420.83,88638031,
2026-06-01T05:23:14,gcp-c4d-standard-8-lssd,AMD EPYC 9B45,bench_stable,ssd_write_no_fsync,20449.31,400600241,
2026-06-01T05:23:14,gcp-c4d-standard-8-lssd,AMD EPYC 9B45,bench_stable,syscall,75.83,,
2026-06-01T05:23:14,gcp-c4d-standard-8-lssd,AMD EPYC 9B45,bench_stable,tcp_echo,8848.34,3703293491,
2026-06-01T05:23:18,gcp-c4-standard-8-lssd,Intel Xeon 6985P-C,bench_stable,compression,34364.82,30513067681,
2026-06-01T05:23:18,gcp-c4-standard-8-lssd,Intel Xeon 6985P-C,bench_stable,context_switch,3636.28,,
2026-06-01T05:23:18,gcp-c4-standard-8-lssd,Intel Xeon 6985P-C,bench_stable,decompression,400990.49,2614964727,
2026-06-01T05:23:18,gcp-c4-standard-8-lssd,Intel Xeon 6985P-C,bench_stable,deserialization_fast,68.14,2289408114,
2026-06-01T05:23:18,gcp-c4-standard-8-lssd,Intel Xeon 6985P-C,bench_stable,deserialization,329.57,433904717,
2026-06-01T05:23:18,gcp-c4-standard-8-lssd,Intel Xeon 6985P-C,bench_stable,hash_crypto,121.54,526580111,
2026-06-01T05:23:18,gcp-c4-standard-8-lssd,Intel Xeon 6985P-C,bench_stable,hash_non_crypto,39.56,1617660836,
2026-06-01T05:23:18,gcp-c4-standard-8-lssd,Intel Xeon 6985P-C,bench_stable,hash_siphash,40.66,1574184920,
2026-06-01T05:23:18,gcp-c4-standard-8-lssd,Intel Xeon 6985P-C,bench_stable,mem_random_rw,197.76,323616489,
2026-06-01T05:23:18,gcp-c4-standard-8-lssd,Intel Xeon 6985P-C,bench_stable,seq_mem_read_single,47776807.64,22474122426,
2026-06-01T05:23:18,gcp-c4-standard-8-lssd,Intel Xeon 6985P-C,bench_stable,seq_mem_read_threaded,12693568.57,84589437390,
2026-06-01T05:23:18,gcp-c4-standard-8-lssd,Intel Xeon 6985P-C,bench_stable,serialization_fast,44.89,3475316359,
2026-06-01T05:23:18,gcp-c4-standard-8-lssd,Intel Xeon 6985P-C,bench_stable,serialization,491.96,290676959,
2026-06-01T05:23:18,gcp-c4-standard-8-lssd,Intel Xeon 6985P-C,bench_stable,sort_64bit,,711830473,
2026-06-01T05:23:18,gcp-c4-standard-8-lssd,Intel Xeon 6985P-C,bench_stable,ssd_read_random,91674.44,89359695,
2026-06-01T05:23:18,gcp-c4-standard-8-lssd,Intel Xeon 6985P-C,bench_stable,ssd_read_seq,1042.93,7854775363,
2026-06-01T05:23:18,gcp-c4-standard-8-lssd,Intel Xeon 6985P-C,bench_stable,ssd_write_fsync,164430.40,49820471,
2026-06-01T05:23:18,gcp-c4-standard-8-lssd,Intel Xeon 6985P-C,bench_stable,ssd_write_no_fsync,15524.83,527670871,
2026-06-01T05:23:18,gcp-c4-standard-8-lssd,Intel Xeon 6985P-C,bench_stable,syscall,103.22,,
2026-06-01T05:23:18,gcp-c4-standard-8-lssd,Intel Xeon 6985P-C,bench_stable,tcp_echo,51049.30,641889304,
2026-06-01T06:30:03,aws-c7i.8xlarge,Intel Xeon Platinum 8488C,bench_stable,seq_mem_read_single,93070245.77,11536896837,
2026-06-01T06:30:03,aws-c7i.8xlarge,Intel Xeon Platinum 8488C,bench_stable,seq_mem_read_threaded,6643567.44,161621272652,
2026-06-01T06:30:03,aws-c7i.8xlarge,Intel Xeon Platinum 8488C,bench_stable,mem_random_rw,221.44,289022761,
2026-06-01T06:30:03,aws-c7i.8xlarge,Intel Xeon Platinum 8488C,bench_stable,syscall,121.69,,
2026-06-01T06:30:03,aws-c7i.8xlarge,Intel Xeon Platinum 8488C,bench_stable,context_switch,7246.72,,
2026-06-01T06:30:03,aws-c7i.8xlarge,Intel Xeon Platinum 8488C,bench_stable,hash_non_crypto,45.55,1404928239,
2026-06-01T06:30:03,aws-c7i.8xlarge,Intel Xeon Platinum 8488C,bench_stable,hash_crypto,141.92,450948238,
2026-06-01T06:30:03,aws-c7i.8xlarge,Intel Xeon Platinum 8488C,bench_stable,sort_64bit,,618781234,
2026-06-01T06:30:03,aws-c7i.8xlarge,Intel Xeon Platinum 8488C,bench_stable,compression,37409.98,28029311885,
2026-06-01T06:30:03,aws-c7i.8xlarge,Intel Xeon Platinum 8488C,bench_stable,decompression,575888.20,1820797848,
2026-06-01T06:30:03,aws-c7i.8xlarge,Intel Xeon Platinum 8488C,bench_stable,serialization_fast,63.31,2464189227,
2026-06-01T06:30:03,aws-c7i.8xlarge,Intel Xeon Platinum 8488C,bench_stable,deserialization_fast,80.00,1949887712,
2026-06-01T06:30:03,aws-c7i.8xlarge,Intel Xeon Platinum 8488C,bench_stable,serialization,561.99,254454399,
2026-06-01T06:30:03,aws-c7i.8xlarge,Intel Xeon Platinum 8488C,bench_stable,deserialization,380.53,375790770,
2026-06-01T06:30:03,aws-c7i.8xlarge,Intel Xeon Platinum 8488C,bench_stable,ssd_read_seq,62465.42,131144563,
2026-06-01T06:30:03,aws-c7i.8xlarge,Intel Xeon Platinum 8488C,bench_stable,ssd_write_no_fsync,5504.40,1488264442,
2026-06-01T06:30:03,aws-c7i.8xlarge,Intel Xeon Platinum 8488C,bench_stable,ssd_write_fsync,3908235.32,2096087,
2026-06-01T06:30:03,aws-c7i.8xlarge,Intel Xeon Platinum 8488C,bench_stable,ssd_read_random,732416.23,11184897,
2026-06-01T06:30:03,aws-c7i.8xlarge,Intel Xeon Platinum 8488C,bench_stable,tcp_echo,54975.55,596046741,
2026-06-01T17:20:18,aws-c7i.12xlarge,Intel Xeon Platinum 8488C,bench_stable,seq_mem_read_single,90839525.16,11820205159,
2026-06-01T17:20:18,aws-c7i.12xlarge,Intel Xeon Platinum 8488C,bench_stable,seq_mem_read_threaded,5637181.64,190474938213,
2026-06-01T17:20:18,aws-c7i.12xlarge,Intel Xeon Platinum 8488C,bench_stable,mem_random_rw,219.80,291175875,
2026-06-01T17:20:18,aws-c7i.12xlarge,Intel Xeon Platinum 8488C,bench_stable,syscall,118.46,,
2026-06-01T17:20:18,aws-c7i.12xlarge,Intel Xeon Platinum 8488C,bench_stable,context_switch,5760.58,,
2026-06-01T17:20:18,aws-c7i.12xlarge,Intel Xeon Platinum 8488C,bench_stable,hash_non_crypto,44.44,1440024916,
2026-06-01T17:20:18,aws-c7i.12xlarge,Intel Xeon Platinum 8488C,bench_stable,hash_crypto,138.46,462212018,
2026-06-01T17:20:18,aws-c7i.12xlarge,Intel Xeon Platinum 8488C,bench_stable,sort_64bit,,631776131,
2026-06-01T17:20:18,aws-c7i.12xlarge,Intel Xeon Platinum 8488C,bench_stable,compression,36497.61,28729988845,
2026-06-01T17:20:18,aws-c7i.12xlarge,Intel Xeon Platinum 8488C,bench_stable,decompression,564377.44,1857933941,
2026-06-01T17:20:18,aws-c7i.12xlarge,Intel Xeon Platinum 8488C,bench_stable,serialization_fast,61.34,2543391254,
2026-06-01T17:20:18,aws-c7i.12xlarge,Intel Xeon Platinum 8488C,bench_stable,deserialization_fast,77.42,2015103033,
2026-06-01T17:20:18,aws-c7i.12xlarge,Intel Xeon Platinum 8488C,bench_stable,serialization,557.98,256283210,
2026-06-01T17:20:18,aws-c7i.12xlarge,Intel Xeon Platinum 8488C,bench_stable,deserialization,365.75,390974663,
2026-06-01T17:20:18,aws-c7i.12xlarge,Intel Xeon Platinum 8488C,bench_stable,ssd_read_seq,62476.39,131121530,
2026-06-01T17:20:18,aws-c7i.12xlarge,Intel Xeon Platinum 8488C,bench_stable,ssd_write_no_fsync,3329.33,2460551576,
2026-06-01T17:20:18,aws-c7i.12xlarge,Intel Xeon Platinum 8488C,bench_stable,ssd_write_fsync,4048188.47,2023621,
2026-06-01T17:20:18,aws-c7i.12xlarge,Intel Xeon Platinum 8488C,bench_stable,ssd_read_random,853672.49,9596186,
2026-06-01T17:20:18,aws-c7i.12xlarge,Intel Xeon Platinum 8488C,bench_stable,tcp_echo,57335.38,571514522,
2026-06-02T21:11:54,gcp-c4a-standard-8-lssd,Neoverse-V2,bench_stable,seq_mem_read_single,39844855.38,26948066793,
2026-06-02T21:11:54,gcp-c4a-standard-8-lssd,Neoverse-V2,bench_stable,seq_mem_read_threaded,7162503.88,149911517351,
2026-06-02T21:11:54,gcp-c4a-standard-8-lssd,Neoverse-V2,bench_stable,seq_mem_write_single,43602379.88,24625761874,
2026-06-02T21:11:54,gcp-c4a-standard-8-lssd,Neoverse-V2,bench_stable,seq_mem_write_threaded,11523818.19,93175873324,
2026-06-02T21:11:54,gcp-c4a-standard-8-lssd,Neoverse-V2,bench_stable,mem_random_rw,154.71,413677848,
2026-06-02T21:11:54,gcp-c4a-standard-8-lssd,Neoverse-V2,bench_stable,syscall,227.59,,
2026-06-02T21:11:54,gcp-c4a-standard-8-lssd,Neoverse-V2,bench_stable,context_switch,3391.55,,
2026-06-02T21:11:54,gcp-c4a-standard-8-lssd,Neoverse-V2,bench_stable,hash_non_crypto,58.28,1098191590,
2026-06-02T21:11:54,gcp-c4a-standard-8-lssd,Neoverse-V2,bench_stable,hash_crypto,407.09,157214925,
2026-06-02T21:11:54,gcp-c4a-standard-8-lssd,Neoverse-V2,bench_stable,sort_64bit,,615903520,
2026-06-02T21:11:54,gcp-c4a-standard-8-lssd,Neoverse-V2,bench_stable,compression,63968.21,16392142269,
2026-06-02T21:11:54,gcp-c4a-standard-8-lssd,Neoverse-V2,bench_stable,decompression,628110.62,1669412939,
2026-06-02T21:11:54,gcp-c4a-standard-8-lssd,Neoverse-V2,bench_stable,serialization_fast,68.17,2288503731,
2026-06-02T21:11:54,gcp-c4a-standard-8-lssd,Neoverse-V2,bench_stable,deserialization_fast,94.75,1646492264,
2026-06-02T21:11:54,gcp-c4a-standard-8-lssd,Neoverse-V2,bench_stable,serialization,593.43,240971438,
2026-06-02T21:11:54,gcp-c4a-standard-8-lssd,Neoverse-V2,bench_stable,deserialization,437.00,327234600,
2026-06-02T21:11:54,gcp-c4a-standard-8-lssd,Neoverse-V2,bench_stable,ssd_read_seq,888.27,9222424113,
2026-06-02T21:11:54,gcp-c4a-standard-8-lssd,Neoverse-V2,bench_stable,ssd_write_no_fsync,14815.39,552938541,
2026-06-02T21:11:54,gcp-c4a-standard-8-lssd,Neoverse-V2,bench_stable,ssd_write_fsync,93501.82,87613265,
2026-06-02T21:11:54,gcp-c4a-standard-8-lssd,Neoverse-V2,bench_stable,ssd_read_random,75690.28,108230549,
2026-06-02T21:11:54,gcp-c4a-standard-8-lssd,Neoverse-V2,bench_stable,tcp_echo,18057.08,1814689530,
2026-06-02T21:12:10,gcp-c4d-standard-8-lssd,AMD EPYC 9B45,bench_stable,seq_mem_read_single,21718322.53,49439445537,
2026-06-02T21:12:10,gcp-c4d-standard-8-lssd,AMD EPYC 9B45,bench_stable,seq_mem_read_threaded,33360589.04,32185937206,
2026-06-02T21:12:10,gcp-c4d-standard-8-lssd,AMD EPYC 9B45,bench_stable,seq_mem_write_single,33560278.91,31994424922,
2026-06-02T21:12:10,gcp-c4d-standard-8-lssd,AMD EPYC 9B45,bench_stable,seq_mem_write_threaded,43880661.08,24469590874,
2026-06-02T21:12:10,gcp-c4d-standard-8-lssd,AMD EPYC 9B45,bench_stable,mem_random_rw,147.04,435252341,
2026-06-02T21:12:10,gcp-c4d-standard-8-lssd,AMD EPYC 9B45,bench_stable,syscall,77.89,,
2026-06-02T21:12:10,gcp-c4d-standard-8-lssd,AMD EPYC 9B45,bench_stable,context_switch,2271.51,,
2026-06-02T21:12:10,gcp-c4d-standard-8-lssd,AMD EPYC 9B45,bench_stable,hash_non_crypto,31.91,2005637632,
2026-06-02T21:12:10,gcp-c4d-standard-8-lssd,AMD EPYC 9B45,bench_stable,hash_crypto,117.48,544766906,
2026-06-02T21:12:10,gcp-c4d-standard-8-lssd,AMD EPYC 9B45,bench_stable,sort_64bit,,734721437,
2026-06-02T21:12:10,gcp-c4d-standard-8-lssd,AMD EPYC 9B45,bench_stable,compression,32413.52,32349954855,
2026-06-02T21:12:10,gcp-c4d-standard-8-lssd,AMD EPYC 9B45,bench_stable,decompression,312243.60,3358198529,
2026-06-02T21:12:10,gcp-c4d-standard-8-lssd,AMD EPYC 9B45,bench_stable,serialization_fast,47.00,3319289208,
2026-06-02T21:12:10,gcp-c4d-standard-8-lssd,AMD EPYC 9B45,bench_stable,deserialization_fast,70.25,2220488326,
2026-06-02T21:12:10,gcp-c4d-standard-8-lssd,AMD EPYC 9B45,bench_stable,serialization,536.72,266434511,
2026-06-02T21:12:10,gcp-c4d-standard-8-lssd,AMD EPYC 9B45,bench_stable,deserialization,295.60,483763604,
2026-06-02T21:12:10,gcp-c4d-standard-8-lssd,AMD EPYC 9B45,bench_stable,ssd_read_seq,510.62,16043361880,
2026-06-02T21:12:10,gcp-c4d-standard-8-lssd,AMD EPYC 9B45,bench_stable,ssd_write_no_fsync,20305.61,403435386,
2026-06-02T21:12:10,gcp-c4d-standard-8-lssd,AMD EPYC 9B45,bench_stable,ssd_write_fsync,92525.32,88537925,
2026-06-02T21:12:10,gcp-c4d-standard-8-lssd,AMD EPYC 9B45,bench_stable,ssd_read_random,78356.50,104547800,
2026-06-02T21:12:10,gcp-c4d-standard-8-lssd,AMD EPYC 9B45,bench_stable,tcp_echo,8862.05,3697563066,
2026-06-03T06:02:45,gcp-c4a-standard-8-lssd,Neoverse-V2,bench_stable,seq_mem_read_single,39700032.89,27046371147,
2026-06-03T06:02:45,gcp-c4a-standard-8-lssd,Neoverse-V2,bench_stable,seq_mem_read_threaded,6956815.47,154343870165,
2026-06-03T06:02:45,gcp-c4a-standard-8-lssd,Neoverse-V2,bench_stable,seq_mem_write_single,44354859.36,24207986218,
2026-06-03T06:02:45,gcp-c4a-standard-8-lssd,Neoverse-V2,bench_stable,seq_mem_write_threaded,10624049.94,101067091136,
2026-06-03T06:02:45,gcp-c4a-standard-8-lssd,Neoverse-V2,bench_stable,mem_random_rw,155.31,412082281,
2026-06-03T06:02:45,gcp-c4a-standard-8-lssd,Neoverse-V2,bench_stable,syscall,222.16,,
2026-06-03T06:02:45,gcp-c4a-standard-8-lssd,Neoverse-V2,bench_stable,context_switch,3193.14,,
2026-06-03T06:02:45,gcp-c4a-standard-8-lssd,Neoverse-V2,bench_stable,hash_non_crypto,58.57,1092697545,
2026-06-03T06:02:45,gcp-c4a-standard-8-lssd,Neoverse-V2,bench_stable,hash_crypto,407.69,156980788,
2026-06-03T06:02:45,gcp-c4a-standard-8-lssd,Neoverse-V2,bench_stable,sort_64bit,,615126429,
2026-06-03T06:02:45,gcp-c4a-standard-8-lssd,Neoverse-V2,bench_stable,compression,56824.75,18452803627,
2026-06-03T06:02:45,gcp-c4a-standard-8-lssd,Neoverse-V2,bench_stable,decompression,617222.94,1698861037,
2026-06-03T06:02:45,gcp-c4a-standard-8-lssd,Neoverse-V2,bench_stable,serialization_fast,68.24,2286211967,
2026-06-03T06:02:45,gcp-c4a-standard-8-lssd,Neoverse-V2,bench_stable,deserialization_fast,94.79,1645663928,
2026-06-03T06:02:45,gcp-c4a-standard-8-lssd,Neoverse-V2,bench_stable,serialization,593.90,240781197,
2026-06-03T06:02:45,gcp-c4a-standard-8-lssd,Neoverse-V2,bench_stable,deserialization,435.24,328555779,
2026-06-03T06:02:45,gcp-c4a-standard-8-lssd,Neoverse-V2,bench_stable,ssd_read_seq,867.77,9440341102,
2026-06-03T06:02:45,gcp-c4a-standard-8-lssd,Neoverse-V2,bench_stable,ssd_write_no_fsync,14801.31,553464553,
2026-06-03T06:02:45,gcp-c4a-standard-8-lssd,Neoverse-V2,bench_stable,ssd_write_fsync,93795.12,87339297,
2026-06-03T06:02:45,gcp-c4a-standard-8-lssd,Neoverse-V2,bench_stable,ssd_read_random,76166.12,107554376,
2026-06-03T06:02:45,gcp-c4a-standard-8-lssd,Neoverse-V2,bench_stable,tcp_echo,16903.69,1938511196,
2026-06-03T06:02:48,gcp-c4d-standard-8-lssd,AMD EPYC 9B45,bench_stable,seq_mem_read_single,22423536.34,47884589103,
2026-06-03T06:02:48,gcp-c4d-standard-8-lssd,AMD EPYC 9B45,bench_stable,seq_mem_read_threaded,33945344.50,31631489966,
2026-06-03T06:02:48,gcp-c4d-standard-8-lssd,AMD EPYC 9B45,bench_stable,seq_mem_write_single,34686892.73,30955261182,
2026-06-03T06:02:48,gcp-c4d-standard-8-lssd,AMD EPYC 9B45,bench_stable,seq_mem_write_threaded,44018532.86,24392948932,
2026-06-03T06:02:48,gcp-c4d-standard-8-lssd,AMD EPYC 9B45,bench_stable,mem_random_rw,160.86,397850012,
2026-06-03T06:02:48,gcp-c4d-standard-8-lssd,AMD EPYC 9B45,bench_stable,syscall,79.19,,
2026-06-03T06:02:48,gcp-c4d-standard-8-lssd,AMD EPYC 9B45,bench_stable,context_switch,2204.43,,
2026-06-03T06:02:48,gcp-c4d-standard-8-lssd,AMD EPYC 9B45,bench_stable,hash_non_crypto,32.28,1982523140,
2026-06-03T06:02:48,gcp-c4d-standard-8-lssd,AMD EPYC 9B45,bench_stable,hash_crypto,119.63,534994263,
2026-06-03T06:02:48,gcp-c4d-standard-8-lssd,AMD EPYC 9B45,bench_stable,sort_64bit,,723662420,
2026-06-03T06:02:48,gcp-c4d-standard-8-lssd,AMD EPYC 9B45,bench_stable,compression,32785.90,31982526884,
2026-06-03T06:02:48,gcp-c4d-standard-8-lssd,AMD EPYC 9B45,bench_stable,decompression,315683.81,3321602028,
2026-06-03T06:02:48,gcp-c4d-standard-8-lssd,AMD EPYC 9B45,bench_stable,serialization_fast,46.79,3334348809,
2026-06-03T06:02:48,gcp-c4d-standard-8-lssd,AMD EPYC 9B45,bench_stable,deserialization_fast,70.23,2221249326,
2026-06-03T06:02:48,gcp-c4d-standard-8-lssd,AMD EPYC 9B45,bench_stable,serialization,539.06,265274196,
2026-06-03T06:02:48,gcp-c4d-standard-8-lssd,AMD EPYC 9B45,bench_stable,deserialization,300.43,475988941,
2026-06-03T06:02:48,gcp-c4d-standard-8-lssd,AMD EPYC 9B45,bench_stable,ssd_read_seq,559.31,14646507268,
2026-06-03T06:02:48,gcp-c4d-standard-8-lssd,AMD EPYC 9B45,bench_stable,ssd_write_no_fsync,20518.02,399258790,
2026-06-03T06:02:48,gcp-c4d-standard-8-lssd,AMD EPYC 9B45,bench_stable,ssd_write_fsync,92577.43,88488095,
2026-06-03T06:02:48,gcp-c4d-standard-8-lssd,AMD EPYC 9B45,bench_stable,ssd_read_random,79016.52,103674525,
2026-06-03T06:02:48,gcp-c4d-standard-8-lssd,AMD EPYC 9B45,bench_stable,tcp_echo,8796.74,3725018317,
2026-06-03T06:02:50,gcp-c4-standard-8-lssd,Intel Xeon 6985P-C,bench_stable,seq_mem_read_single,48851406.82,21979752351,
2026-06-03T06:02:50,gcp-c4-standard-8-lssd,Intel Xeon 6985P-C,bench_stable,seq_mem_read_threaded,29846443.61,35975536580,
2026-06-03T06:02:50,gcp-c4-standard-8-lssd,Intel Xeon 6985P-C,bench_stable,seq_mem_write_single,98151647.75,10939620971,
2026-06-03T06:02:50,gcp-c4-standard-8-lssd,Intel Xeon 6985P-C,bench_stable,seq_mem_write_threaded,35111786.63,30580666124,
2026-06-03T06:02:50,gcp-c4-standard-8-lssd,Intel Xeon 6985P-C,bench_stable,mem_random_rw,203.67,314237216,
2026-06-03T06:02:50,gcp-c4-standard-8-lssd,Intel Xeon 6985P-C,bench_stable,syscall,105.44,,
2026-06-03T06:02:50,gcp-c4-standard-8-lssd,Intel Xeon 6985P-C,bench_stable,context_switch,3287.04,,
2026-06-03T06:02:50,gcp-c4-standard-8-lssd,Intel Xeon 6985P-C,bench_stable,hash_non_crypto,39.80,1608194314,
2026-06-03T06:02:50,gcp-c4-standard-8-lssd,Intel Xeon 6985P-C,bench_stable,hash_crypto,123.16,519652420,
2026-06-03T06:02:50,gcp-c4-standard-8-lssd,Intel Xeon 6985P-C,bench_stable,sort_64bit,,699872930,
2026-06-03T06:02:50,gcp-c4-standard-8-lssd,Intel Xeon 6985P-C,bench_stable,compression,35318.51,29689132511,
2026-06-03T06:02:50,gcp-c4-standard-8-lssd,Intel Xeon 6985P-C,bench_stable,decompression,418495.13,2505587086,
2026-06-03T06:02:50,gcp-c4-standard-8-lssd,Intel Xeon 6985P-C,bench_stable,serialization_fast,47.89,3257752437,
2026-06-03T06:02:50,gcp-c4-standard-8-lssd,Intel Xeon 6985P-C,bench_stable,deserialization_fast,69.83,2234025613,
2026-06-03T06:02:50,gcp-c4-standard-8-lssd,Intel Xeon 6985P-C,bench_stable,serialization,490.96,291267782,
2026-06-03T06:02:50,gcp-c4-standard-8-lssd,Intel Xeon 6985P-C,bench_stable,deserialization,319.31,447843074,
2026-06-03T06:02:50,gcp-c4-standard-8-lssd,Intel Xeon 6985P-C,bench_stable,ssd_read_seq,1060.53,7724474432,
2026-06-03T06:02:50,gcp-c4-standard-8-lssd,Intel Xeon 6985P-C,bench_stable,ssd_write_no_fsync,14895.47,549966022,
2026-06-03T06:02:50,gcp-c4-standard-8-lssd,Intel Xeon 6985P-C,bench_stable,ssd_write_fsync,154635.98,52976028,
2026-06-03T06:02:50,gcp-c4-standard-8-lssd,Intel Xeon 6985P-C,bench_stable,ssd_read_random,95947.47,85380055,
2026-06-03T06:02:50,gcp-c4-standard-8-lssd,Intel Xeon 6985P-C,bench_stable,tcp_echo,52655.89,622304599,
2026-06-03T06:04:20,aws-c7a.2xlarge,AMD EPYC 9R14,bench_stable,seq_mem_read_single,29554854.74,36330472043,
2026-06-03T06:04:20,aws-c7a.2xlarge,AMD EPYC 9R14,bench_stable,seq_mem_read_threaded,37329470.00,28763918269,
2026-06-03T06:04:20,aws-c7a.2xlarge,AMD EPYC 9R14,bench_stable,seq_mem_write_single,38842141.16,27643734149,
2026-06-03T06:04:20,aws-c7a.2xlarge,AMD EPYC 9R14,bench_stable,seq_mem_write_threaded,46874253.81,22906856894,
2026-06-03T06:04:20,aws-c7a.2xlarge,AMD EPYC 9R14,bench_stable,mem_random_rw,170.47,375433811,
2026-06-03T06:04:20,aws-c7a.2xlarge,AMD EPYC 9R14,bench_stable,syscall,431.94,,
2026-06-03T06:04:20,aws-c7a.2xlarge,AMD EPYC 9R14,bench_stable,context_switch,5080.28,,
2026-06-03T06:04:20,aws-c7a.2xlarge,AMD EPYC 9R14,bench_stable,hash_non_crypto,42.50,1505712163,
2026-06-03T06:04:20,aws-c7a.2xlarge,AMD EPYC 9R14,bench_stable,hash_crypto,140.46,455644546,
2026-06-03T06:04:20,aws-c7a.2xlarge,AMD EPYC 9R14,bench_stable,sort_64bit,,657988919,
2026-06-03T06:04:20,aws-c7a.2xlarge,AMD EPYC 9R14,bench_stable,compression,36712.74,28561636693,
2026-06-03T06:04:20,aws-c7a.2xlarge,AMD EPYC 9R14,bench_stable,decompression,509656.04,2057418942,
2026-06-03T06:04:20,aws-c7a.2xlarge,AMD EPYC 9R14,bench_stable,serialization_fast,65.14,2394896822,
2026-06-03T06:04:20,aws-c7a.2xlarge,AMD EPYC 9R14,bench_stable,deserialization_fast,86.35,1806704850,
2026-06-03T06:04:20,aws-c7a.2xlarge,AMD EPYC 9R14,bench_stable,serialization,647.48,220854857,
2026-06-03T06:04:20,aws-c7a.2xlarge,AMD EPYC 9R14,bench_stable,deserialization,368.58,387972618,
2026-06-03T06:04:20,aws-c7a.2xlarge,AMD EPYC 9R14,bench_stable,ssd_read_seq,62465.42,131144557,
2026-06-03T06:04:20,aws-c7a.2xlarge,AMD EPYC 9R14,bench_stable,ssd_write_no_fsync,31356.07,261257249,
2026-06-03T06:04:20,aws-c7a.2xlarge,AMD EPYC 9R14,bench_stable,ssd_write_fsync,2825808.34,2898993,
2026-06-03T06:04:20,aws-c7a.2xlarge,AMD EPYC 9R14,bench_stable,ssd_read_random,592240.82,13832211,
2026-06-03T06:04:20,aws-c7a.2xlarge,AMD EPYC 9R14,bench_stable,tcp_echo,25816.57,1269262369,
2026-06-03T06:04:31,aws-c7g.2xlarge,Neoverse-V1,bench_stable,seq_mem_read_single,34448592.69,31169395908,
2026-06-03T06:04:31,aws-c7g.2xlarge,Neoverse-V1,bench_stable,seq_mem_read_threaded,9794214.08,109630217945,
2026-06-03T06:04:31,aws-c7g.2xlarge,Neoverse-V1,bench_stable,seq_mem_write_single,41350888.95,25966595912,
2026-06-03T06:04:31,aws-c7g.2xlarge,Neoverse-V1,bench_stable,seq_mem_write_threaded,13776926.14,77937691814,
2026-06-03T06:04:31,aws-c7g.2xlarge,Neoverse-V1,bench_stable,mem_random_rw,157.69,405860894,
2026-06-03T06:04:31,aws-c7g.2xlarge,Neoverse-V1,bench_stable,syscall,284.27,,
2026-06-03T06:04:31,aws-c7g.2xlarge,Neoverse-V1,bench_stable,context_switch,4117.44,,
2026-06-03T06:04:31,aws-c7g.2xlarge,Neoverse-V1,bench_stable,hash_non_crypto,61.79,1035835377,
2026-06-03T06:04:31,aws-c7g.2xlarge,Neoverse-V1,bench_stable,hash_crypto,487.79,131203072,
2026-06-03T06:04:31,aws-c7g.2xlarge,Neoverse-V1,bench_stable,sort_64bit,,499065350,
2026-06-03T06:04:31,aws-c7g.2xlarge,Neoverse-V1,bench_stable,compression,52029.26,20153583617,
2026-06-03T06:04:31,aws-c7g.2xlarge,Neoverse-V1,bench_stable,decompression,839564.20,1248952728,
2026-06-03T06:04:31,aws-c7g.2xlarge,Neoverse-V1,bench_stable,serialization_fast,76.86,2029756751,
2026-06-03T06:04:31,aws-c7g.2xlarge,Neoverse-V1,bench_stable,deserialization_fast,118.24,1319357731,
2026-06-03T06:04:31,aws-c7g.2xlarge,Neoverse-V1,bench_stable,serialization,829.86,172318853,
2026-06-03T06:04:31,aws-c7g.2xlarge,Neoverse-V1,bench_stable,deserialization,666.35,214600596,
2026-06-03T06:04:31,aws-c7g.2xlarge,Neoverse-V1,bench_stable,ssd_read_seq,62481.97,131109826,
2026-06-03T06:04:31,aws-c7g.2xlarge,Neoverse-V1,bench_stable,ssd_write_no_fsync,45970.70,178200477,
2026-06-03T06:04:31,aws-c7g.2xlarge,Neoverse-V1,bench_stable,ssd_write_fsync,2778039.81,2948842,
2026-06-03T06:04:31,aws-c7g.2xlarge,Neoverse-V1,bench_stable,ssd_read_random,558705.52,14662465,
2026-06-03T06:04:31,aws-c7g.2xlarge,Neoverse-V1,bench_stable,tcp_echo,19896.10,1646955620,
2026-06-03T06:04:43,aws-c7i.2xlarge,Intel Xeon Platinum 8488C,bench_stable,seq_mem_read_single,98008753.48,10955570660,
2026-06-03T06:04:43,aws-c7i.2xlarge,Intel Xeon Platinum 8488C,bench_stable,seq_mem_read_threaded,33079534.28,32459399663,
2026-06-03T06:04:43,aws-c7i.2xlarge,Intel Xeon Platinum 8488C,bench_stable,seq_mem_write_single,91482638.76,11737110325,
2026-06-03T06:04:43,aws-c7i.2xlarge,Intel Xeon Platinum 8488C,bench_stable,seq_mem_write_threaded,35048715.56,30635696825,
2026-06-03T06:04:43,aws-c7i.2xlarge,Intel Xeon Platinum 8488C,bench_stable,mem_random_rw,230.70,277411427,
2026-06-03T06:04:43,aws-c7i.2xlarge,Intel Xeon Platinum 8488C,bench_stable,syscall,137.46,,
2026-06-03T06:04:43,aws-c7i.2xlarge,Intel Xeon Platinum 8488C,bench_stable,context_switch,3563.35,,
2026-06-03T06:04:43,aws-c7i.2xlarge,Intel Xeon Platinum 8488C,bench_stable,hash_non_crypto,52.27,1224313928,
2026-06-03T06:04:43,aws-c7i.2xlarge,Intel Xeon Platinum 8488C,bench_stable,hash_crypto,161.03,397437171,
2026-06-03T06:04:43,aws-c7i.2xlarge,Intel Xeon Platinum 8488C,bench_stable,sort_64bit,,544147597,
2026-06-03T06:04:43,aws-c7i.2xlarge,Intel Xeon Platinum 8488C,bench_stable,compression,81027.39,12941006858,
2026-06-03T06:04:43,aws-c7i.2xlarge,Intel Xeon Platinum 8488C,bench_stable,decompression,651518.58,1609433760,
2026-06-03T06:04:43,aws-c7i.2xlarge,Intel Xeon Platinum 8488C,bench_stable,serialization_fast,70.54,2211523358,
2026-06-03T06:04:43,aws-c7i.2xlarge,Intel Xeon Platinum 8488C,bench_stable,deserialization_fast,102.45,1522708950,
2026-06-03T06:04:43,aws-c7i.2xlarge,Intel Xeon Platinum 8488C,bench_stable,serialization,656.26,217900937,
2026-06-03T06:04:43,aws-c7i.2xlarge,Intel Xeon Platinum 8488C,bench_stable,deserialization,427.29,334666818,
2026-06-03T06:04:43,aws-c7i.2xlarge,Intel Xeon Platinum 8488C,bench_stable,ssd_read_seq,96153.03,85197524,
2026-06-03T06:04:43,aws-c7i.2xlarge,Intel Xeon Platinum 8488C,bench_stable,ssd_write_no_fsync,45167.93,181367601,
2026-06-03T06:04:43,aws-c7i.2xlarge,Intel Xeon Platinum 8488C,bench_stable,ssd_write_fsync,2795495.25,2930429,
2026-06-03T06:04:43,aws-c7i.2xlarge,Intel Xeon Platinum 8488C,bench_stable,ssd_read_random,588804.76,13912931,
2026-06-03T06:04:43,aws-c7i.2xlarge,Intel Xeon Platinum 8488C,bench_stable,tcp_echo,37789.48,867119631,
2026-06-04T06:43:45,gcp-c4-standard-16-lssd,Intel Xeon 6985P-C,bench_stable,seq_mem_read_single,46277646.10,23202170260,
2026-06-04T06:43:45,gcp-c4-standard-16-lssd,Intel Xeon 6985P-C,bench_stable,seq_mem_read_threaded,46651305.29,23016329712,
2026-06-04T06:43:45,gcp-c4-standard-16-lssd,Intel Xeon 6985P-C,bench_stable,seq_mem_write_single,98810334.60,10866695557,
2026-06-04T06:43:45,gcp-c4-standard-16-lssd,Intel Xeon 6985P-C,bench_stable,seq_mem_write_threaded,54564899.86,19678251528,
2026-06-04T06:43:45,gcp-c4-standard-16-lssd,Intel Xeon 6985P-C,bench_stable,mem_random_rw,206.48,309956886,
2026-06-04T06:43:45,gcp-c4-standard-16-lssd,Intel Xeon 6985P-C,bench_stable,syscall,105.92,,
2026-06-04T06:43:45,gcp-c4-standard-16-lssd,Intel Xeon 6985P-C,bench_stable,context_switch,3376.36,,
2026-06-04T06:43:45,gcp-c4-standard-16-lssd,Intel Xeon 6985P-C,bench_stable,hash_non_crypto,40.70,1572607144,
2026-06-04T06:43:45,gcp-c4-standard-16-lssd,Intel Xeon 6985P-C,bench_stable,hash_crypto,125.33,510656469,
2026-06-04T06:43:45,gcp-c4-standard-16-lssd,Intel Xeon 6985P-C,bench_stable,sort_64bit,,687259995,
2026-06-04T06:43:45,gcp-c4-standard-16-lssd,Intel Xeon 6985P-C,bench_stable,compression,36426.24,28786280308,
2026-06-04T06:43:45,gcp-c4-standard-16-lssd,Intel Xeon 6985P-C,bench_stable,decompression,400224.61,2619968817,
2026-06-04T06:43:45,gcp-c4-standard-16-lssd,Intel Xeon 6985P-C,bench_stable,serialization_fast,48.02,3248565414,
2026-06-04T06:43:45,gcp-c4-standard-16-lssd,Intel Xeon 6985P-C,bench_stable,deserialization_fast,72.74,2144655477,
2026-06-04T06:43:45,gcp-c4-standard-16-lssd,Intel Xeon 6985P-C,bench_stable,serialization,492.11,290582753,
2026-06-04T06:43:45,gcp-c4-standard-16-lssd,Intel Xeon 6985P-C,bench_stable,deserialization,314.34,454919257,
2026-06-04T06:43:45,gcp-c4-standard-16-lssd,Intel Xeon 6985P-C,bench_stable,ssd_read_seq,1105.21,7412194645,
2026-06-04T06:43:45,gcp-c4-standard-16-lssd,Intel Xeon 6985P-C,bench_stable,ssd_write_no_fsync,5566.85,1471568540,
2026-06-04T06:43:45,gcp-c4-standard-16-lssd,Intel Xeon 6985P-C,bench_stable,ssd_write_fsync,160142.37,51154481,
2026-06-04T06:43:45,gcp-c4-standard-16-lssd,Intel Xeon 6985P-C,bench_stable,ssd_read_random,93275.63,87825726,
2026-06-04T06:43:45,gcp-c4-standard-16-lssd,Intel Xeon 6985P-C,bench_stable,tcp_echo,52637.36,622523615,
2026-06-04T06:43:28,aws-c7i.4xlarge,Intel Xeon Platinum 8488C,bench_stable,seq_mem_read_single,96744362.88,11098753375,
2026-06-04T06:43:28,aws-c7i.4xlarge,Intel Xeon Platinum 8488C,bench_stable,seq_mem_read_threaded,53669284.19,20006635828,
2026-06-04T06:43:28,aws-c7i.4xlarge,Intel Xeon Platinum 8488C,bench_stable,seq_mem_write_single,97807761.90,10978083979,
2026-06-04T06:43:28,aws-c7i.4xlarge,Intel Xeon Platinum 8488C,bench_stable,seq_mem_write_threaded,59283441.10,18112002341,
2026-06-04T06:43:28,aws-c7i.4xlarge,Intel Xeon Platinum 8488C,bench_stable,mem_random_rw,229.43,278952902,
2026-06-04T06:43:28,aws-c7i.4xlarge,Intel Xeon Platinum 8488C,bench_stable,syscall,124.76,,
2026-06-04T06:43:28,aws-c7i.4xlarge,Intel Xeon Platinum 8488C,bench_stable,context_switch,6979.60,,
2026-06-04T06:43:28,aws-c7i.4xlarge,Intel Xeon Platinum 8488C,bench_stable,hash_non_crypto,46.90,1364585008,
2026-06-04T06:43:28,aws-c7i.4xlarge,Intel Xeon Platinum 8488C,bench_stable,hash_crypto,144.94,441570548,
2026-06-04T06:43:28,aws-c7i.4xlarge,Intel Xeon Platinum 8488C,bench_stable,sort_64bit,,594701405,
2026-06-04T06:43:28,aws-c7i.4xlarge,Intel Xeon Platinum 8488C,bench_stable,compression,75291.14,13926951094,
2026-06-04T06:43:28,aws-c7i.4xlarge,Intel Xeon Platinum 8488C,bench_stable,decompression,557503.11,1880843308,
2026-06-04T06:43:28,aws-c7i.4xlarge,Intel Xeon Platinum 8488C,bench_stable,serialization_fast,62.96,2477674158,
2026-06-04T06:43:28,aws-c7i.4xlarge,Intel Xeon Platinum 8488C,bench_stable,deserialization_fast,92.55,1685501674,
2026-06-04T06:43:28,aws-c7i.4xlarge,Intel Xeon Platinum 8488C,bench_stable,serialization,589.23,242688139,
2026-06-04T06:43:28,aws-c7i.4xlarge,Intel Xeon Platinum 8488C,bench_stable,deserialization,366.06,390648321,
2026-06-04T06:43:28,aws-c7i.4xlarge,Intel Xeon Platinum 8488C,bench_stable,ssd_read_seq,62463.54,131148503,
2026-06-04T06:43:28,aws-c7i.4xlarge,Intel Xeon Platinum 8488C,bench_stable,ssd_write_no_fsync,15930.32,514239520,
2026-06-04T06:43:28,aws-c7i.4xlarge,Intel Xeon Platinum 8488C,bench_stable,ssd_write_fsync,3756832.13,2180561,
2026-06-04T06:43:28,aws-c7i.4xlarge,Intel Xeon Platinum 8488C,bench_stable,ssd_read_random,711723.04,11510095,
2026-06-04T06:43:28,aws-c7i.4xlarge,Intel Xeon Platinum 8488C,bench_stable,tcp_echo,56049.69,584624120,
2026-06-04T06:48:40,aws-c7a.4xlarge,AMD EPYC 9R14,bench_stable,seq_mem_read_single,28583688.03,37564845480,
2026-06-04T06:48:40,aws-c7a.4xlarge,AMD EPYC 9R14,bench_stable,seq_mem_read_threaded,24542752.18,43749853980,
2026-06-04T06:48:40,aws-c7a.4xlarge,AMD EPYC 9R14,bench_stable,seq_mem_write_single,38660842.47,27773368492,
2026-06-04T06:48:40,aws-c7a.4xlarge,AMD EPYC 9R14,bench_stable,seq_mem_write_threaded,30622424.64,35063906159,
2026-06-04T06:48:40,aws-c7a.4xlarge,AMD EPYC 9R14,bench_stable,mem_random_rw,167.33,382483198,
2026-06-04T06:48:40,aws-c7a.4xlarge,AMD EPYC 9R14,bench_stable,syscall,431.86,,
2026-06-04T06:48:40,aws-c7a.4xlarge,AMD EPYC 9R14,bench_stable,context_switch,4861.77,,
2026-06-04T06:48:40,aws-c7a.4xlarge,AMD EPYC 9R14,bench_stable,hash_non_crypto,42.64,1501085784,
2026-06-04T06:48:40,aws-c7a.4xlarge,AMD EPYC 9R14,bench_stable,hash_crypto,141.34,452811418,
2026-06-04T06:48:40,aws-c7a.4xlarge,AMD EPYC 9R14,bench_stable,sort_64bit,,661899239,
2026-06-04T06:48:40,aws-c7a.4xlarge,AMD EPYC 9R14,bench_stable,compression,36748.95,28533494140,
2026-06-04T06:48:40,aws-c7a.4xlarge,AMD EPYC 9R14,bench_stable,decompression,508096.22,2063735085,
2026-06-04T06:48:40,aws-c7a.4xlarge,AMD EPYC 9R14,bench_stable,serialization_fast,62.84,2482382667,
2026-06-04T06:48:40,aws-c7a.4xlarge,AMD EPYC 9R14,bench_stable,deserialization_fast,83.78,1861981211,
2026-06-04T06:48:40,aws-c7a.4xlarge,AMD EPYC 9R14,bench_stable,serialization,625.69,228547312,
2026-06-04T06:48:40,aws-c7a.4xlarge,AMD EPYC 9R14,bench_stable,deserialization,352.45,405730530,
2026-06-04T06:48:40,aws-c7a.4xlarge,AMD EPYC 9R14,bench_stable,ssd_read_seq,62660.76,130735723,
2026-06-04T06:48:40,aws-c7a.4xlarge,AMD EPYC 9R14,bench_stable,ssd_write_no_fsync,10682.80,766840025,
2026-06-04T06:48:40,aws-c7a.4xlarge,AMD EPYC 9R14,bench_stable,ssd_write_fsync,2838974.07,2885549,
2026-06-04T06:48:40,aws-c7a.4xlarge,AMD EPYC 9R14,bench_stable,ssd_read_random,537251.89,15247969,
2026-06-04T06:48:40,aws-c7a.4xlarge,AMD EPYC 9R14,bench_stable,tcp_echo,26191.42,1251096655,
2026-06-04T06:49:34,gcp-c4d-standard-16-lssd,AMD EPYC 9B45,bench_stable,seq_mem_read_single,21869314.23,49098102156,
2026-06-04T06:49:34,gcp-c4d-standard-16-lssd,AMD EPYC 9B45,bench_stable,seq_mem_read_threaded,32408340.79,33131650617,
2026-06-04T06:49:34,gcp-c4d-standard-16-lssd,AMD EPYC 9B45,bench_stable,seq_mem_write_single,33636657.86,31921775001,
2026-06-04T06:49:34,gcp-c4d-standard-16-lssd,AMD EPYC 9B45,bench_stable,seq_mem_write_threaded,42923753.02,25015096501,
2026-06-04T06:49:34,gcp-c4d-standard-16-lssd,AMD EPYC 9B45,bench_stable,mem_random_rw,148.46,431083914,
2026-06-04T06:49:34,gcp-c4d-standard-16-lssd,AMD EPYC 9B45,bench_stable,syscall,75.96,,
2026-06-04T06:49:34,gcp-c4d-standard-16-lssd,AMD EPYC 9B45,bench_stable,context_switch,2298.45,,
2026-06-04T06:49:34,gcp-c4d-standard-16-lssd,AMD EPYC 9B45,bench_stable,hash_non_crypto,31.62,2023795220,
2026-06-04T06:49:34,gcp-c4d-standard-16-lssd,AMD EPYC 9B45,bench_stable,hash_crypto,117.04,546819897,
2026-06-04T06:49:34,gcp-c4d-standard-16-lssd,AMD EPYC 9B45,bench_stable,sort_64bit,,856130651,
2026-06-04T06:49:34,gcp-c4d-standard-16-lssd,AMD EPYC 9B45,bench_stable,compression,32360.42,32403036786,
2026-06-04T06:49:34,gcp-c4d-standard-16-lssd,AMD EPYC 9B45,bench_stable,decompression,315908.93,3319235105,
2026-06-04T06:49:34,gcp-c4d-standard-16-lssd,AMD EPYC 9B45,bench_stable,serialization_fast,46.99,3320010747,
2026-06-04T06:49:34,gcp-c4d-standard-16-lssd,AMD EPYC 9B45,bench_stable,deserialization_fast,69.02,2260082525,
2026-06-04T06:49:34,gcp-c4d-standard-16-lssd,AMD EPYC 9B45,bench_stable,serialization,518.12,275997031,
2026-06-04T06:49:34,gcp-c4d-standard-16-lssd,AMD EPYC 9B45,bench_stable,deserialization,287.83,496828376,
2026-06-04T06:49:34,gcp-c4d-standard-16-lssd,AMD EPYC 9B45,bench_stable,ssd_read_seq,513.31,15959288143,
2026-06-04T06:49:34,gcp-c4d-standard-16-lssd,AMD EPYC 9B45,bench_stable,ssd_write_no_fsync,7155.28,1144888101,
2026-06-04T06:49:34,gcp-c4d-standard-16-lssd,AMD EPYC 9B45,bench_stable,ssd_write_fsync,92766.44,88307796,
2026-06-04T06:49:34,gcp-c4d-standard-16-lssd,AMD EPYC 9B45,bench_stable,ssd_read_random,78126.24,104855939,
2026-06-04T06:49:34,gcp-c4d-standard-16-lssd,AMD EPYC 9B45,bench_stable,tcp_echo,8855.22,3700416191,
2026-06-04T06:53:54,aws-c7g.4xlarge,Neoverse-V1,bench_stable,seq_mem_read_single,35219316.22,30487298993,
2026-06-04T06:53:54,aws-c7g.4xlarge,Neoverse-V1,bench_stable,seq_mem_read_threaded,14066827.35,76331485199,
2026-06-04T06:53:54,aws-c7g.4xlarge,Neoverse-V1,bench_stable,seq_mem_write_single,42409437.64,25318464093,
2026-06-04T06:53:54,aws-c7g.4xlarge,Neoverse-V1,bench_stable,seq_mem_write_threaded,18864614.53,56918301836,
2026-06-04T06:53:54,aws-c7g.4xlarge,Neoverse-V1,bench_stable,mem_random_rw,157.80,405572175,
2026-06-04T06:53:54,aws-c7g.4xlarge,Neoverse-V1,bench_stable,syscall,261.72,,
2026-06-04T06:53:54,aws-c7g.4xlarge,Neoverse-V1,bench_stable,context_switch,4226.51,,
2026-06-04T06:53:54,aws-c7g.4xlarge,Neoverse-V1,bench_stable,hash_non_crypto,61.97,1032681157,
2026-06-04T06:53:54,aws-c7g.4xlarge,Neoverse-V1,bench_stable,hash_crypto,487.36,131319963,
2026-06-04T06:53:54,aws-c7g.4xlarge,Neoverse-V1,bench_stable,sort_64bit,,497521332,
2026-06-04T06:53:54,aws-c7g.4xlarge,Neoverse-V1,bench_stable,compression,52698.63,19897595516,
2026-06-04T06:53:54,aws-c7g.4xlarge,Neoverse-V1,bench_stable,decompression,835736.90,1254672375,
2026-06-04T06:53:54,aws-c7g.4xlarge,Neoverse-V1,bench_stable,serialization_fast,76.87,2029311585,
2026-06-04T06:53:54,aws-c7g.4xlarge,Neoverse-V1,bench_stable,deserialization_fast,112.34,1388676281,
2026-06-04T06:53:54,aws-c7g.4xlarge,Neoverse-V1,bench_stable,serialization,831.45,171989419,
2026-06-04T06:53:54,aws-c7g.4xlarge,Neoverse-V1,bench_stable,deserialization,538.09,265756391,
2026-06-04T06:53:54,aws-c7g.4xlarge,Neoverse-V1,bench_stable,ssd_read_seq,62464.12,131147288,
2026-06-04T06:53:54,aws-c7g.4xlarge,Neoverse-V1,bench_stable,ssd_write_no_fsync,14888.41,550226527,
2026-06-04T06:53:54,aws-c7g.4xlarge,Neoverse-V1,bench_stable,ssd_write_fsync,2776428.66,2950553,
2026-06-04T06:53:54,aws-c7g.4xlarge,Neoverse-V1,bench_stable,ssd_read_random,493098.23,16613323,
2026-06-04T06:53:54,aws-c7g.4xlarge,Neoverse-V1,bench_stable,tcp_echo,20126.27,1628120543,
2026-06-04T06:55:17,gcp-c4a-standard-16-lssd,Neoverse-V2,bench_stable,seq_mem_read_single,39484272.99,27194164731,
2026-06-04T06:55:17,gcp-c4a-standard-16-lssd,Neoverse-V2,bench_stable,seq_mem_read_threaded,11400956.26,94179979215,
2026-06-04T06:55:17,gcp-c4a-standard-16-lssd,Neoverse-V2,bench_stable,seq_mem_write_single,44141178.94,24325173225,
2026-06-04T06:55:17,gcp-c4a-standard-16-lssd,Neoverse-V2,bench_stable,seq_mem_write_threaded,15869497.84,67660730985,
2026-06-04T06:55:17,gcp-c4a-standard-16-lssd,Neoverse-V2,bench_stable,mem_random_rw,156.04,410152165,
2026-06-04T06:55:17,gcp-c4a-standard-16-lssd,Neoverse-V2,bench_stable,syscall,223.24,,
2026-06-04T06:55:17,gcp-c4a-standard-16-lssd,Neoverse-V2,bench_stable,context_switch,3290.66,,
2026-06-04T06:55:17,gcp-c4a-standard-16-lssd,Neoverse-V2,bench_stable,hash_non_crypto,57.29,1117184261,
2026-06-04T06:55:17,gcp-c4a-standard-16-lssd,Neoverse-V2,bench_stable,hash_crypto,406.97,157258997,
2026-06-04T06:55:17,gcp-c4a-standard-16-lssd,Neoverse-V2,bench_stable,sort_64bit,,616913493,
2026-06-04T06:55:17,gcp-c4a-standard-16-lssd,Neoverse-V2,bench_stable,compression,47985.93,21851737419,
2026-06-04T06:55:17,gcp-c4a-standard-16-lssd,Neoverse-V2,bench_stable,decompression,619643.85,1692223692,
2026-06-04T06:55:17,gcp-c4a-standard-16-lssd,Neoverse-V2,bench_stable,serialization_fast,68.03,2293168750,
2026-06-04T06:55:17,gcp-c4a-standard-16-lssd,Neoverse-V2,bench_stable,deserialization_fast,94.52,1650521573,
2026-06-04T06:55:17,gcp-c4a-standard-16-lssd,Neoverse-V2,bench_stable,serialization,594.35,240598638,
2026-06-04T06:55:17,gcp-c4a-standard-16-lssd,Neoverse-V2,bench_stable,deserialization,356.76,400833083,
2026-06-04T06:55:17,gcp-c4a-standard-16-lssd,Neoverse-V2,bench_stable,ssd_read_seq,860.51,9519969971,
2026-06-04T06:55:17,gcp-c4a-standard-16-lssd,Neoverse-V2,bench_stable,ssd_write_no_fsync,5299.99,1545662351,
2026-06-04T06:55:17,gcp-c4a-standard-16-lssd,Neoverse-V2,bench_stable,ssd_write_fsync,96965.74,84483451,
2026-06-04T06:55:17,gcp-c4a-standard-16-lssd,Neoverse-V2,bench_stable,ssd_read_random,77171.25,106153528,
2026-06-04T06:55:17,gcp-c4a-standard-16-lssd,Neoverse-V2,bench_stable,tcp_echo,17132.58,1912612804,
2026-06-05T04:15:22,gcp-c4-standard-16-lssd,Intel Xeon 6985P-C,bench_stable,seq_mem_read_single,53522032.20,20061678898,
2026-06-05T04:15:22,gcp-c4-standard-16-lssd,Intel Xeon 6985P-C,bench_stable,seq_mem_read_threaded,46213198.29,23234527443,
2026-06-05T04:15:22,gcp-c4-standard-16-lssd,Intel Xeon 6985P-C,bench_stable,seq_mem_write_single,96962454.59,11073789628,
2026-06-05T04:15:22,gcp-c4-standard-16-lssd,Intel Xeon 6985P-C,bench_stable,seq_mem_write_threaded,55601933.52,19311231750,
2026-06-05T04:15:22,gcp-c4-standard-16-lssd,Intel Xeon 6985P-C,bench_stable,mem_random_rw,199.56,320704003,
2026-06-05T04:15:22,gcp-c4-standard-16-lssd,Intel Xeon 6985P-C,bench_stable,syscall,103.47,,
2026-06-05T04:15:22,gcp-c4-standard-16-lssd,Intel Xeon 6985P-C,bench_stable,context_switch,3535.55,,
2026-06-05T04:15:22,gcp-c4-standard-16-lssd,Intel Xeon 6985P-C,bench_stable,hash_non_crypto,39.99,1600339363,
2026-06-05T04:15:22,gcp-c4-standard-16-lssd,Intel Xeon 6985P-C,bench_stable,hash_crypto,122.45,522658703,
2026-06-05T04:15:22,gcp-c4-standard-16-lssd,Intel Xeon 6985P-C,bench_stable,sort_64bit,,704934668,
2026-06-05T04:15:22,gcp-c4-standard-16-lssd,Intel Xeon 6985P-C,bench_stable,compression,35417.88,29605835048,
2026-06-05T04:15:22,gcp-c4-standard-16-lssd,Intel Xeon 6985P-C,bench_stable,decompression,398013.34,2634524744,
2026-06-05T04:15:22,gcp-c4-standard-16-lssd,Intel Xeon 6985P-C,bench_stable,serialization_fast,46.91,3325848044,
2026-06-05T04:15:22,gcp-c4-standard-16-lssd,Intel Xeon 6985P-C,bench_stable,deserialization_fast,71.01,2196777586,
2026-06-05T04:15:22,gcp-c4-standard-16-lssd,Intel Xeon 6985P-C,bench_stable,serialization,480.32,297720001,
2026-06-05T04:15:22,gcp-c4-standard-16-lssd,Intel Xeon 6985P-C,bench_stable,deserialization,307.06,465705897,
2026-06-05T04:15:22,gcp-c4-standard-16-lssd,Intel Xeon 6985P-C,bench_stable,ssd_read_seq,1038.19,7890634991,
2026-06-05T04:15:22,gcp-c4-standard-16-lssd,Intel Xeon 6985P-C,bench_stable,ssd_write_no_fsync,5620.12,1457620560,
2026-06-05T04:15:22,gcp-c4-standard-16-lssd,Intel Xeon 6985P-C,bench_stable,ssd_write_fsync,163113.31,50222755,
2026-06-05T04:15:22,gcp-c4-standard-16-lssd,Intel Xeon 6985P-C,bench_stable,ssd_read_random,92248.46,88803655,
2026-06-05T04:15:22,gcp-c4-standard-16-lssd,Intel Xeon 6985P-C,bench_stable,tcp_echo,52699.33,621791619,
2026-06-05T04:14:54,aws-c7i.4xlarge,Intel Xeon Platinum 8488C,bench_stable,seq_mem_read_single,96227235.90,11158398284,
2026-06-05T04:14:54,aws-c7i.4xlarge,Intel Xeon Platinum 8488C,bench_stable,seq_mem_read_threaded,54343915.13,19758271399,
2026-06-05T04:14:54,aws-c7i.4xlarge,Intel Xeon Platinum 8488C,bench_stable,seq_mem_write_single,92184801.34,11647709909,
2026-06-05T04:14:54,aws-c7i.4xlarge,Intel Xeon Platinum 8488C,bench_stable,seq_mem_write_threaded,58519090.97,18348573195,
2026-06-05T04:14:54,aws-c7i.4xlarge,Intel Xeon Platinum 8488C,bench_stable,mem_random_rw,226.89,282078209,
2026-06-05T04:14:54,aws-c7i.4xlarge,Intel Xeon Platinum 8488C,bench_stable,syscall,137.49,,
2026-06-05T04:14:54,aws-c7i.4xlarge,Intel Xeon Platinum 8488C,bench_stable,context_switch,3899.47,,
2026-06-05T04:14:54,aws-c7i.4xlarge,Intel Xeon Platinum 8488C,bench_stable,hash_non_crypto,51.42,1244577653,
2026-06-05T04:14:54,aws-c7i.4xlarge,Intel Xeon Platinum 8488C,bench_stable,hash_crypto,159.80,400494149,
2026-06-05T04:14:54,aws-c7i.4xlarge,Intel Xeon Platinum 8488C,bench_stable,sort_64bit,,539444909,
2026-06-05T04:14:54,aws-c7i.4xlarge,Intel Xeon Platinum 8488C,bench_stable,compression,83205.71,12602212134,
2026-06-05T04:14:54,aws-c7i.4xlarge,Intel Xeon Platinum 8488C,bench_stable,decompression,603352.45,1737916191,
2026-06-05T04:14:54,aws-c7i.4xlarge,Intel Xeon Platinum 8488C,bench_stable,serialization_fast,69.88,2232241936,
2026-06-05T04:14:54,aws-c7i.4xlarge,Intel Xeon Platinum 8488C,bench_stable,deserialization_fast,102.70,1519034685,
2026-06-05T04:14:54,aws-c7i.4xlarge,Intel Xeon Platinum 8488C,bench_stable,serialization,645.88,221404881,
2026-06-05T04:14:54,aws-c7i.4xlarge,Intel Xeon Platinum 8488C,bench_stable,deserialization,405.05,353045101,
2026-06-05T04:14:54,aws-c7i.4xlarge,Intel Xeon Platinum 8488C,bench_stable,ssd_read_seq,62465.55,131144280,
2026-06-05T04:14:54,aws-c7i.4xlarge,Intel Xeon Platinum 8488C,bench_stable,ssd_write_no_fsync,15440.98,530536308,
2026-06-05T04:14:54,aws-c7i.4xlarge,Intel Xeon Platinum 8488C,bench_stable,ssd_write_fsync,2787929.79,2938381,
2026-06-05T04:14:54,aws-c7i.4xlarge,Intel Xeon Platinum 8488C,bench_stable,ssd_read_random,541012.60,15141976,
2026-06-05T04:14:54,aws-c7i.4xlarge,Intel Xeon Platinum 8488C,bench_stable,tcp_echo,45402.78,721717927,
2026-06-05T04:20:06,aws-c7a.4xlarge,AMD EPYC 9R14,bench_stable,seq_mem_read_single,28935860.33,37107651598,
2026-06-05T04:20:06,aws-c7a.4xlarge,AMD EPYC 9R14,bench_stable,seq_mem_read_threaded,25381118.18,42304748616,
2026-06-05T04:20:06,aws-c7a.4xlarge,AMD EPYC 9R14,bench_stable,seq_mem_write_single,38645751.16,27784214094,
2026-06-05T04:20:06,aws-c7a.4xlarge,AMD EPYC 9R14,bench_stable,seq_mem_write_threaded,30643326.10,35039989470,
2026-06-05T04:20:06,aws-c7a.4xlarge,AMD EPYC 9R14,bench_stable,mem_random_rw,167.87,381239779,
2026-06-05T04:20:06,aws-c7a.4xlarge,AMD EPYC 9R14,bench_stable,syscall,440.15,,
2026-06-05T04:20:06,aws-c7a.4xlarge,AMD EPYC 9R14,bench_stable,context_switch,4801.41,,
2026-06-05T04:20:06,aws-c7a.4xlarge,AMD EPYC 9R14,bench_stable,hash_non_crypto,42.63,1501181171,
2026-06-05T04:20:06,aws-c7a.4xlarge,AMD EPYC 9R14,bench_stable,hash_crypto,140.41,455818768,
2026-06-05T04:20:06,aws-c7a.4xlarge,AMD EPYC 9R14,bench_stable,sort_64bit,,662568243,
2026-06-05T04:20:06,aws-c7a.4xlarge,AMD EPYC 9R14,bench_stable,compression,36667.97,28596513635,
2026-06-05T04:20:06,aws-c7a.4xlarge,AMD EPYC 9R14,bench_stable,decompression,508028.83,2064008848,
2026-06-05T04:20:06,aws-c7a.4xlarge,AMD EPYC 9R14,bench_stable,serialization_fast,62.79,2484560559,
2026-06-05T04:20:06,aws-c7a.4xlarge,AMD EPYC 9R14,bench_stable,deserialization_fast,83.63,1865344317,
2026-06-05T04:20:06,aws-c7a.4xlarge,AMD EPYC 9R14,bench_stable,serialization,630.32,226869061,
2026-06-05T04:20:06,aws-c7a.4xlarge,AMD EPYC 9R14,bench_stable,deserialization,365.88,390835501,
2026-06-05T04:20:06,aws-c7a.4xlarge,AMD EPYC 9R14,bench_stable,ssd_read_seq,62464.76,131145949,
2026-06-05T04:20:06,aws-c7a.4xlarge,AMD EPYC 9R14,bench_stable,ssd_write_no_fsync,10755.63,761647600,
2026-06-05T04:20:06,aws-c7a.4xlarge,AMD EPYC 9R14,bench_stable,ssd_write_fsync,2824804.39,2900024,
2026-06-05T04:20:06,aws-c7a.4xlarge,AMD EPYC 9R14,bench_stable,ssd_read_random,562001.95,14576462,
2026-06-05T04:20:06,aws-c7a.4xlarge,AMD EPYC 9R14,bench_stable,tcp_echo,25628.22,1278590702,
2026-06-05T04:21:07,gcp-c4d-standard-16-lssd,AMD EPYC 9B45,bench_stable,seq_mem_read_single,23526006.83,45640632158,
2026-06-05T04:21:07,gcp-c4d-standard-16-lssd,AMD EPYC 9B45,bench_stable,seq_mem_read_threaded,32758651.56,32777351112,
2026-06-05T04:21:07,gcp-c4d-standard-16-lssd,AMD EPYC 9B45,bench_stable,seq_mem_write_single,35090926.51,30598845083,
2026-06-05T04:21:07,gcp-c4d-standard-16-lssd,AMD EPYC 9B45,bench_stable,seq_mem_write_threaded,43115663.59,24903752713,
2026-06-05T04:21:07,gcp-c4d-standard-16-lssd,AMD EPYC 9B45,bench_stable,mem_random_rw,161.94,395201242,
2026-06-05T04:21:07,gcp-c4d-standard-16-lssd,AMD EPYC 9B45,bench_stable,syscall,76.30,,
2026-06-05T04:21:07,gcp-c4d-standard-16-lssd,AMD EPYC 9B45,bench_stable,context_switch,2286.33,,
2026-06-05T04:21:07,gcp-c4d-standard-16-lssd,AMD EPYC 9B45,bench_stable,hash_non_crypto,31.77,2014370632,
2026-06-05T04:21:07,gcp-c4d-standard-16-lssd,AMD EPYC 9B45,bench_stable,hash_crypto,117.61,544187317,
2026-06-05T04:21:07,gcp-c4d-standard-16-lssd,AMD EPYC 9B45,bench_stable,sort_64bit,,846992708,
2026-06-05T04:21:07,gcp-c4d-standard-16-lssd,AMD EPYC 9B45,bench_stable,compression,32598.18,32166704808,
2026-06-05T04:21:07,gcp-c4d-standard-16-lssd,AMD EPYC 9B45,bench_stable,decompression,314891.57,3329958898,
2026-06-05T04:21:07,gcp-c4d-standard-16-lssd,AMD EPYC 9B45,bench_stable,serialization_fast,46.09,3384845730,
2026-06-05T04:21:07,gcp-c4d-standard-16-lssd,AMD EPYC 9B45,bench_stable,deserialization_fast,70.30,2218998424,
2026-06-05T04:21:07,gcp-c4d-standard-16-lssd,AMD EPYC 9B45,bench_stable,serialization,517.32,276421982,
2026-06-05T04:21:07,gcp-c4d-standard-16-lssd,AMD EPYC 9B45,bench_stable,deserialization,295.41,484077677,
2026-06-05T04:21:07,gcp-c4d-standard-16-lssd,AMD EPYC 9B45,bench_stable,ssd_read_seq,570.67,14355025683,
2026-06-05T04:21:07,gcp-c4d-standard-16-lssd,AMD EPYC 9B45,bench_stable,ssd_write_no_fsync,7094.73,1154660056,
2026-06-05T04:21:07,gcp-c4d-standard-16-lssd,AMD EPYC 9B45,bench_stable,ssd_write_fsync,93289.23,87812927,
2026-06-05T04:21:07,gcp-c4d-standard-16-lssd,AMD EPYC 9B45,bench_stable,ssd_read_random,78053.29,104953940,
2026-06-05T04:21:07,gcp-c4d-standard-16-lssd,AMD EPYC 9B45,bench_stable,tcp_echo,9042.57,3623747530,
2026-06-05T04:25:24,aws-c7g.4xlarge,Neoverse-V1,bench_stable,seq_mem_read_single,33325406.68,32219916606,
2026-06-05T04:25:24,aws-c7g.4xlarge,Neoverse-V1,bench_stable,seq_mem_read_threaded,14298796.15,75093162588,
2026-06-05T04:25:24,aws-c7g.4xlarge,Neoverse-V1,bench_stable,seq_mem_write_single,40895200.34,26255937494,
2026-06-05T04:25:24,aws-c7g.4xlarge,Neoverse-V1,bench_stable,seq_mem_write_threaded,17879020.46,60055964837,
2026-06-05T04:25:24,aws-c7g.4xlarge,Neoverse-V1,bench_stable,mem_random_rw,159.68,400808185,
2026-06-05T04:25:24,aws-c7g.4xlarge,Neoverse-V1,bench_stable,syscall,286.93,,
2026-06-05T04:25:24,aws-c7g.4xlarge,Neoverse-V1,bench_stable,context_switch,4378.36,,
2026-06-05T04:25:24,aws-c7g.4xlarge,Neoverse-V1,bench_stable,hash_non_crypto,61.61,1038748020,
2026-06-05T04:25:24,aws-c7g.4xlarge,Neoverse-V1,bench_stable,hash_crypto,487.37,131317658,
2026-06-05T04:25:24,aws-c7g.4xlarge,Neoverse-V1,bench_stable,sort_64bit,,500071046,
2026-06-05T04:25:24,aws-c7g.4xlarge,Neoverse-V1,bench_stable,compression,52368.55,20023009545,
2026-06-05T04:25:24,aws-c7g.4xlarge,Neoverse-V1,bench_stable,decompression,845467.55,1240232110,
2026-06-05T04:25:24,aws-c7g.4xlarge,Neoverse-V1,bench_stable,serialization_fast,76.93,2027789915,
2026-06-05T04:25:24,aws-c7g.4xlarge,Neoverse-V1,bench_stable,deserialization_fast,112.26,1389586020,
2026-06-05T04:25:24,aws-c7g.4xlarge,Neoverse-V1,bench_stable,serialization,831.53,171972298,
2026-06-05T04:25:24,aws-c7g.4xlarge,Neoverse-V1,bench_stable,deserialization,539.65,264988854,
2026-06-05T04:25:24,aws-c7g.4xlarge,Neoverse-V1,bench_stable,ssd_read_seq,62465.72,131143920,
2026-06-05T04:25:24,aws-c7g.4xlarge,Neoverse-V1,bench_stable,ssd_write_no_fsync,14973.47,547100979,
2026-06-05T04:25:24,aws-c7g.4xlarge,Neoverse-V1,bench_stable,ssd_write_fsync,2781018.86,2945683,
2026-06-05T04:25:24,aws-c7g.4xlarge,Neoverse-V1,bench_stable,ssd_read_random,520664.97,15733726,
2026-06-05T04:25:24,aws-c7g.4xlarge,Neoverse-V1,bench_stable,tcp_echo,19946.89,1642762337,
2026-06-05T04:26:51,gcp-c4a-standard-16-lssd,Neoverse-V2,bench_stable,seq_mem_read_single,38990938.47,27538240068,
2026-06-05T04:26:51,gcp-c4a-standard-16-lssd,Neoverse-V2,bench_stable,seq_mem_read_threaded,11157438.91,96235510059,
2026-06-05T04:26:51,gcp-c4a-standard-16-lssd,Neoverse-V2,bench_stable,seq_mem_write_single,42982505.09,24980903782,
2026-06-05T04:26:51,gcp-c4a-standard-16-lssd,Neoverse-V2,bench_stable,seq_mem_write_threaded,14689027.65,73098223358,
2026-06-05T04:26:51,gcp-c4a-standard-16-lssd,Neoverse-V2,bench_stable,mem_random_rw,156.60,408676591,
2026-06-05T04:26:51,gcp-c4a-standard-16-lssd,Neoverse-V2,bench_stable,syscall,226.46,,
2026-06-05T04:26:51,gcp-c4a-standard-16-lssd,Neoverse-V2,bench_stable,context_switch,3332.89,,
2026-06-05T04:26:51,gcp-c4a-standard-16-lssd,Neoverse-V2,bench_stable,hash_non_crypto,57.28,1117265474,
2026-06-05T04:26:51,gcp-c4a-standard-16-lssd,Neoverse-V2,bench_stable,hash_crypto,406.95,157266755,
2026-06-05T04:26:51,gcp-c4a-standard-16-lssd,Neoverse-V2,bench_stable,sort_64bit,,614814901,
2026-06-05T04:26:51,gcp-c4a-standard-16-lssd,Neoverse-V2,bench_stable,compression,48090.36,21804284965,
2026-06-05T04:26:51,gcp-c4a-standard-16-lssd,Neoverse-V2,bench_stable,decompression,622703.18,1683909812,
2026-06-05T04:26:51,gcp-c4a-standard-16-lssd,Neoverse-V2,bench_stable,serialization_fast,68.03,2293027739,
2026-06-05T04:26:51,gcp-c4a-standard-16-lssd,Neoverse-V2,bench_stable,deserialization_fast,94.51,1650565815,
2026-06-05T04:26:51,gcp-c4a-standard-16-lssd,Neoverse-V2,bench_stable,serialization,594.33,240608107,
2026-06-05T04:26:51,gcp-c4a-standard-16-lssd,Neoverse-V2,bench_stable,deserialization,362.56,394412048,
2026-06-05T04:26:51,gcp-c4a-standard-16-lssd,Neoverse-V2,bench_stable,ssd_read_seq,857.53,9552995379,
2026-06-05T04:26:51,gcp-c4a-standard-16-lssd,Neoverse-V2,bench_stable,ssd_write_no_fsync,5234.15,1565104700,
2026-06-05T04:26:51,gcp-c4a-standard-16-lssd,Neoverse-V2,bench_stable,ssd_write_fsync,93567.77,87551517,
2026-06-05T04:26:51,gcp-c4a-standard-16-lssd,Neoverse-V2,bench_stable,ssd_read_random,75414.27,108626658,
2026-06-05T04:26:51,gcp-c4a-standard-16-lssd,Neoverse-V2,bench_stable,tcp_echo,17319.47,1891975277,
2026-06-08T11:40:06,gcp-c4-standard-48-lssd,Intel Xeon 6985P-C,bench_stable,seq_mem_read_single,44054324.70,24373130931,
2026-06-08T11:40:06,gcp-c4-standard-48-lssd,Intel Xeon 6985P-C,bench_stable,seq_mem_read_threaded,5469739.89,196305829045,
2026-06-08T11:40:06,gcp-c4-standard-48-lssd,Intel Xeon 6985P-C,bench_stable,seq_mem_write_single,88813441.83,12089857142,
2026-06-08T11:40:06,gcp-c4-standard-48-lssd,Intel Xeon 6985P-C,bench_stable,seq_mem_write_threaded,10182595.55,105448735412,
2026-06-08T11:40:06,gcp-c4-standard-48-lssd,Intel Xeon 6985P-C,bench_stable,mem_random_rw,198.73,322051035,
2026-06-08T11:40:06,gcp-c4-standard-48-lssd,Intel Xeon 6985P-C,bench_stable,syscall,103.66,,
2026-06-08T11:40:06,gcp-c4-standard-48-lssd,Intel Xeon 6985P-C,bench_stable,context_switch,2961.06,,
2026-06-08T11:40:06,gcp-c4-standard-48-lssd,Intel Xeon 6985P-C,bench_stable,hash_non_crypto,40.31,1587516997,
2026-06-08T11:40:06,gcp-c4-standard-48-lssd,Intel Xeon 6985P-C,bench_stable,hash_crypto,121.69,525915347,
2026-06-08T11:40:06,gcp-c4-standard-48-lssd,Intel Xeon 6985P-C,bench_stable,sort_64bit,,702338465,
2026-06-08T11:40:06,gcp-c4-standard-48-lssd,Intel Xeon 6985P-C,bench_stable,compression,34996.33,29962459863,
2026-06-08T11:40:06,gcp-c4-standard-48-lssd,Intel Xeon 6985P-C,bench_stable,decompression,380752.54,2753956701,
2026-06-08T11:40:06,gcp-c4-standard-48-lssd,Intel Xeon 6985P-C,bench_stable,serialization_fast,44.14,3534295689,
2026-06-08T11:40:06,gcp-c4-standard-48-lssd,Intel Xeon 6985P-C,bench_stable,deserialization_fast,69.04,2259681890,
2026-06-08T11:40:06,gcp-c4-standard-48-lssd,Intel Xeon 6985P-C,bench_stable,serialization,492.24,290508158,
2026-06-08T11:40:06,gcp-c4-standard-48-lssd,Intel Xeon 6985P-C,bench_stable,deserialization,315.25,453609084,
2026-06-08T11:40:06,gcp-c4-standard-48-lssd,Intel Xeon 6985P-C,bench_stable,ssd_read_seq,1030.85,7946864570,
2026-06-08T11:40:06,gcp-c4-standard-48-lssd,Intel Xeon 6985P-C,bench_stable,ssd_write_no_fsync,2017.31,4060851877,
2026-06-08T11:40:06,gcp-c4-standard-48-lssd,Intel Xeon 6985P-C,bench_stable,ssd_write_fsync,183949.86,44533875,
2026-06-08T11:40:06,gcp-c4-standard-48-lssd,Intel Xeon 6985P-C,bench_stable,ssd_read_random,94954.74,86272678,
2026-06-08T11:40:06,gcp-c4-standard-48-lssd,Intel Xeon 6985P-C,bench_stable,tcp_echo,52977.33,618528674,
2026-06-08T11:46:36,gcp-c4d-standard-48-lssd,AMD EPYC 9B45,bench_stable,seq_mem_read_single,21969368.73,48874495984,
2026-06-08T11:46:36,gcp-c4d-standard-48-lssd,AMD EPYC 9B45,bench_stable,seq_mem_read_threaded,8023918.91,133817631471,
2026-06-08T11:46:36,gcp-c4d-standard-48-lssd,AMD EPYC 9B45,bench_stable,seq_mem_write_single,33941517.21,31635056779,
2026-06-08T11:46:36,gcp-c4d-standard-48-lssd,AMD EPYC 9B45,bench_stable,seq_mem_write_threaded,10232859.38,104930770927,
2026-06-08T11:46:36,gcp-c4d-standard-48-lssd,AMD EPYC 9B45,bench_stable,mem_random_rw,149.39,428400883,
2026-06-08T11:46:36,gcp-c4d-standard-48-lssd,AMD EPYC 9B45,bench_stable,syscall,76.94,,
2026-06-08T11:46:36,gcp-c4d-standard-48-lssd,AMD EPYC 9B45,bench_stable,context_switch,2267.35,,
2026-06-08T11:46:36,gcp-c4d-standard-48-lssd,AMD EPYC 9B45,bench_stable,hash_non_crypto,31.51,2031172295,
2026-06-08T11:46:36,gcp-c4d-standard-48-lssd,AMD EPYC 9B45,bench_stable,hash_crypto,116.42,549746881,
2026-06-08T11:46:36,gcp-c4d-standard-48-lssd,AMD EPYC 9B45,bench_stable,sort_64bit,,734876898,
2026-06-08T11:46:36,gcp-c4d-standard-48-lssd,AMD EPYC 9B45,bench_stable,compression,32286.54,32477191171,
2026-06-08T11:46:36,gcp-c4d-standard-48-lssd,AMD EPYC 9B45,bench_stable,decompression,336087.77,3119946894,
2026-06-08T11:46:36,gcp-c4d-standard-48-lssd,AMD EPYC 9B45,bench_stable,serialization_fast,41.44,3764147975,
2026-06-08T11:46:36,gcp-c4d-standard-48-lssd,AMD EPYC 9B45,bench_stable,deserialization_fast,69.55,2243037367,
2026-06-08T11:46:36,gcp-c4d-standard-48-lssd,AMD EPYC 9B45,bench_stable,serialization,532.16,268718586,
2026-06-08T11:46:36,gcp-c4d-standard-48-lssd,AMD EPYC 9B45,bench_stable,deserialization,291.81,490040895,
2026-06-08T11:46:36,gcp-c4d-standard-48-lssd,AMD EPYC 9B45,bench_stable,ssd_read_seq,516.39,15864120341,
2026-06-08T11:46:36,gcp-c4d-standard-48-lssd,AMD EPYC 9B45,bench_stable,ssd_write_no_fsync,1653.79,4953473492,
2026-06-08T11:46:36,gcp-c4d-standard-48-lssd,AMD EPYC 9B45,bench_stable,ssd_write_fsync,94461.39,86723262,
2026-06-08T11:46:36,gcp-c4d-standard-48-lssd,AMD EPYC 9B45,bench_stable,ssd_read_random,79737.68,102736881,
2026-06-08T11:46:36,gcp-c4d-standard-48-lssd,AMD EPYC 9B45,bench_stable,tcp_echo,8467.30,3869945093,
2026-06-08T11:53:00,gcp-c4a-standard-48-lssd,Neoverse-V2,bench_stable,seq_mem_read_single,39024742.18,27514386109,
2026-06-08T11:53:00,gcp-c4a-standard-48-lssd,Neoverse-V2,bench_stable,seq_mem_read_threaded,3620179.90,296599023643,
2026-06-08T11:53:00,gcp-c4a-standard-48-lssd,Neoverse-V2,bench_stable,seq_mem_write_single,43095102.73,24915634397,
2026-06-08T11:53:00,gcp-c4a-standard-48-lssd,Neoverse-V2,bench_stable,seq_mem_write_threaded,6714048.42,159924647134,
2026-06-08T11:53:00,gcp-c4a-standard-48-lssd,Neoverse-V2,bench_stable,mem_random_rw,155.80,410779349,
2026-06-08T11:53:00,gcp-c4a-standard-48-lssd,Neoverse-V2,bench_stable,syscall,222.32,,
2026-06-08T11:53:00,gcp-c4a-standard-48-lssd,Neoverse-V2,bench_stable,context_switch,3129.83,,
2026-06-08T11:53:00,gcp-c4a-standard-48-lssd,Neoverse-V2,bench_stable,hash_non_crypto,57.34,1116234040,
2026-06-08T11:53:00,gcp-c4a-standard-48-lssd,Neoverse-V2,bench_stable,hash_crypto,406.99,157253371,
2026-06-08T11:53:00,gcp-c4a-standard-48-lssd,Neoverse-V2,bench_stable,sort_64bit,,616173597,
2026-06-08T11:53:00,gcp-c4a-standard-48-lssd,Neoverse-V2,bench_stable,compression,47687.61,21988437561,
2026-06-08T11:53:00,gcp-c4a-standard-48-lssd,Neoverse-V2,bench_stable,decompression,623045.95,1682983426,
2026-06-08T11:53:00,gcp-c4a-standard-48-lssd,Neoverse-V2,bench_stable,serialization_fast,68.70,2270808951,
2026-06-08T11:53:00,gcp-c4a-standard-48-lssd,Neoverse-V2,bench_stable,deserialization_fast,95.11,1640170895,
2026-06-08T11:53:00,gcp-c4a-standard-48-lssd,Neoverse-V2,bench_stable,serialization,597.42,239361306,
2026-06-08T11:53:00,gcp-c4a-standard-48-lssd,Neoverse-V2,bench_stable,deserialization,360.00,397221708,
2026-06-08T11:53:00,gcp-c4a-standard-48-lssd,Neoverse-V2,bench_stable,ssd_read_seq,909.49,9007275812,
2026-06-08T11:53:00,gcp-c4a-standard-48-lssd,Neoverse-V2,bench_stable,ssd_write_no_fsync,1975.12,4147587516,
2026-06-08T11:53:00,gcp-c4a-standard-48-lssd,Neoverse-V2,bench_stable,ssd_write_fsync,99178.03,82598937,
2026-06-08T11:53:00,gcp-c4a-standard-48-lssd,Neoverse-V2,bench_stable,ssd_read_random,78041.12,104970305,
2026-06-08T11:53:00,gcp-c4a-standard-48-lssd,Neoverse-V2,bench_stable,tcp_echo,17734.41,1847706957,
2026-06-09T11:19:44,gcp-c4-standard-48-lssd,Intel Xeon 6985P-C,bench_stable,seq_mem_read_single,43878954.61,24470542506,
2026-06-09T11:19:44,gcp-c4-standard-48-lssd,Intel Xeon 6985P-C,bench_stable,seq_mem_read_threaded,5496644.14,195344977139,
2026-06-09T11:19:44,gcp-c4-standard-48-lssd,Intel Xeon 6985P-C,bench_stable,seq_mem_write_single,91745023.03,11703543021,
2026-06-09T11:19:44,gcp-c4-standard-48-lssd,Intel Xeon 6985P-C,bench_stable,seq_mem_write_threaded,8499345.54,126332294579,
2026-06-09T11:19:44,gcp-c4-standard-48-lssd,Intel Xeon 6985P-C,bench_stable,mem_random_rw,201.24,318031607,
2026-06-09T11:19:44,gcp-c4-standard-48-lssd,Intel Xeon 6985P-C,bench_stable,syscall,103.36,,
2026-06-09T11:19:44,gcp-c4-standard-48-lssd,Intel Xeon 6985P-C,bench_stable,context_switch,3030.63,,
2026-06-09T11:19:44,gcp-c4-standard-48-lssd,Intel Xeon 6985P-C,bench_stable,hash_non_crypto,40.29,1588535578,
2026-06-09T11:19:44,gcp-c4-standard-48-lssd,Intel Xeon 6985P-C,bench_stable,hash_crypto,121.74,525726214,
2026-06-09T11:19:44,gcp-c4-standard-48-lssd,Intel Xeon 6985P-C,bench_stable,sort_64bit,,700310341,
2026-06-09T11:19:44,gcp-c4-standard-48-lssd,Intel Xeon 6985P-C,bench_stable,compression,34995.86,29962856573,
2026-06-09T11:19:44,gcp-c4-standard-48-lssd,Intel Xeon 6985P-C,bench_stable,decompression,384576.53,2726573028,
2026-06-09T11:19:44,gcp-c4-standard-48-lssd,Intel Xeon 6985P-C,bench_stable,serialization_fast,44.14,3534337805,
2026-06-09T11:19:44,gcp-c4-standard-48-lssd,Intel Xeon 6985P-C,bench_stable,deserialization_fast,68.88,2264729876,
2026-06-09T11:19:44,gcp-c4-standard-48-lssd,Intel Xeon 6985P-C,bench_stable,serialization,494.27,289314893,
2026-06-09T11:19:44,gcp-c4-standard-48-lssd,Intel Xeon 6985P-C,bench_stable,deserialization,314.19,455139258,
2026-06-09T11:19:44,gcp-c4-standard-48-lssd,Intel Xeon 6985P-C,bench_stable,ssd_read_seq,1034.55,7918436831,
2026-06-09T11:19:44,gcp-c4-standard-48-lssd,Intel Xeon 6985P-C,bench_stable,ssd_write_no_fsync,2012.85,4069846803,
2026-06-09T11:19:44,gcp-c4-standard-48-lssd,Intel Xeon 6985P-C,bench_stable,ssd_write_fsync,188499.09,43459096,
2026-06-09T11:19:44,gcp-c4-standard-48-lssd,Intel Xeon 6985P-C,bench_stable,ssd_read_random,92124.05,88923575,
2026-06-09T11:19:44,gcp-c4-standard-48-lssd,Intel Xeon 6985P-C,bench_stable,tcp_echo,53146.13,616564168,
2026-06-09T11:30:49,gcp-c4d-standard-48-lssd,AMD EPYC 9B45,bench_stable,seq_mem_read_single,24201742.43,44366302440,
2026-06-09T11:30:49,gcp-c4d-standard-48-lssd,AMD EPYC 9B45,bench_stable,seq_mem_read_threaded,7290741.10,147274715875,
2026-06-09T11:30:49,gcp-c4d-standard-48-lssd,AMD EPYC 9B45,bench_stable,seq_mem_write_single,35328811.44,30392809158,
2026-06-09T11:30:49,gcp-c4d-standard-48-lssd,AMD EPYC 9B45,bench_stable,seq_mem_write_threaded,10293044.06,104317227980,
2026-06-09T11:30:49,gcp-c4d-standard-48-lssd,AMD EPYC 9B45,bench_stable,mem_random_rw,161.95,395189096,
2026-06-09T11:30:49,gcp-c4d-standard-48-lssd,AMD EPYC 9B45,bench_stable,syscall,77.05,,
2026-06-09T11:30:49,gcp-c4d-standard-48-lssd,AMD EPYC 9B45,bench_stable,context_switch,2294.98,,
2026-06-09T11:30:49,gcp-c4d-standard-48-lssd,AMD EPYC 9B45,bench_stable,hash_non_crypto,31.55,2028414772,
2026-06-09T11:30:49,gcp-c4d-standard-48-lssd,AMD EPYC 9B45,bench_stable,hash_crypto,119.06,537554488,
2026-06-09T11:30:49,gcp-c4d-standard-48-lssd,AMD EPYC 9B45,bench_stable,sort_64bit,,735240762,
2026-06-09T11:30:49,gcp-c4d-standard-48-lssd,AMD EPYC 9B45,bench_stable,compression,32624.04,32141207853,
2026-06-09T11:30:49,gcp-c4d-standard-48-lssd,AMD EPYC 9B45,bench_stable,decompression,338272.69,3099794989,
2026-06-09T11:30:49,gcp-c4d-standard-48-lssd,AMD EPYC 9B45,bench_stable,serialization_fast,43.17,3613247199,
2026-06-09T11:30:49,gcp-c4d-standard-48-lssd,AMD EPYC 9B45,bench_stable,deserialization_fast,68.25,2285727407,
2026-06-09T11:30:49,gcp-c4d-standard-48-lssd,AMD EPYC 9B45,bench_stable,serialization,529.91,269859129,
2026-06-09T11:30:49,gcp-c4d-standard-48-lssd,AMD EPYC 9B45,bench_stable,deserialization,289.42,494086876,
2026-06-09T11:30:49,gcp-c4d-standard-48-lssd,AMD EPYC 9B45,bench_stable,ssd_read_seq,575.51,14234338221,
2026-06-09T11:30:49,gcp-c4d-standard-48-lssd,AMD EPYC 9B45,bench_stable,ssd_write_no_fsync,1657.43,4942596960,
2026-06-09T11:30:49,gcp-c4d-standard-48-lssd,AMD EPYC 9B45,bench_stable,ssd_write_fsync,94495.74,86691742,
2026-06-09T11:30:49,gcp-c4d-standard-48-lssd,AMD EPYC 9B45,bench_stable,ssd_read_random,78623.07,104193334,
2026-06-09T11:30:49,gcp-c4d-standard-48-lssd,AMD EPYC 9B45,bench_stable,tcp_echo,8929.35,3669695550,
2026-06-09T11:37:19,gcp-c4a-standard-48-lssd,Neoverse-V2,bench_stable,seq_mem_read_single,39305485.29,27317862025,
2026-06-09T11:37:19,gcp-c4a-standard-48-lssd,Neoverse-V2,bench_stable,seq_mem_read_threaded,3579803.41,299944354962,
2026-06-09T11:37:19,gcp-c4a-standard-48-lssd,Neoverse-V2,bench_stable,seq_mem_write_single,43614768.55,24618766983,
2026-06-09T11:37:19,gcp-c4a-standard-48-lssd,Neoverse-V2,bench_stable,seq_mem_write_threaded,6819762.84,157445625243,
2026-06-09T11:37:19,gcp-c4a-standard-48-lssd,Neoverse-V2,bench_stable,mem_random_rw,151.41,422693514,
2026-06-09T11:37:19,gcp-c4a-standard-48-lssd,Neoverse-V2,bench_stable,syscall,221.90,,
2026-06-09T11:37:19,gcp-c4a-standard-48-lssd,Neoverse-V2,bench_stable,context_switch,3132.99,,
2026-06-09T11:37:19,gcp-c4a-standard-48-lssd,Neoverse-V2,bench_stable,hash_non_crypto,57.33,1116325187,
2026-06-09T11:37:19,gcp-c4a-standard-48-lssd,Neoverse-V2,bench_stable,hash_crypto,406.66,157379040,
2026-06-09T11:37:19,gcp-c4a-standard-48-lssd,Neoverse-V2,bench_stable,sort_64bit,,618266003,
2026-06-09T11:37:19,gcp-c4a-standard-48-lssd,Neoverse-V2,bench_stable,compression,60803.21,17245405434,
2026-06-09T11:37:19,gcp-c4a-standard-48-lssd,Neoverse-V2,bench_stable,decompression,635473.55,1650070243,
2026-06-09T11:37:19,gcp-c4a-standard-48-lssd,Neoverse-V2,bench_stable,serialization_fast,68.55,2275714332,
2026-06-09T11:37:19,gcp-c4a-standard-48-lssd,Neoverse-V2,bench_stable,deserialization_fast,94.86,1644576775,
2026-06-09T11:37:19,gcp-c4a-standard-48-lssd,Neoverse-V2,bench_stable,serialization,595.80,240012166,
2026-06-09T11:37:19,gcp-c4a-standard-48-lssd,Neoverse-V2,bench_stable,deserialization,360.04,397183188,
2026-06-09T11:37:19,gcp-c4a-standard-48-lssd,Neoverse-V2,bench_stable,ssd_read_seq,889.41,9210629013,
2026-06-09T11:37:19,gcp-c4a-standard-48-lssd,Neoverse-V2,bench_stable,ssd_write_no_fsync,1954.03,4192352237,
2026-06-09T11:37:19,gcp-c4a-standard-48-lssd,Neoverse-V2,bench_stable,ssd_write_fsync,96812.97,84616760,
2026-06-09T11:37:19,gcp-c4a-standard-48-lssd,Neoverse-V2,bench_stable,ssd_read_random,75579.42,108389292,
2026-06-09T11:37:19,gcp-c4a-standard-48-lssd,Neoverse-V2,bench_stable,tcp_echo,17499.50,1872510468,
2026-06-10T21:59:45,gcp-c4-standard-16-lssd,Intel Xeon 6985P-C,bench_stable,seq_mem_read_single,44570395.53,24090919794,
2026-06-10T21:59:45,gcp-c4-standard-16-lssd,Intel Xeon 6985P-C,bench_stable,seq_mem_read_threaded,8045541.88,133457986964,
2026-06-10T21:59:45,gcp-c4-standard-16-lssd,Intel Xeon 6985P-C,bench_stable,seq_mem_write_single,97430886.35,11020548660,
2026-06-10T21:59:45,gcp-c4-standard-16-lssd,Intel Xeon 6985P-C,bench_stable,seq_mem_write_threaded,15393374.69,69753504075,
2026-06-10T21:59:45,gcp-c4-standard-16-lssd,Intel Xeon 6985P-C,bench_stable,ssd_read_seq,1074.27,7625652970,
2026-06-10T21:59:45,gcp-c4-standard-16-lssd,Intel Xeon 6985P-C,bench_stable,ssd_write_no_fsync,5599.08,1463098445,
2026-06-10T21:59:45,gcp-c4-standard-16-lssd,Intel Xeon 6985P-C,bench_stable,ssd_write_fsync,174443.20,46960844,
2026-06-10T22:05:20,gcp-c4d-standard-16-lssd,AMD EPYC 9B45,bench_stable,seq_mem_read_single,21677490.99,49532569259,
2026-06-10T22:05:20,gcp-c4d-standard-16-lssd,AMD EPYC 9B45,bench_stable,seq_mem_read_threaded,19597026.40,54791058716,
2026-06-10T22:05:20,gcp-c4d-standard-16-lssd,AMD EPYC 9B45,bench_stable,seq_mem_write_single,33704578.13,31857447368,
2026-06-10T22:05:20,gcp-c4d-standard-16-lssd,AMD EPYC 9B45,bench_stable,seq_mem_write_threaded,30535770.43,35163410282,
2026-06-10T22:05:20,gcp-c4d-standard-16-lssd,AMD EPYC 9B45,bench_stable,ssd_read_seq,523.22,15656912048,
2026-06-10T22:05:20,gcp-c4d-standard-16-lssd,AMD EPYC 9B45,bench_stable,ssd_write_no_fsync,7115.05,1151361794,
2026-06-10T22:05:20,gcp-c4d-standard-16-lssd,AMD EPYC 9B45,bench_stable,ssd_write_fsync,94896.75,86325404,
2026-06-10T22:09:24,gcp-c4a-standard-16-lssd,Neoverse-V2,bench_stable,seq_mem_read_single,40048828.63,26810817214,
2026-06-10T22:09:24,gcp-c4a-standard-16-lssd,Neoverse-V2,bench_stable,seq_mem_read_threaded,3697762.99,290376053781,
2026-06-10T22:09:24,gcp-c4a-standard-16-lssd,Neoverse-V2,bench_stable,seq_mem_write_single,43575947.31,24640699522,
2026-06-10T22:09:24,gcp-c4a-standard-16-lssd,Neoverse-V2,bench_stable,seq_mem_write_threaded,6619717.30,162203576788,
2026-06-10T22:09:24,gcp-c4a-standard-16-lssd,Neoverse-V2,bench_stable,ssd_read_seq,875.65,9355382764,
2026-06-10T22:09:24,gcp-c4a-standard-16-lssd,Neoverse-V2,bench_stable,ssd_write_no_fsync,5277.56,1552232567,
2026-06-10T22:09:24,gcp-c4a-standard-16-lssd,Neoverse-V2,bench_stable,ssd_write_fsync,95146.70,86098621,
2026-06-10T22:13:23,aws-c7i.4xlarge,Intel Xeon Platinum 8488C,bench_stable,seq_mem_read_single,99020074.44,10843678215,
2026-06-10T22:13:23,aws-c7i.4xlarge,Intel Xeon Platinum 8488C,bench_stable,seq_mem_read_threaded,12346844.88,86964875207,
2026-06-10T22:13:23,aws-c7i.4xlarge,Intel Xeon Platinum 8488C,bench_stable,seq_mem_write_single,98744882.29,10873898465,
2026-06-10T22:13:23,aws-c7i.4xlarge,Intel Xeon Platinum 8488C,bench_stable,seq_mem_write_threaded,18778780.64,57178463527,
2026-06-10T22:13:23,aws-c7i.4xlarge,Intel Xeon Platinum 8488C,bench_stable,ssd_read_seq,62477.69,131118802,
2026-06-10T22:13:23,aws-c7i.4xlarge,Intel Xeon Platinum 8488C,bench_stable,ssd_write_no_fsync,14841.48,551966479,
2026-06-10T22:13:23,aws-c7i.4xlarge,Intel Xeon Platinum 8488C,bench_stable,ssd_write_fsync,2814151.33,2911002,
2026-06-10T22:16:14,aws-c7a.4xlarge,AMD EPYC 9R14,bench_stable,seq_mem_read_single,28731402.29,37371716600,
2026-06-10T22:16:14,aws-c7a.4xlarge,AMD EPYC 9R14,bench_stable,seq_mem_read_threaded,13494116.74,79571108261,
2026-06-10T22:16:14,aws-c7a.4xlarge,AMD EPYC 9R14,bench_stable,seq_mem_write_single,38985538.75,27542054267,
2026-06-10T22:16:14,aws-c7a.4xlarge,AMD EPYC 9R14,bench_stable,seq_mem_write_threaded,18846912.87,56971761445,
2026-06-10T22:16:14,aws-c7a.4xlarge,AMD EPYC 9R14,bench_stable,ssd_read_seq,62462.89,131149875,
2026-06-10T22:16:14,aws-c7a.4xlarge,AMD EPYC 9R14,bench_stable,ssd_write_no_fsync,10725.13,763813892,
2026-06-10T22:16:14,aws-c7a.4xlarge,AMD EPYC 9R14,bench_stable,ssd_write_fsync,2828859.66,2895867,
2026-06-10T22:19:06,aws-c7g.4xlarge,Neoverse-V1,bench_stable,seq_mem_read_single,41992385.03,25569917578,
2026-06-10T22:19:06,aws-c7g.4xlarge,Neoverse-V1,bench_stable,seq_mem_read_threaded,7725943.88,138978724208,
2026-06-10T22:19:06,aws-c7g.4xlarge,Neoverse-V1,bench_stable,seq_mem_write_single,49162252.30,21840777704,
2026-06-10T22:19:06,aws-c7g.4xlarge,Neoverse-V1,bench_stable,seq_mem_write_threaded,11626084.49,92356272181,
2026-06-10T22:19:06,aws-c7g.4xlarge,Neoverse-V1,bench_stable,ssd_read_seq,62469.99,131134957,
2026-06-10T22:19:06,aws-c7g.4xlarge,Neoverse-V1,bench_stable,ssd_write_no_fsync,14723.79,556378669,
2026-06-10T22:19:06,aws-c7g.4xlarge,Neoverse-V1,bench_stable,ssd_write_fsync,2786221.93,2940182,
2026-06-11T21:59:45,gcp-c4-standard-48-lssd,Intel Xeon 6985P-C,bench_stable,seq_mem_read_single,51837573.81,20713581773,
2026-06-11T21:59:45,gcp-c4-standard-48-lssd,Intel Xeon 6985P-C,bench_stable,seq_mem_read_threaded,5514491.80,194712742909,
2026-06-11T21:59:45,gcp-c4-standard-48-lssd,Intel Xeon 6985P-C,bench_stable,seq_mem_write_single,94748058.58,11332599739,
2026-06-11T21:59:45,gcp-c4-standard-48-lssd,Intel Xeon 6985P-C,bench_stable,seq_mem_write_threaded,8587497.93,125035468103,
2026-06-11T21:59:45,gcp-c4-standard-48-lssd,Intel Xeon 6985P-C,bench_stable,mem_random_read,33.00,1939468627,
2026-06-11T21:59:45,gcp-c4-standard-48-lssd,Intel Xeon 6985P-C,bench_stable,mem_random_write,32.40,1975450188,
2026-06-11T21:59:45,gcp-c4-standard-48-lssd,Intel Xeon 6985P-C,bench_stable,ssd_read_seq,1039.48,7880839692,
2026-06-11T21:59:45,gcp-c4-standard-48-lssd,Intel Xeon 6985P-C,bench_stable,ssd_write_no_fsync,2023.15,4049139089,
2026-06-11T21:59:45,gcp-c4-standard-48-lssd,Intel Xeon 6985P-C,bench_stable,ssd_write_fsync,193737.79,42283955,
2026-06-11T22:04:48,gcp-c4d-standard-48-lssd,AMD EPYC 9B45,bench_stable,seq_mem_read_single,21680505.90,49525681229,
2026-06-11T22:04:48,gcp-c4d-standard-48-lssd,AMD EPYC 9B45,bench_stable,seq_mem_read_threaded,7773045.43,138136568685,
2026-06-11T22:04:48,gcp-c4d-standard-48-lssd,AMD EPYC 9B45,bench_stable,seq_mem_write_single,33620046.29,31937547462,
2026-06-11T22:04:48,gcp-c4d-standard-48-lssd,AMD EPYC 9B45,bench_stable,seq_mem_write_threaded,10201517.41,105253148241,
2026-06-11T22:04:48,gcp-c4d-standard-48-lssd,AMD EPYC 9B45,bench_stable,mem_random_read,19.85,3223968266,
2026-06-11T22:04:48,gcp-c4d-standard-48-lssd,AMD EPYC 9B45,bench_stable,mem_random_write,16.77,3817067732,
2026-06-11T22:04:48,gcp-c4d-standard-48-lssd,AMD EPYC 9B45,bench_stable,ssd_read_seq,500.87,16355479602,
2026-06-11T22:04:48,gcp-c4d-standard-48-lssd,AMD EPYC 9B45,bench_stable,ssd_write_no_fsync,1659.33,4936943514,
2026-06-11T22:04:48,gcp-c4d-standard-48-lssd,AMD EPYC 9B45,bench_stable,ssd_write_fsync,92408.21,88650131,
2026-06-11T22:10:57,gcp-c4a-standard-48-lssd,Neoverse-V2,bench_stable,seq_mem_read_single,39751244.24,27011527427,
2026-06-11T22:10:57,gcp-c4a-standard-48-lssd,Neoverse-V2,bench_stable,seq_mem_read_threaded,3710872.07,289350267210,
2026-06-11T22:10:57,gcp-c4a-standard-48-lssd,Neoverse-V2,bench_stable,seq_mem_write_single,44605929.72,24071728370,
2026-06-11T22:10:57,gcp-c4a-standard-48-lssd,Neoverse-V2,bench_stable,seq_mem_write_threaded,6943554.24,154638645695,
2026-06-11T22:10:57,gcp-c4a-standard-48-lssd,Neoverse-V2,bench_stable,mem_random_read,36.09,1773447428,
2026-06-11T22:10:57,gcp-c4a-standard-48-lssd,Neoverse-V2,bench_stable,mem_random_write,19.58,3267961454,
2026-06-11T22:10:57,gcp-c4a-standard-48-lssd,Neoverse-V2,bench_stable,ssd_read_seq,899.91,9103179461,
2026-06-11T22:10:57,gcp-c4a-standard-48-lssd,Neoverse-V2,bench_stable,ssd_write_no_fsync,2024.27,4046896051,
2026-06-11T22:10:57,gcp-c4a-standard-48-lssd,Neoverse-V2,bench_stable,ssd_write_fsync,100147.39,81799435,
2026-06-11T22:15:23,aws-c7i.12xlarge,Intel Xeon Platinum 8488C,bench_stable,seq_mem_read_single,95037089.93,11298134494,
2026-06-11T22:15:23,aws-c7i.12xlarge,Intel Xeon Platinum 8488C,bench_stable,seq_mem_read_threaded,5768656.91,186133763926,
2026-06-11T22:15:23,aws-c7i.12xlarge,Intel Xeon Platinum 8488C,bench_stable,seq_mem_write_single,92154643.50,11651521651,
2026-06-11T22:15:23,aws-c7i.12xlarge,Intel Xeon Platinum 8488C,bench_stable,seq_mem_write_threaded,7624215.84,140833083321,
2026-06-11T22:15:23,aws-c7i.12xlarge,Intel Xeon Platinum 8488C,bench_stable,mem_random_read,35.25,1815804543,
2026-06-11T22:15:23,aws-c7i.12xlarge,Intel Xeon Platinum 8488C,bench_stable,mem_random_write,24.33,2630670595,
2026-06-11T22:15:23,aws-c7i.12xlarge,Intel Xeon Platinum 8488C,bench_stable,ssd_read_seq,62464.07,131147391,
2026-06-11T22:15:23,aws-c7i.12xlarge,Intel Xeon Platinum 8488C,bench_stable,ssd_write_no_fsync,3339.92,2452751197,
2026-06-11T22:15:23,aws-c7i.12xlarge,Intel Xeon Platinum 8488C,bench_stable,ssd_write_fsync,3901226.54,2099852,
2026-06-11T22:18:26,aws-c7a.12xlarge,AMD EPYC 9R14,bench_stable,seq_mem_read_single,29664383.96,36196329756,
2026-06-11T22:18:26,aws-c7a.12xlarge,AMD EPYC 9R14,bench_stable,seq_mem_read_threaded,4912956.42,218553093408,
2026-06-11T22:18:26,aws-c7a.12xlarge,AMD EPYC 9R14,bench_stable,seq_mem_write_single,39007771.61,27526356407,
2026-06-11T22:18:26,aws-c7a.12xlarge,AMD EPYC 9R14,bench_stable,seq_mem_write_threaded,7798023.94,137694091740,
2026-06-11T22:18:26,aws-c7a.12xlarge,AMD EPYC 9R14,bench_stable,mem_random_read,29.52,2168097406,
2026-06-11T22:18:26,aws-c7a.12xlarge,AMD EPYC 9R14,bench_stable,mem_random_write,29.86,2143530922,
2026-06-11T22:18:26,aws-c7a.12xlarge,AMD EPYC 9R14,bench_stable,ssd_read_seq,62469.65,131135673,
2026-06-11T22:18:26,aws-c7a.12xlarge,AMD EPYC 9R14,bench_stable,ssd_write_no_fsync,3806.68,2152008023,
2026-06-11T22:18:26,aws-c7a.12xlarge,AMD EPYC 9R14,bench_stable,ssd_write_fsync,2835139.87,2889452,
2026-06-11T22:21:28,aws-c7g.12xlarge,Neoverse-V1,bench_stable,seq_mem_read_single,33326573.98,32218788065,
2026-06-11T22:21:28,aws-c7g.12xlarge,Neoverse-V1,bench_stable,seq_mem_read_threaded,4126939.90,260178691790,
2026-06-11T22:21:28,aws-c7g.12xlarge,Neoverse-V1,bench_stable,seq_mem_write_single,40548721.24,26480288187,
2026-06-11T22:21:28,aws-c7g.12xlarge,Neoverse-V1,bench_stable,seq_mem_write_threaded,9423077.16,113948109012,
2026-06-11T22:21:28,aws-c7g.12xlarge,Neoverse-V1,bench_stable,mem_random_read,38.26,1672862461,
2026-06-11T22:21:28,aws-c7g.12xlarge,Neoverse-V1,bench_stable,mem_random_write,23.24,2753671107,
2026-06-11T22:21:28,aws-c7g.12xlarge,Neoverse-V1,bench_stable,ssd_read_seq,62465.57,131144236,
2026-06-11T22:21:28,aws-c7g.12xlarge,Neoverse-V1,bench_stable,ssd_write_no_fsync,3320.05,2467432916,
2026-06-11T22:21:28,aws-c7g.12xlarge,Neoverse-V1,bench_stable,ssd_write_fsync,2783159.27,2943418,
2026-06-12T22:59:49,gcp-c4-standard-48-lssd,Intel Xeon 6985P-C,bench_stable,mem_random_read,33.72,1897849232,
2026-06-12T22:59:49,gcp-c4-standard-48-lssd,Intel Xeon 6985P-C,bench_stable,mem_random_write,32.77,1953118903,
2026-06-12T22:59:49,gcp-c4-standard-48-lssd,Intel Xeon 6985P-C,bench_stable,seq_mem_read_single,52291154.90,20533909148,
2026-06-12T22:59:49,gcp-c4-standard-48-lssd,Intel Xeon 6985P-C,bench_stable,seq_mem_read_threaded,5573358.97,192656139587,
2026-06-12T22:59:49,gcp-c4-standard-48-lssd,Intel Xeon 6985P-C,bench_stable,seq_mem_write_single,97182995.39,11048659487,
2026-06-12T22:59:49,gcp-c4-standard-48-lssd,Intel Xeon 6985P-C,bench_stable,seq_mem_write_threaded,8570085.11,125289516995,
2026-06-12T22:59:49,gcp-c4-standard-48-lssd,Intel Xeon 6985P-C,bench_stable,ssd_read_seq,1062.86,7707497606,
2026-06-12T22:59:49,gcp-c4-standard-48-lssd,Intel Xeon 6985P-C,bench_stable,ssd_write_fsync,185759.77,44099968,
2026-06-12T22:59:49,gcp-c4-standard-48-lssd,Intel Xeon 6985P-C,bench_stable,ssd_write_no_fsync,2041.40,4012929054,
2026-06-12T23:04:50,gcp-c4d-standard-48-lssd,AMD EPYC 9B45,bench_stable,mem_random_read,24.74,2586500760,
2026-06-12T23:04:50,gcp-c4d-standard-48-lssd,AMD EPYC 9B45,bench_stable,mem_random_write,22.38,2860297127,
2026-06-12T23:04:50,gcp-c4d-standard-48-lssd,AMD EPYC 9B45,bench_stable,seq_mem_read_single,23458921.25,45771150874,
2026-06-12T23:04:50,gcp-c4d-standard-48-lssd,AMD EPYC 9B45,bench_stable,seq_mem_read_threaded,8117108.88,132281313418,
2026-06-12T23:04:50,gcp-c4d-standard-48-lssd,AMD EPYC 9B45,bench_stable,seq_mem_write_single,35082740.22,30605985084,
2026-06-12T23:04:50,gcp-c4d-standard-48-lssd,AMD EPYC 9B45,bench_stable,seq_mem_write_threaded,10390267.10,103341118570,
2026-06-12T23:04:50,gcp-c4d-standard-48-lssd,AMD EPYC 9B45,bench_stable,ssd_read_seq,580.60,14109645197,
2026-06-12T23:04:50,gcp-c4d-standard-48-lssd,AMD EPYC 9B45,bench_stable,ssd_write_fsync,93704.70,87423580,
2026-06-12T23:04:50,gcp-c4d-standard-48-lssd,AMD EPYC 9B45,bench_stable,ssd_write_no_fsync,1663.26,4925264016,
2026-06-12T23:09:34,gcp-c4a-standard-48-lssd,Neoverse-V2,bench_stable,mem_random_read,35.06,1825700081,
2026-06-12T23:09:34,gcp-c4a-standard-48-lssd,Neoverse-V2,bench_stable,mem_random_write,19.28,3318869006,
2026-06-12T23:09:34,gcp-c4a-standard-48-lssd,Neoverse-V2,bench_stable,seq_mem_read_single,39505365.48,27179645368,
2026-06-12T23:09:34,gcp-c4a-standard-48-lssd,Neoverse-V2,bench_stable,seq_mem_read_threaded,3694607.64,290624046931,
2026-06-12T23:09:34,gcp-c4a-standard-48-lssd,Neoverse-V2,bench_stable,seq_mem_write_single,43503183.63,24681913697,
2026-06-12T23:09:34,gcp-c4a-standard-48-lssd,Neoverse-V2,bench_stable,seq_mem_write_threaded,6669814.60,160985258051,
2026-06-12T23:09:34,gcp-c4a-standard-48-lssd,Neoverse-V2,bench_stable,ssd_read_seq,875.23,9359861755,
2026-06-12T23:09:34,gcp-c4a-standard-48-lssd,Neoverse-V2,bench_stable,ssd_write_fsync,94090.89,87064747,
2026-06-12T23:09:34,gcp-c4a-standard-48-lssd,Neoverse-V2,bench_stable,ssd_write_no_fsync,2017.14,4061190073,
2026-06-12T23:14:01,aws-c7i.12xlarge,Intel Xeon Platinum 8488C,bench_stable,mem_random_read,34.60,1849759542,
2026-06-12T23:14:01,aws-c7i.12xlarge,Intel Xeon Platinum 8488C,bench_stable,mem_random_write,23.84,2684908093,
2026-06-12T23:14:01,aws-c7i.12xlarge,Intel Xeon Platinum 8488C,bench_stable,seq_mem_read_single,90361735.13,11882704803,
2026-06-12T23:14:01,aws-c7i.12xlarge,Intel Xeon Platinum 8488C,bench_stable,seq_mem_read_threaded,4963744.96,216316880042,
2026-06-12T23:14:01,aws-c7i.12xlarge,Intel Xeon Platinum 8488C,bench_stable,seq_mem_write_single,86957912.70,12347833460,
2026-06-12T23:14:01,aws-c7i.12xlarge,Intel Xeon Platinum 8488C,bench_stable,seq_mem_write_threaded,6824430.06,157337948274,
2026-06-12T23:14:01,aws-c7i.12xlarge,Intel Xeon Platinum 8488C,bench_stable,ssd_read_seq,62473.27,131128074,
2026-06-12T23:14:01,aws-c7i.12xlarge,Intel Xeon Platinum 8488C,bench_stable,ssd_write_fsync,2805377.13,2920107,
2026-06-12T23:14:01,aws-c7i.12xlarge,Intel Xeon Platinum 8488C,bench_stable,ssd_write_no_fsync,3174.88,2580256756,
2026-06-12T23:17:07,aws-c7a.12xlarge,AMD EPYC 9R14,bench_stable,mem_random_read,29.85,2144392603,
2026-06-12T23:17:07,aws-c7a.12xlarge,AMD EPYC 9R14,bench_stable,mem_random_write,30.11,2125492429,
2026-06-12T23:17:07,aws-c7a.12xlarge,AMD EPYC 9R14,bench_stable,seq_mem_read_single,29734881.01,36110513568,
2026-06-12T23:17:07,aws-c7a.12xlarge,AMD EPYC 9R14,bench_stable,seq_mem_read_threaded,4941828.73,217276211443,
2026-06-12T23:17:07,aws-c7a.12xlarge,AMD EPYC 9R14,bench_stable,seq_mem_write_single,38941080.89,27573498204,
2026-06-12T23:17:07,aws-c7a.12xlarge,AMD EPYC 9R14,bench_stable,seq_mem_write_threaded,7859493.95,136617170308,
2026-06-12T23:17:07,aws-c7a.12xlarge,AMD EPYC 9R14,bench_stable,ssd_read_seq,62463.95,131147651,
2026-06-12T23:17:07,aws-c7a.12xlarge,AMD EPYC 9R14,bench_stable,ssd_write_fsync,2840541.16,2883958,
2026-06-12T23:17:07,aws-c7a.12xlarge,AMD EPYC 9R14,bench_stable,ssd_write_no_fsync,3820.62,2144156931,
2026-06-12T23:20:15,aws-c7g.12xlarge,Neoverse-V1,bench_stable,mem_random_read,38.74,1652199655,
2026-06-12T23:20:15,aws-c7g.12xlarge,Neoverse-V1,bench_stable,mem_random_write,23.13,2766890389,
2026-06-12T23:20:15,aws-c7g.12xlarge,Neoverse-V1,bench_stable,seq_mem_read_single,34555357.96,31073092204,
2026-06-12T23:20:15,aws-c7g.12xlarge,Neoverse-V1,bench_stable,seq_mem_read_threaded,4141572.93,259259426983,
2026-06-12T23:20:15,aws-c7g.12xlarge,Neoverse-V1,bench_stable,seq_mem_write_single,41000515.89,26188495452,
2026-06-12T23:20:15,aws-c7g.12xlarge,Neoverse-V1,bench_stable,seq_mem_write_threaded,9597201.23,111880724161,
2026-06-12T23:20:15,aws-c7g.12xlarge,Neoverse-V1,bench_stable,ssd_read_seq,62467.35,131140511,
2026-06-12T23:20:15,aws-c7g.12xlarge,Neoverse-V1,bench_stable,ssd_write_fsync,2788967.82,2937287,
2026-06-12T23:20:15,aws-c7g.12xlarge,Neoverse-V1,bench_stable,ssd_write_no_fsync,3190.06,2567979218,
2026-06-13T10:53:05,gcp-c4-standard-48-lssd,Intel Xeon 6985P-C,bench_stable,mem_random_read,32.90,1945544761,
2026-06-13T10:53:05,gcp-c4-standard-48-lssd,Intel Xeon 6985P-C,bench_stable,mem_random_write,32.22,1986035714,
2026-06-13T10:53:05,gcp-c4-standard-48-lssd,Intel Xeon 6985P-C,bench_stable,seq_mem_read_single,47633557.09,22541709870,
2026-06-13T10:53:05,gcp-c4-standard-48-lssd,Intel Xeon 6985P-C,bench_stable,seq_mem_read_threaded,5534557.87,194006793080,
2026-06-13T10:53:05,gcp-c4-standard-48-lssd,Intel Xeon 6985P-C,bench_stable,seq_mem_write_single,93013575.44,11543925915,
2026-06-13T10:53:05,gcp-c4-standard-48-lssd,Intel Xeon 6985P-C,bench_stable,seq_mem_write_threaded,8476581.63,126671560700,
2026-06-13T10:53:05,gcp-c4-standard-48-lssd,Intel Xeon 6985P-C,bench_stable,ssd_read_seq,1044.13,7845748179,
2026-06-13T10:53:05,gcp-c4-standard-48-lssd,Intel Xeon 6985P-C,bench_stable,ssd_write_fsync,172498.06,47490389,
2026-06-13T10:53:05,gcp-c4-standard-48-lssd,Intel Xeon 6985P-C,bench_stable,ssd_write_no_fsync,2020.02,4055413360,
2026-06-13T10:58:02,gcp-c4d-standard-48-lssd,AMD EPYC 9B45,bench_stable,mem_random_read,23.66,2704481897,
2026-06-13T10:58:02,gcp-c4d-standard-48-lssd,AMD EPYC 9B45,bench_stable,mem_random_write,21.71,2948533697,
2026-06-13T10:58:02,gcp-c4d-standard-48-lssd,AMD EPYC 9B45,bench_stable,seq_mem_read_single,22010029.58,48784206323,
2026-06-13T10:58:02,gcp-c4d-standard-48-lssd,AMD EPYC 9B45,bench_stable,seq_mem_read_threaded,7746485.20,138610194985,
2026-06-13T10:58:02,gcp-c4d-standard-48-lssd,AMD EPYC 9B45,bench_stable,seq_mem_write_single,36122324.04,29725158958,
2026-06-13T10:58:02,gcp-c4d-standard-48-lssd,AMD EPYC 9B45,bench_stable,seq_mem_write_threaded,10269664.37,104554714288,
2026-06-13T10:58:02,gcp-c4d-standard-48-lssd,AMD EPYC 9B45,bench_stable,ssd_read_seq,525.42,15591368620,
2026-06-13T10:58:02,gcp-c4d-standard-48-lssd,AMD EPYC 9B45,bench_stable,ssd_write_fsync,94202.59,86961514,
2026-06-13T10:58:02,gcp-c4d-standard-48-lssd,AMD EPYC 9B45,bench_stable,ssd_write_no_fsync,1664.60,4921312577,
2026-06-13T11:02:51,gcp-c4a-standard-48-lssd,Neoverse-V2,bench_stable,mem_random_read,35.90,1782598656,
2026-06-13T11:02:51,gcp-c4a-standard-48-lssd,Neoverse-V2,bench_stable,mem_random_write,20.45,3130251006,
2026-06-13T11:02:51,gcp-c4a-standard-48-lssd,Neoverse-V2,bench_stable,seq_mem_read_single,39575714.22,27131331553,
2026-06-13T11:02:51,gcp-c4a-standard-48-lssd,Neoverse-V2,bench_stable,seq_mem_read_threaded,3610815.71,297368215500,
2026-06-13T11:02:51,gcp-c4a-standard-48-lssd,Neoverse-V2,bench_stable,seq_mem_write_single,43621146.74,24615167279,
2026-06-13T11:02:51,gcp-c4a-standard-48-lssd,Neoverse-V2,bench_stable,seq_mem_write_threaded,6835914.27,157073623421,
2026-06-13T11:02:51,gcp-c4a-standard-48-lssd,Neoverse-V2,bench_stable,ssd_read_seq,880.01,9308936149,
2026-06-13T11:02:51,gcp-c4a-standard-48-lssd,Neoverse-V2,bench_stable,ssd_write_fsync,96574.21,84825960,
2026-06-13T11:02:51,gcp-c4a-standard-48-lssd,Neoverse-V2,bench_stable,ssd_write_no_fsync,2033.62,4028274775,
2026-06-13T11:07:25,aws-c7i.12xlarge,Intel Xeon Platinum 8488C,bench_stable,mem_random_read,34.90,1833651431,
2026-06-13T11:07:25,aws-c7i.12xlarge,Intel Xeon Platinum 8488C,bench_stable,mem_random_write,23.97,2669699413,
2026-06-13T11:07:25,aws-c7i.12xlarge,Intel Xeon Platinum 8488C,bench_stable,seq_mem_read_single,92357206.14,11625966927,
2026-06-13T11:07:25,aws-c7i.12xlarge,Intel Xeon Platinum 8488C,bench_stable,seq_mem_read_threaded,5620333.50,191045927213,
2026-06-13T11:07:25,aws-c7i.12xlarge,Intel Xeon Platinum 8488C,bench_stable,seq_mem_write_single,88509564.52,12131364896,
2026-06-13T11:07:25,aws-c7i.12xlarge,Intel Xeon Platinum 8488C,bench_stable,seq_mem_write_threaded,7564550.38,141943905510,
2026-06-13T11:07:25,aws-c7i.12xlarge,Intel Xeon Platinum 8488C,bench_stable,ssd_read_seq,62466.47,131142358,
2026-06-13T11:07:25,aws-c7i.12xlarge,Intel Xeon Platinum 8488C,bench_stable,ssd_write_fsync,3531558.74,2319656,
2026-06-13T11:07:25,aws-c7i.12xlarge,Intel Xeon Platinum 8488C,bench_stable,ssd_write_no_fsync,3193.34,2565335820,
2026-06-13T11:10:30,aws-c7a.12xlarge,AMD EPYC 9R14,bench_stable,mem_random_read,27.69,2310886518,
2026-06-13T11:10:30,aws-c7a.12xlarge,AMD EPYC 9R14,bench_stable,mem_random_write,28.31,2260550622,
2026-06-13T11:10:30,aws-c7a.12xlarge,AMD EPYC 9R14,bench_stable,seq_mem_read_single,28524175.12,37643220868,
2026-06-13T11:10:30,aws-c7a.12xlarge,AMD EPYC 9R14,bench_stable,seq_mem_read_threaded,4872267.67,220378250355,
2026-06-13T11:10:30,aws-c7a.12xlarge,AMD EPYC 9R14,bench_stable,seq_mem_write_single,38904864.76,27599166085,
2026-06-13T11:10:30,aws-c7a.12xlarge,AMD EPYC 9R14,bench_stable,seq_mem_write_threaded,7751381.33,138522642390,
2026-06-13T11:10:30,aws-c7a.12xlarge,AMD EPYC 9R14,bench_stable,ssd_read_seq,62465.12,131145194,
2026-06-13T11:10:30,aws-c7a.12xlarge,AMD EPYC 9R14,bench_stable,ssd_write_fsync,2851526.82,2872847,
2026-06-13T11:10:30,aws-c7a.12xlarge,AMD EPYC 9R14,bench_stable,ssd_write_no_fsync,3864.93,2119575225,
2026-06-13T11:13:38,aws-c7g.12xlarge,Neoverse-V1,bench_stable,mem_random_read,37.09,1725586004,
2026-06-13T11:13:38,aws-c7g.12xlarge,Neoverse-V1,bench_stable,mem_random_write,22.76,2811893230,
2026-06-13T11:13:38,aws-c7g.12xlarge,Neoverse-V1,bench_stable,seq_mem_read_single,32833080.69,32703048309,
2026-06-13T11:13:38,aws-c7g.12xlarge,Neoverse-V1,bench_stable,seq_mem_read_threaded,4142055.54,259229219112,
2026-06-13T11:13:38,aws-c7g.12xlarge,Neoverse-V1,bench_stable,seq_mem_write_single,40354196.90,26607934406,
2026-06-13T11:13:38,aws-c7g.12xlarge,Neoverse-V1,bench_stable,seq_mem_write_threaded,9446595.82,113664418844,
2026-06-13T11:13:38,aws-c7g.12xlarge,Neoverse-V1,bench_stable,ssd_read_seq,62464.40,131146693,
2026-06-13T11:13:38,aws-c7g.12xlarge,Neoverse-V1,bench_stable,ssd_write_fsync,2782559.50,2944052,
2026-06-13T11:13:38,aws-c7g.12xlarge,Neoverse-V1,bench_stable,ssd_write_no_fsync,3185.62,2571552823,
2026-06-14T11:03:42,gcp-c4-standard-48-lssd,Intel Xeon 6985P-C,bench_stable,mem_random_read,33.08,1934488076,
2026-06-14T11:03:42,gcp-c4-standard-48-lssd,Intel Xeon 6985P-C,bench_stable,mem_random_write,32.04,1997693538,
2026-06-14T11:03:42,gcp-c4-standard-48-lssd,Intel Xeon 6985P-C,bench_stable,seq_mem_read_single,47812261.15,22457457527,
2026-06-14T11:03:42,gcp-c4-standard-48-lssd,Intel Xeon 6985P-C,bench_stable,seq_mem_read_threaded,5495797.36,195375075497,
2026-06-14T11:03:42,gcp-c4-standard-48-lssd,Intel Xeon 6985P-C,bench_stable,seq_mem_write_single,92362509.92,11625299323,
2026-06-14T11:03:42,gcp-c4-standard-48-lssd,Intel Xeon 6985P-C,bench_stable,seq_mem_write_threaded,8585075.28,125070752298,
2026-06-14T11:03:42,gcp-c4-standard-48-lssd,Intel Xeon 6985P-C,bench_stable,ssd_read_seq,939.56,8719015387,
2026-06-14T11:03:42,gcp-c4-standard-48-lssd,Intel Xeon 6985P-C,bench_stable,ssd_write_fsync,172794.17,47409007,
2026-06-14T11:03:42,gcp-c4-standard-48-lssd,Intel Xeon 6985P-C,bench_stable,ssd_write_no_fsync,2004.45,4086912456,
2026-06-14T11:08:35,gcp-c4d-standard-48-lssd,AMD EPYC 9B45,bench_stable,mem_random_read,24.28,2635460204,
2026-06-14T11:08:35,gcp-c4d-standard-48-lssd,AMD EPYC 9B45,bench_stable,mem_random_write,22.08,2898126796,
2026-06-14T11:08:35,gcp-c4d-standard-48-lssd,AMD EPYC 9B45,bench_stable,seq_mem_read_single,23314672.99,46054337726,
2026-06-14T11:08:35,gcp-c4d-standard-48-lssd,AMD EPYC 9B45,bench_stable,seq_mem_read_threaded,8007513.33,134091793489,
2026-06-14T11:08:35,gcp-c4d-standard-48-lssd,AMD EPYC 9B45,bench_stable,seq_mem_write_single,35775715.47,30013147462,
2026-06-14T11:08:35,gcp-c4d-standard-48-lssd,AMD EPYC 9B45,bench_stable,seq_mem_write_threaded,10354899.25,103694087013,
2026-06-14T11:08:35,gcp-c4d-standard-48-lssd,AMD EPYC 9B45,bench_stable,ssd_read_seq,554.04,14785885958,
2026-06-14T11:08:35,gcp-c4d-standard-48-lssd,AMD EPYC 9B45,bench_stable,ssd_write_fsync,92852.23,88226204,
2026-06-14T11:08:35,gcp-c4d-standard-48-lssd,AMD EPYC 9B45,bench_stable,ssd_write_no_fsync,1679.08,4878871550,
2026-06-14T11:13:14,gcp-c4a-standard-48-lssd,Neoverse-V2,bench_stable,mem_random_read,34.69,1844987993,
2026-06-14T11:13:14,gcp-c4a-standard-48-lssd,Neoverse-V2,bench_stable,mem_random_write,19.55,3274202205,
2026-06-14T11:13:14,gcp-c4a-standard-48-lssd,Neoverse-V2,bench_stable,seq_mem_read_single,39336129.91,27296580176,
2026-06-14T11:13:14,gcp-c4a-standard-48-lssd,Neoverse-V2,bench_stable,seq_mem_read_threaded,3572179.17,300584537890,
2026-06-14T11:13:14,gcp-c4a-standard-48-lssd,Neoverse-V2,bench_stable,seq_mem_write_single,43140764.80,24889262602,
2026-06-14T11:13:14,gcp-c4a-standard-48-lssd,Neoverse-V2,bench_stable,seq_mem_write_threaded,6645764.51,161567841090,
2026-06-14T11:13:14,gcp-c4a-standard-48-lssd,Neoverse-V2,bench_stable,ssd_read_seq,883.67,9270397866,
2026-06-14T11:13:14,gcp-c4a-standard-48-lssd,Neoverse-V2,bench_stable,ssd_write_fsync,98559.17,83117581,
2026-06-14T11:13:14,gcp-c4a-standard-48-lssd,Neoverse-V2,bench_stable,ssd_write_no_fsync,2045.84,4004217079,
2026-06-14T11:17:32,aws-c7i.12xlarge,Intel Xeon Platinum 8488C,bench_stable,mem_random_read,34.10,1876962611,
2026-06-14T11:17:32,aws-c7i.12xlarge,Intel Xeon Platinum 8488C,bench_stable,mem_random_write,23.13,2766382303,
2026-06-14T11:17:32,aws-c7i.12xlarge,Intel Xeon Platinum 8488C,bench_stable,seq_mem_read_single,91490664.77,11736080688,
2026-06-14T11:17:32,aws-c7i.12xlarge,Intel Xeon Platinum 8488C,bench_stable,seq_mem_read_threaded,5045842.93,212797314137,
2026-06-14T11:17:32,aws-c7i.12xlarge,Intel Xeon Platinum 8488C,bench_stable,seq_mem_write_single,86962020.26,12347250222,
2026-06-14T11:17:32,aws-c7i.12xlarge,Intel Xeon Platinum 8488C,bench_stable,seq_mem_write_threaded,6786374.21,158220249978,
2026-06-14T11:17:32,aws-c7i.12xlarge,Intel Xeon Platinum 8488C,bench_stable,ssd_read_seq,62463.96,131147634,
2026-06-14T11:17:32,aws-c7i.12xlarge,Intel Xeon Platinum 8488C,bench_stable,ssd_write_fsync,2806570.97,2918864,
2026-06-14T11:17:32,aws-c7i.12xlarge,Intel Xeon Platinum 8488C,bench_stable,ssd_write_no_fsync,3170.29,2583991348,
2026-06-14T11:20:38,aws-c7a.12xlarge,AMD EPYC 9R14,bench_stable,mem_random_read,28.68,2231254466,
2026-06-14T11:20:38,aws-c7a.12xlarge,AMD EPYC 9R14,bench_stable,mem_random_write,28.74,2227184925,
2026-06-14T11:20:38,aws-c7a.12xlarge,AMD EPYC 9R14,bench_stable,seq_mem_read_single,29181751.81,36794974848,
2026-06-14T11:20:38,aws-c7a.12xlarge,AMD EPYC 9R14,bench_stable,seq_mem_read_threaded,4876886.09,220169551841,
2026-06-14T11:20:38,aws-c7a.12xlarge,AMD EPYC 9R14,bench_stable,seq_mem_write_single,38979594.70,27546254191,
2026-06-14T11:20:38,aws-c7a.12xlarge,AMD EPYC 9R14,bench_stable,seq_mem_write_threaded,7766993.20,138244208034,
2026-06-14T11:20:38,aws-c7a.12xlarge,AMD EPYC 9R14,bench_stable,ssd_read_seq,62464.88,131145685,
2026-06-14T11:20:38,aws-c7a.12xlarge,AMD EPYC 9R14,bench_stable,ssd_write_fsync,2857110.91,2867232,
2026-06-14T11:20:38,aws-c7a.12xlarge,AMD EPYC 9R14,bench_stable,ssd_write_no_fsync,3857.43,2123696404,
2026-06-14T11:23:41,aws-c7g.12xlarge,Neoverse-V1,bench_stable,mem_random_read,36.92,1733491151,
2026-06-14T11:23:41,aws-c7g.12xlarge,Neoverse-V1,bench_stable,mem_random_write,22.63,2827633722,
2026-06-14T11:23:41,aws-c7g.12xlarge,Neoverse-V1,bench_stable,seq_mem_read_single,33414005.19,32134484262,
2026-06-14T11:23:41,aws-c7g.12xlarge,Neoverse-V1,bench_stable,seq_mem_read_threaded,4124760.12,260316186235,
2026-06-14T11:23:41,aws-c7g.12xlarge,Neoverse-V1,bench_stable,seq_mem_write_single,40187431.90,26718348825,
2026-06-14T11:23:41,aws-c7g.12xlarge,Neoverse-V1,bench_stable,seq_mem_write_threaded,9438744.15,113758971265,
2026-06-14T11:23:41,aws-c7g.12xlarge,Neoverse-V1,bench_stable,ssd_read_seq,62467.32,131140571,
2026-06-14T11:23:41,aws-c7g.12xlarge,Neoverse-V1,bench_stable,ssd_write_fsync,2782713.98,2943889,
2026-06-14T11:23:41,aws-c7g.12xlarge,Neoverse-V1,bench_stable,ssd_write_no_fsync,3140.01,2608908703,
2026-06-15T12:07:38,gcp-c4-standard-48-lssd,Intel Xeon 6985P-C,bench_stable,mem_random_read,32.84,1949097701,
2026-06-15T12:07:38,gcp-c4-standard-48-lssd,Intel Xeon 6985P-C,bench_stable,mem_random_write,31.86,2008630906,
2026-06-15T12:07:38,gcp-c4-standard-48-lssd,Intel Xeon 6985P-C,bench_stable,seq_mem_read_single,44272608.48,24252960483,
2026-06-15T12:07:38,gcp-c4-standard-48-lssd,Intel Xeon 6985P-C,bench_stable,seq_mem_read_threaded,5485567.21,195739434727,
2026-06-15T12:07:38,gcp-c4-standard-48-lssd,Intel Xeon 6985P-C,bench_stable,seq_mem_write_single,91866377.03,11688082830,
2026-06-15T12:07:38,gcp-c4-standard-48-lssd,Intel Xeon 6985P-C,bench_stable,seq_mem_write_threaded,8574846.17,125219951831,
2026-06-15T12:07:38,gcp-c4-standard-48-lssd,Intel Xeon 6985P-C,bench_stable,ssd_read_seq,942.01,8696273902,
2026-06-15T12:07:38,gcp-c4-standard-48-lssd,Intel Xeon 6985P-C,bench_stable,ssd_write_fsync,167751.55,48834123,
2026-06-15T12:07:38,gcp-c4-standard-48-lssd,Intel Xeon 6985P-C,bench_stable,ssd_write_no_fsync,2015.61,4064284927,
2026-06-15T12:12:37,gcp-c4d-standard-48-lssd,AMD EPYC 9B45,bench_stable,mem_random_read,20.35,3144864768,
2026-06-15T12:12:37,gcp-c4d-standard-48-lssd,AMD EPYC 9B45,bench_stable,mem_random_write,17.49,3658812690,
2026-06-15T12:12:37,gcp-c4d-standard-48-lssd,AMD EPYC 9B45,bench_stable,seq_mem_read_single,21694398.93,49493965121,
2026-06-15T12:12:37,gcp-c4d-standard-48-lssd,AMD EPYC 9B45,bench_stable,seq_mem_read_threaded,7726924.02,138961095126,
2026-06-15T12:12:37,gcp-c4d-standard-48-lssd,AMD EPYC 9B45,bench_stable,seq_mem_write_single,34302379.00,31302255278,
2026-06-15T12:12:37,gcp-c4d-standard-48-lssd,AMD EPYC 9B45,bench_stable,seq_mem_write_threaded,10204197.72,105225501665,
2026-06-15T12:12:37,gcp-c4d-standard-48-lssd,AMD EPYC 9B45,bench_stable,ssd_read_seq,517.56,15828030780,
2026-06-15T12:12:37,gcp-c4d-standard-48-lssd,AMD EPYC 9B45,bench_stable,ssd_write_fsync,92495.87,88566112,
2026-06-15T12:12:37,gcp-c4d-standard-48-lssd,AMD EPYC 9B45,bench_stable,ssd_write_no_fsync,1669.13,4907959329,
2026-06-15T12:17:43,gcp-c4a-standard-48-lssd,Neoverse-V2,bench_stable,mem_random_read,35.08,1824183149,
2026-06-15T12:17:43,gcp-c4a-standard-48-lssd,Neoverse-V2,bench_stable,mem_random_write,19.87,3220929684,
2026-06-15T12:17:43,gcp-c4a-standard-48-lssd,Neoverse-V2,bench_stable,seq_mem_read_single,39523681.53,27167049791,
2026-06-15T12:17:43,gcp-c4a-standard-48-lssd,Neoverse-V2,bench_stable,seq_mem_read_threaded,3704977.43,289810625215,
2026-06-15T12:17:43,gcp-c4a-standard-48-lssd,Neoverse-V2,bench_stable,seq_mem_write_single,44617798.88,24065324849,
2026-06-15T12:17:43,gcp-c4a-standard-48-lssd,Neoverse-V2,bench_stable,seq_mem_write_threaded,7364058.79,145808426444,
2026-06-15T12:17:43,gcp-c4a-standard-48-lssd,Neoverse-V2,bench_stable,ssd_read_seq,889.32,9211485456,
2026-06-15T12:17:43,gcp-c4a-standard-48-lssd,Neoverse-V2,bench_stable,ssd_write_fsync,95949.34,85378388,
2026-06-15T12:17:43,gcp-c4a-standard-48-lssd,Neoverse-V2,bench_stable,ssd_write_no_fsync,1956.29,4187511378,
2026-06-15T12:22:16,aws-c7i.12xlarge,Intel Xeon Platinum 8488C,bench_stable,mem_random_read,36.46,1755449178,
2026-06-15T12:22:16,aws-c7i.12xlarge,Intel Xeon Platinum 8488C,bench_stable,mem_random_write,25.39,2520618261,
2026-06-15T12:22:16,aws-c7i.12xlarge,Intel Xeon Platinum 8488C,bench_stable,seq_mem_read_single,98713630.30,10877341059,
2026-06-15T12:22:16,aws-c7i.12xlarge,Intel Xeon Platinum 8488C,bench_stable,seq_mem_read_threaded,6057824.77,177248742726,
2026-06-15T12:22:16,aws-c7i.12xlarge,Intel Xeon Platinum 8488C,bench_stable,seq_mem_write_single,95320183.94,11264579857,
2026-06-15T12:22:16,aws-c7i.12xlarge,Intel Xeon Platinum 8488C,bench_stable,seq_mem_write_threaded,7574677.08,141754138538,
2026-06-15T12:22:16,aws-c7i.12xlarge,Intel Xeon Platinum 8488C,bench_stable,ssd_read_seq,62463.85,131147862,
2026-06-15T12:22:16,aws-c7i.12xlarge,Intel Xeon Platinum 8488C,bench_stable,ssd_write_fsync,2804359.51,2921166,
2026-06-15T12:22:16,aws-c7i.12xlarge,Intel Xeon Platinum 8488C,bench_stable,ssd_write_no_fsync,3201.05,2559158836,
2026-06-15T12:25:20,aws-c7a.12xlarge,AMD EPYC 9R14,bench_stable,mem_random_read,31.63,2023610978,
2026-06-15T12:25:20,aws-c7a.12xlarge,AMD EPYC 9R14,bench_stable,mem_random_write,29.97,2135680015,
2026-06-15T12:25:20,aws-c7a.12xlarge,AMD EPYC 9R14,bench_stable,seq_mem_read_single,29595299.06,36280823581,
2026-06-15T12:25:20,aws-c7a.12xlarge,AMD EPYC 9R14,bench_stable,seq_mem_read_threaded,5173221.26,207557684064,
2026-06-15T12:25:20,aws-c7a.12xlarge,AMD EPYC 9R14,bench_stable,seq_mem_write_single,39895163.07,26914085351,
2026-06-15T12:25:20,aws-c7a.12xlarge,AMD EPYC 9R14,bench_stable,seq_mem_write_threaded,8528025.58,125907434762,
2026-06-15T12:25:20,aws-c7a.12xlarge,AMD EPYC 9R14,bench_stable,ssd_read_seq,62464.54,131146406,
2026-06-15T12:25:20,aws-c7a.12xlarge,AMD EPYC 9R14,bench_stable,ssd_write_fsync,2849358.93,2875033,
2026-06-15T12:25:20,aws-c7a.12xlarge,AMD EPYC 9R14,bench_stable,ssd_write_no_fsync,3867.84,2117979157,
2026-06-15T12:28:22,aws-c7g.12xlarge,Neoverse-V1,bench_stable,mem_random_read,37.20,1720371210,
2026-06-15T12:28:22,aws-c7g.12xlarge,Neoverse-V1,bench_stable,mem_random_write,22.78,2808916483,
2026-06-15T12:28:22,aws-c7g.12xlarge,Neoverse-V1,bench_stable,seq_mem_read_single,33533456.32,32020016476,
2026-06-15T12:28:22,aws-c7g.12xlarge,Neoverse-V1,bench_stable,seq_mem_read_threaded,4126089.18,260232335428,
2026-06-15T12:28:22,aws-c7g.12xlarge,Neoverse-V1,bench_stable,seq_mem_write_single,40497404.50,26513842978,
2026-06-15T12:28:22,aws-c7g.12xlarge,Neoverse-V1,bench_stable,seq_mem_write_threaded,9410927.54,114095217476,
2026-06-15T12:28:22,aws-c7g.12xlarge,Neoverse-V1,bench_stable,ssd_read_seq,62478.49,131117118,
2026-06-15T12:28:22,aws-c7g.12xlarge,Neoverse-V1,bench_stable,ssd_write_fsync,2779007.12,2947815,
2026-06-15T12:28:22,aws-c7g.12xlarge,Neoverse-V1,bench_stable,ssd_write_no_fsync,3135.27,2612856831,
2026-06-17T11:39:37,gcp-c4-standard-48-lssd,Intel Xeon 6985P-C,bench_stable,mem_random_read,33.06,1935866880,
2026-06-17T11:39:37,gcp-c4-standard-48-lssd,Intel Xeon 6985P-C,bench_stable,mem_random_write,32.03,1997831510,
2026-06-17T11:39:37,gcp-c4-standard-48-lssd,Intel Xeon 6985P-C,bench_stable,seq_mem_read_single,51882807.02,20695522961,
2026-06-17T11:39:37,gcp-c4-standard-48-lssd,Intel Xeon 6985P-C,bench_stable,seq_mem_read_threaded,5519517.98,194535433569,
2026-06-17T11:39:37,gcp-c4-standard-48-lssd,Intel Xeon 6985P-C,bench_stable,seq_mem_write_single,93137557.46,11528558975,
2026-06-17T11:39:37,gcp-c4-standard-48-lssd,Intel Xeon 6985P-C,bench_stable,seq_mem_write_threaded,8592310.90,124965429751,
2026-06-17T11:39:37,gcp-c4-standard-48-lssd,Intel Xeon 6985P-C,bench_stable,ssd_read_seq,966.78,8473502045,
2026-06-17T11:39:37,gcp-c4-standard-48-lssd,Intel Xeon 6985P-C,bench_stable,ssd_write_fsync,191892.54,42690559,
2026-06-17T11:39:37,gcp-c4-standard-48-lssd,Intel Xeon 6985P-C,bench_stable,ssd_write_no_fsync,2023.87,4047695194,
2026-06-17T11:44:28,gcp-c4d-standard-48-lssd,AMD EPYC 9B45,bench_stable,mem_random_read,20.24,3162269719,
2026-06-17T11:44:28,gcp-c4d-standard-48-lssd,AMD EPYC 9B45,bench_stable,mem_random_write,17.48,3661122023,
2026-06-17T11:44:28,gcp-c4d-standard-48-lssd,AMD EPYC 9B45,bench_stable,seq_mem_read_single,21619660.38,49665064345,
2026-06-17T11:44:28,gcp-c4d-standard-48-lssd,AMD EPYC 9B45,bench_stable,seq_mem_read_threaded,7132698.17,150537958850,
2026-06-17T11:44:28,gcp-c4d-standard-48-lssd,AMD EPYC 9B45,bench_stable,seq_mem_write_single,33416287.57,32132289437,
2026-06-17T11:44:28,gcp-c4d-standard-48-lssd,AMD EPYC 9B45,bench_stable,seq_mem_write_threaded,10201961.52,105248566347,
2026-06-17T11:44:28,gcp-c4d-standard-48-lssd,AMD EPYC 9B45,bench_stable,ssd_read_seq,468.57,17482921768,
2026-06-17T11:44:28,gcp-c4d-standard-48-lssd,AMD EPYC 9B45,bench_stable,ssd_write_fsync,94914.84,86308948,
2026-06-17T11:44:28,gcp-c4d-standard-48-lssd,AMD EPYC 9B45,bench_stable,ssd_write_no_fsync,1661.66,4930003462,
2026-06-17T11:49:23,gcp-c4a-standard-48-lssd,Neoverse-V2,bench_stable,mem_random_read,35.38,1808759338,
2026-06-17T11:49:23,gcp-c4a-standard-48-lssd,Neoverse-V2,bench_stable,mem_random_write,20.07,3189445214,
2026-06-17T11:49:23,gcp-c4a-standard-48-lssd,Neoverse-V2,bench_stable,seq_mem_read_single,39747081.16,27014356594,
2026-06-17T11:49:23,gcp-c4a-standard-48-lssd,Neoverse-V2,bench_stable,seq_mem_read_threaded,3485080.00,308096750597,
2026-06-17T11:49:23,gcp-c4a-standard-48-lssd,Neoverse-V2,bench_stable,seq_mem_write_single,43030560.83,24953005569,
2026-06-17T11:49:23,gcp-c4a-standard-48-lssd,Neoverse-V2,bench_stable,seq_mem_write_threaded,6663978.29,161126248892,
2026-06-17T11:49:23,gcp-c4a-standard-48-lssd,Neoverse-V2,bench_stable,ssd_read_seq,874.63,9366269481,
2026-06-17T11:49:23,gcp-c4a-standard-48-lssd,Neoverse-V2,bench_stable,ssd_write_fsync,99504.22,82328171,
2026-06-17T11:49:23,gcp-c4a-standard-48-lssd,Neoverse-V2,bench_stable,ssd_write_no_fsync,1918.88,4269159596,
2026-06-17T11:54:01,aws-c7i.12xlarge,Intel Xeon Platinum 8488C,bench_stable,mem_random_read,36.54,1751547834,
2026-06-17T11:54:01,aws-c7i.12xlarge,Intel Xeon Platinum 8488C,bench_stable,mem_random_write,24.58,2603567998,
2026-06-17T11:54:01,aws-c7i.12xlarge,Intel Xeon Platinum 8488C,bench_stable,seq_mem_read_single,92565166.02,11599847655,
2026-06-17T11:54:01,aws-c7i.12xlarge,Intel Xeon Platinum 8488C,bench_stable,seq_mem_read_threaded,5661503.44,189656658513,
2026-06-17T11:54:01,aws-c7i.12xlarge,Intel Xeon Platinum 8488C,bench_stable,seq_mem_write_single,87442395.83,12279419082,
2026-06-17T11:54:01,aws-c7i.12xlarge,Intel Xeon Platinum 8488C,bench_stable,seq_mem_write_threaded,7246548.42,148172862638,
2026-06-17T11:54:01,aws-c7i.12xlarge,Intel Xeon Platinum 8488C,bench_stable,ssd_read_seq,62463.46,131148666,
2026-06-17T11:54:01,aws-c7i.12xlarge,Intel Xeon Platinum 8488C,bench_stable,ssd_write_fsync,3409576.48,2402644,
2026-06-17T11:54:01,aws-c7i.12xlarge,Intel Xeon Platinum 8488C,bench_stable,ssd_write_no_fsync,3238.84,2529303855,
2026-06-17T11:57:05,aws-c7a.12xlarge,AMD EPYC 9R14,bench_stable,mem_random_read,28.93,2212280661,
2026-06-17T11:57:05,aws-c7a.12xlarge,AMD EPYC 9R14,bench_stable,mem_random_write,29.36,2179473161,
2026-06-17T11:57:05,aws-c7a.12xlarge,AMD EPYC 9R14,bench_stable,seq_mem_read_single,28999859.99,37025758901,
2026-06-17T11:57:05,aws-c7a.12xlarge,AMD EPYC 9R14,bench_stable,seq_mem_read_threaded,4929007.20,217841398991,
2026-06-17T11:57:05,aws-c7a.12xlarge,AMD EPYC 9R14,bench_stable,seq_mem_write_single,38978706.29,27546882035,
2026-06-17T11:57:05,aws-c7a.12xlarge,AMD EPYC 9R14,bench_stable,seq_mem_write_threaded,7803033.33,137605694856,
2026-06-17T11:57:05,aws-c7a.12xlarge,AMD EPYC 9R14,bench_stable,ssd_read_seq,62464.22,131147069,
2026-06-17T11:57:05,aws-c7a.12xlarge,AMD EPYC 9R14,bench_stable,ssd_write_fsync,2843537.93,2880918,
2026-06-17T11:57:05,aws-c7a.12xlarge,AMD EPYC 9R14,bench_stable,ssd_write_no_fsync,3861.62,2121386802,
2026-06-17T12:00:08,aws-c7g.12xlarge,Neoverse-V1,bench_stable,mem_random_read,38.06,1681665440,
2026-06-17T12:00:08,aws-c7g.12xlarge,Neoverse-V1,bench_stable,mem_random_write,22.78,2809234280,
2026-06-17T12:00:08,aws-c7g.12xlarge,Neoverse-V1,bench_stable,seq_mem_read_single,33468639.21,32082028114,
2026-06-17T12:00:08,aws-c7g.12xlarge,Neoverse-V1,bench_stable,seq_mem_read_threaded,4132035.02,259857870920,
2026-06-17T12:00:08,aws-c7g.12xlarge,Neoverse-V1,bench_stable,seq_mem_write_single,40468575.14,26532731144,
2026-06-17T12:00:08,aws-c7g.12xlarge,Neoverse-V1,bench_stable,seq_mem_write_threaded,9438436.93,113762674024,
2026-06-17T12:00:08,aws-c7g.12xlarge,Neoverse-V1,bench_stable,ssd_read_seq,62465.54,131144301,
2026-06-17T12:00:08,aws-c7g.12xlarge,Neoverse-V1,bench_stable,ssd_write_fsync,2776257.44,2950735,
2026-06-17T12:00:08,aws-c7g.12xlarge,Neoverse-V1,bench_stable,ssd_write_no_fsync,3171.71,2582835022,
2026-06-18T11:28:10,gcp-c4-standard-48-lssd,Intel Xeon 6985P-C,bench_stable,mem_random_read,32.88,1946198283,
2026-06-18T11:28:10,gcp-c4-standard-48-lssd,Intel Xeon 6985P-C,bench_stable,mem_random_write,32.01,1999651097,
2026-06-18T11:28:10,gcp-c4-standard-48-lssd,Intel Xeon 6985P-C,bench_stable,seq_mem_read_single,44162875.30,24313222738,
2026-06-18T11:28:10,gcp-c4-standard-48-lssd,Intel Xeon 6985P-C,bench_stable,seq_mem_read_threaded,5471535.89,196241392657,
2026-06-18T11:28:10,gcp-c4-standard-48-lssd,Intel Xeon 6985P-C,bench_stable,seq_mem_write_single,92057048.79,11663874066,
2026-06-18T11:28:10,gcp-c4-standard-48-lssd,Intel Xeon 6985P-C,bench_stable,seq_mem_write_threaded,8581957.59,125116188542,
2026-06-18T11:28:10,gcp-c4-standard-48-lssd,Intel Xeon 6985P-C,bench_stable,ssd_read_seq,1035.56,7910729783,
2026-06-18T11:28:10,gcp-c4-standard-48-lssd,Intel Xeon 6985P-C,bench_stable,ssd_write_fsync,179047.83,45753137,
2026-06-18T11:28:10,gcp-c4-standard-48-lssd,Intel Xeon 6985P-C,bench_stable,ssd_write_no_fsync,2019.83,4055784467,
2026-06-18T11:33:05,gcp-c4d-standard-48-lssd,AMD EPYC 9B45,bench_stable,mem_random_read,20.29,3154189579,
2026-06-18T11:33:05,gcp-c4d-standard-48-lssd,AMD EPYC 9B45,bench_stable,mem_random_write,17.45,3667070365,
2026-06-18T11:33:05,gcp-c4d-standard-48-lssd,AMD EPYC 9B45,bench_stable,seq_mem_read_single,21686332.87,49512374011,
2026-06-18T11:33:05,gcp-c4d-standard-48-lssd,AMD EPYC 9B45,bench_stable,seq_mem_read_threaded,7777387.17,138059453762,
2026-06-18T11:33:05,gcp-c4d-standard-48-lssd,AMD EPYC 9B45,bench_stable,seq_mem_write_single,34286334.38,31316903463,
2026-06-18T11:33:05,gcp-c4d-standard-48-lssd,AMD EPYC 9B45,bench_stable,seq_mem_write_threaded,10197182.01,105297897315,
2026-06-18T11:33:05,gcp-c4d-standard-48-lssd,AMD EPYC 9B45,bench_stable,ssd_read_seq,475.88,17214356471,
2026-06-18T11:33:05,gcp-c4d-standard-48-lssd,AMD EPYC 9B45,bench_stable,ssd_write_fsync,94406.50,86773688,
2026-06-18T11:33:05,gcp-c4d-standard-48-lssd,AMD EPYC 9B45,bench_stable,ssd_write_no_fsync,1666.83,4914714381,
2026-06-18T11:37:52,gcp-c4a-standard-48-lssd,Neoverse-V2,bench_stable,mem_random_read,35.47,1804353471,
2026-06-18T11:37:52,gcp-c4a-standard-48-lssd,Neoverse-V2,bench_stable,mem_random_write,20.09,3184924676,
2026-06-18T11:37:52,gcp-c4a-standard-48-lssd,Neoverse-V2,bench_stable,seq_mem_read_single,39750884.69,27011771744,
2026-06-18T11:37:52,gcp-c4a-standard-48-lssd,Neoverse-V2,bench_stable,seq_mem_read_threaded,3701755.63,290062860069,
2026-06-18T11:37:52,gcp-c4a-standard-48-lssd,Neoverse-V2,bench_stable,seq_mem_write_single,44391566.70,24187968658,
2026-06-18T11:37:52,gcp-c4a-standard-48-lssd,Neoverse-V2,bench_stable,seq_mem_write_threaded,7396202.15,145174753548,
2026-06-18T11:37:52,gcp-c4a-standard-48-lssd,Neoverse-V2,bench_stable,ssd_read_seq,877.76,9332810511,
2026-06-18T11:37:52,gcp-c4a-standard-48-lssd,Neoverse-V2,bench_stable,ssd_write_fsync,95174.97,86073048,
2026-06-18T11:37:52,gcp-c4a-standard-48-lssd,Neoverse-V2,bench_stable,ssd_write_no_fsync,1936.70,4229873900,
2026-06-18T11:42:38,aws-c7i.12xlarge,Intel Xeon Platinum 8488C,bench_stable,mem_random_read,34.44,1858433003,
2026-06-18T11:42:38,aws-c7i.12xlarge,Intel Xeon Platinum 8488C,bench_stable,mem_random_write,23.75,2694349006,
2026-06-18T11:42:38,aws-c7i.12xlarge,Intel Xeon Platinum 8488C,bench_stable,seq_mem_read_single,90906353.60,11811515713,
2026-06-18T11:42:38,aws-c7i.12xlarge,Intel Xeon Platinum 8488C,bench_stable,seq_mem_read_threaded,5554962.75,193294153749,
2026-06-18T11:42:38,aws-c7i.12xlarge,Intel Xeon Platinum 8488C,bench_stable,seq_mem_write_single,86702716.78,12384177381,
2026-06-18T11:42:38,aws-c7i.12xlarge,Intel Xeon Platinum 8488C,bench_stable,seq_mem_write_threaded,7395592.48,145186721245,
2026-06-18T11:42:38,aws-c7i.12xlarge,Intel Xeon Platinum 8488C,bench_stable,ssd_read_seq,62465.20,131145029,
2026-06-18T11:42:38,aws-c7i.12xlarge,Intel Xeon Platinum 8488C,bench_stable,ssd_write_fsync,3779426.40,2167525,
2026-06-18T11:42:38,aws-c7i.12xlarge,Intel Xeon Platinum 8488C,bench_stable,ssd_write_no_fsync,3238.91,2529249177,
2026-06-18T11:45:43,aws-c7a.12xlarge,AMD EPYC 9R14,bench_stable,mem_random_read,28.89,2215569356,
2026-06-18T11:45:43,aws-c7a.12xlarge,AMD EPYC 9R14,bench_stable,mem_random_write,28.93,2212196376,
2026-06-18T11:45:43,aws-c7a.12xlarge,AMD EPYC 9R14,bench_stable,seq_mem_read_single,29740381.44,36103834986,
2026-06-18T11:45:43,aws-c7a.12xlarge,AMD EPYC 9R14,bench_stable,seq_mem_read_threaded,4880667.78,219998957453,
2026-06-18T11:45:43,aws-c7a.12xlarge,AMD EPYC 9R14,bench_stable,seq_mem_write_single,39087611.88,27470131131,
2026-06-18T11:45:43,aws-c7a.12xlarge,AMD EPYC 9R14,bench_stable,seq_mem_write_threaded,7776582.32,138073742434,
2026-06-18T11:45:43,aws-c7a.12xlarge,AMD EPYC 9R14,bench_stable,ssd_read_seq,62464.54,131146399,
2026-06-18T11:45:43,aws-c7a.12xlarge,AMD EPYC 9R14,bench_stable,ssd_write_fsync,2849484.47,2874906,
2026-06-18T11:45:43,aws-c7a.12xlarge,AMD EPYC 9R14,bench_stable,ssd_write_no_fsync,3828.08,2139976603,
2026-06-18T11:48:47,aws-c7g.12xlarge,Neoverse-V1,bench_stable,mem_random_read,37.69,1698093576,
2026-06-18T11:48:47,aws-c7g.12xlarge,Neoverse-V1,bench_stable,mem_random_write,22.83,2802878275,
2026-06-18T11:48:47,aws-c7g.12xlarge,Neoverse-V1,bench_stable,seq_mem_read_single,33967914.34,31610472559,
2026-06-18T11:48:47,aws-c7g.12xlarge,Neoverse-V1,bench_stable,seq_mem_read_threaded,4130201.91,259973204175,
2026-06-18T11:48:47,aws-c7g.12xlarge,Neoverse-V1,bench_stable,seq_mem_write_single,40382331.07,26589396785,
2026-06-18T11:48:47,aws-c7g.12xlarge,Neoverse-V1,bench_stable,seq_mem_write_threaded,9421774.42,113963864547,
2026-06-18T11:48:47,aws-c7g.12xlarge,Neoverse-V1,bench_stable,ssd_read_seq,62465.60,131144186,
2026-06-18T11:48:47,aws-c7g.12xlarge,Neoverse-V1,bench_stable,ssd_write_fsync,2775193.53,2951866,
2026-06-18T11:48:47,aws-c7g.12xlarge,Neoverse-V1,bench_stable,ssd_write_no_fsync,3159.45,2592859618,
2026-06-19T11:37:42,gcp-c4-standard-48-lssd,Intel Xeon 6985P-C,bench_stable,mem_random_read,32.62,1961968082,
2026-06-19T11:37:42,gcp-c4-standard-48-lssd,Intel Xeon 6985P-C,bench_stable,mem_random_write,31.70,2018728360,
2026-06-19T11:37:42,gcp-c4-standard-48-lssd,Intel Xeon 6985P-C,bench_stable,seq_mem_read_single,46853179.60,22917160227,
2026-06-19T11:37:42,gcp-c4-standard-48-lssd,Intel Xeon 6985P-C,bench_stable,seq_mem_read_threaded,5484714.41,195769869483,
2026-06-19T11:37:42,gcp-c4-standard-48-lssd,Intel Xeon 6985P-C,bench_stable,seq_mem_write_single,91634548.44,11717652810,
2026-06-19T11:37:42,gcp-c4-standard-48-lssd,Intel Xeon 6985P-C,bench_stable,seq_mem_write_threaded,8498464.03,126345398457,
2026-06-19T11:37:42,gcp-c4-standard-48-lssd,Intel Xeon 6985P-C,bench_stable,ssd_read_seq,1033.94,7923112609,
2026-06-19T11:37:42,gcp-c4-standard-48-lssd,Intel Xeon 6985P-C,bench_stable,ssd_write_fsync,184041.79,44511630,
2026-06-19T11:37:42,gcp-c4-standard-48-lssd,Intel Xeon 6985P-C,bench_stable,ssd_write_no_fsync,2011.30,4072991107,
2026-06-19T11:42:30,gcp-c4d-standard-48-lssd,AMD EPYC 9B45,bench_stable,mem_random_read,20.23,3163928105,
2026-06-19T11:42:30,gcp-c4d-standard-48-lssd,AMD EPYC 9B45,bench_stable,mem_random_write,17.40,3678099486,
2026-06-19T11:42:30,gcp-c4d-standard-48-lssd,AMD EPYC 9B45,bench_stable,seq_mem_read_single,21614244.28,49677509436,
2026-06-19T11:42:30,gcp-c4d-standard-48-lssd,AMD EPYC 9B45,bench_stable,seq_mem_read_threaded,8056624.86,133274397449,
2026-06-19T11:42:30,gcp-c4d-standard-48-lssd,AMD EPYC 9B45,bench_stable,seq_mem_write_single,34450873.40,31167332438,
2026-06-19T11:42:30,gcp-c4d-standard-48-lssd,AMD EPYC 9B45,bench_stable,seq_mem_write_threaded,10209139.32,105174568630,
2026-06-19T11:42:30,gcp-c4d-standard-48-lssd,AMD EPYC 9B45,bench_stable,ssd_read_seq,521.44,15710379328,
2026-06-19T11:42:30,gcp-c4d-standard-48-lssd,AMD EPYC 9B45,bench_stable,ssd_write_fsync,94501.95,86686041,
2026-06-19T11:42:30,gcp-c4d-standard-48-lssd,AMD EPYC 9B45,bench_stable,ssd_write_no_fsync,1666.08,4916927832,
2026-06-19T11:47:17,gcp-c4a-standard-48-lssd,Neoverse-V2,bench_stable,mem_random_read,34.76,1841237393,
2026-06-19T11:47:17,gcp-c4a-standard-48-lssd,Neoverse-V2,bench_stable,mem_random_write,19.64,3259210429,
2026-06-19T11:47:17,gcp-c4a-standard-48-lssd,Neoverse-V2,bench_stable,seq_mem_read_single,39318595.67,27308753169,
2026-06-19T11:47:17,gcp-c4a-standard-48-lssd,Neoverse-V2,bench_stable,seq_mem_read_threaded,3440786.46,312062907132,
2026-06-19T11:47:17,gcp-c4a-standard-48-lssd,Neoverse-V2,bench_stable,seq_mem_write_single,43119920.61,24901294083,
2026-06-19T11:47:17,gcp-c4a-standard-48-lssd,Neoverse-V2,bench_stable,seq_mem_write_threaded,6847746.13,156802224145,
2026-06-19T11:47:17,gcp-c4a-standard-48-lssd,Neoverse-V2,bench_stable,ssd_read_seq,870.31,9412690235,
2026-06-19T11:47:17,gcp-c4a-standard-48-lssd,Neoverse-V2,bench_stable,ssd_write_fsync,99162.07,82612237,
2026-06-19T11:47:17,gcp-c4a-standard-48-lssd,Neoverse-V2,bench_stable,ssd_write_no_fsync,1976.42,4144860209,
2026-06-19T11:51:41,aws-c7i.12xlarge,Intel Xeon Platinum 8488C,bench_stable,mem_random_read,33.80,1893611137,
2026-06-19T11:51:41,aws-c7i.12xlarge,Intel Xeon Platinum 8488C,bench_stable,mem_random_write,22.83,2802777749,
2026-06-19T11:51:41,aws-c7i.12xlarge,Intel Xeon Platinum 8488C,bench_stable,seq_mem_read_single,87723423.72,12240081138,
2026-06-19T11:51:41,aws-c7i.12xlarge,Intel Xeon Platinum 8488C,bench_stable,seq_mem_read_threaded,5468283.52,196358111294,
2026-06-19T11:51:41,aws-c7i.12xlarge,Intel Xeon Platinum 8488C,bench_stable,seq_mem_write_single,87566435.43,12262025040,
2026-06-19T11:51:41,aws-c7i.12xlarge,Intel Xeon Platinum 8488C,bench_stable,seq_mem_write_threaded,7219112.22,148735993017,
2026-06-19T11:51:41,aws-c7i.12xlarge,Intel Xeon Platinum 8488C,bench_stable,ssd_read_seq,62463.31,131148997,
2026-06-19T11:51:41,aws-c7i.12xlarge,Intel Xeon Platinum 8488C,bench_stable,ssd_write_fsync,3739562.47,2190631,
2026-06-19T11:51:41,aws-c7i.12xlarge,Intel Xeon Platinum 8488C,bench_stable,ssd_write_no_fsync,3241.48,2527242187,
2026-06-19T11:54:45,aws-c7a.12xlarge,AMD EPYC 9R14,bench_stable,mem_random_read,27.96,2288667437,
2026-06-19T11:54:45,aws-c7a.12xlarge,AMD EPYC 9R14,bench_stable,mem_random_write,28.53,2242869933,
2026-06-19T11:54:45,aws-c7a.12xlarge,AMD EPYC 9R14,bench_stable,seq_mem_read_single,28618983.99,37518516532,
2026-06-19T11:54:45,aws-c7a.12xlarge,AMD EPYC 9R14,bench_stable,seq_mem_read_threaded,4870533.15,220456732767,
2026-06-19T11:54:45,aws-c7a.12xlarge,AMD EPYC 9R14,bench_stable,seq_mem_write_single,38895264.20,27605978418,
2026-06-19T11:54:45,aws-c7a.12xlarge,AMD EPYC 9R14,bench_stable,seq_mem_write_threaded,7756855.98,138424875620,
2026-06-19T11:54:45,aws-c7a.12xlarge,AMD EPYC 9R14,bench_stable,ssd_read_seq,62463.52,131148553,
2026-06-19T11:54:45,aws-c7a.12xlarge,AMD EPYC 9R14,bench_stable,ssd_write_fsync,2853105.06,2871258,
2026-06-19T11:54:45,aws-c7a.12xlarge,AMD EPYC 9R14,bench_stable,ssd_write_no_fsync,3805.50,2152675888,
2026-06-19T11:57:59,aws-c7g.12xlarge,Neoverse-V1,bench_stable,mem_random_read,37.44,1709537660,
2026-06-19T11:57:59,aws-c7g.12xlarge,Neoverse-V1,bench_stable,mem_random_write,23.42,2733033183,
2026-06-19T11:57:59,aws-c7g.12xlarge,Neoverse-V1,bench_stable,seq_mem_read_single,35290334.94,30425945966,
2026-06-19T11:57:59,aws-c7g.12xlarge,Neoverse-V1,bench_stable,seq_mem_read_threaded,4142181.79,259221318471,
2026-06-19T11:57:59,aws-c7g.12xlarge,Neoverse-V1,bench_stable,seq_mem_write_single,40370716.88,26597046253,
2026-06-19T11:57:59,aws-c7g.12xlarge,Neoverse-V1,bench_stable,seq_mem_write_threaded,9423334.92,113944992182,
2026-06-19T11:57:59,aws-c7g.12xlarge,Neoverse-V1,bench_stable,ssd_read_seq,62465.01,131145410,
2026-06-19T11:57:59,aws-c7g.12xlarge,Neoverse-V1,bench_stable,ssd_write_fsync,2780178.50,2946573,
2026-06-19T11:57:59,aws-c7g.12xlarge,Neoverse-V1,bench_stable,ssd_write_no_fsync,3141.13,2607979546,
2026-06-20T10:53:00,gcp-c4-standard-48-lssd,Intel Xeon 6985P-C,bench_stable,mem_random_read,32.52,1968006157,
2026-06-20T10:53:00,gcp-c4-standard-48-lssd,Intel Xeon 6985P-C,bench_stable,mem_random_write,31.58,2026573412,
2026-06-20T10:53:00,gcp-c4-standard-48-lssd,Intel Xeon 6985P-C,bench_stable,seq_mem_read_single,43770163.06,24531364496,
2026-06-20T10:53:00,gcp-c4-standard-48-lssd,Intel Xeon 6985P-C,bench_stable,seq_mem_read_threaded,5490989.80,195546133464,
2026-06-20T10:53:00,gcp-c4-standard-48-lssd,Intel Xeon 6985P-C,bench_stable,seq_mem_write_single,90384101.76,11879764285,
2026-06-20T10:53:00,gcp-c4-standard-48-lssd,Intel Xeon 6985P-C,bench_stable,seq_mem_write_threaded,10196367.09,105306312958,
2026-06-20T10:53:00,gcp-c4-standard-48-lssd,Intel Xeon 6985P-C,bench_stable,ssd_read_seq,1028.87,7962121212,
2026-06-20T10:53:00,gcp-c4-standard-48-lssd,Intel Xeon 6985P-C,bench_stable,ssd_write_fsync,185666.66,44122083,
2026-06-20T10:53:00,gcp-c4-standard-48-lssd,Intel Xeon 6985P-C,bench_stable,ssd_write_no_fsync,2028.65,4038159968,
2026-06-20T10:57:44,gcp-c4d-standard-48-lssd,AMD EPYC 9B45,bench_stable,mem_random_read,20.36,3143051574,
2026-06-20T10:57:44,gcp-c4d-standard-48-lssd,AMD EPYC 9B45,bench_stable,mem_random_write,17.51,3654583443,
2026-06-20T10:57:44,gcp-c4d-standard-48-lssd,AMD EPYC 9B45,bench_stable,seq_mem_read_single,21726435.76,49420983538,
2026-06-20T10:57:44,gcp-c4d-standard-48-lssd,AMD EPYC 9B45,bench_stable,seq_mem_read_threaded,7875178.77,136345073004,
2026-06-20T10:57:44,gcp-c4d-standard-48-lssd,AMD EPYC 9B45,bench_stable,seq_mem_write_single,34144922.16,31446603365,
2026-06-20T10:57:44,gcp-c4d-standard-48-lssd,AMD EPYC 9B45,bench_stable,seq_mem_write_threaded,10210348.65,105162111548,
2026-06-20T10:57:44,gcp-c4d-standard-48-lssd,AMD EPYC 9B45,bench_stable,ssd_read_seq,524.46,15619893549,
2026-06-20T10:57:44,gcp-c4d-standard-48-lssd,AMD EPYC 9B45,bench_stable,ssd_write_fsync,92731.10,88341454,
2026-06-20T10:57:44,gcp-c4d-standard-48-lssd,AMD EPYC 9B45,bench_stable,ssd_write_no_fsync,1669.26,4907553015,
2026-06-20T11:02:25,gcp-c4a-standard-48-lssd,Neoverse-V2,bench_stable,mem_random_read,35.20,1817948299,
2026-06-20T11:02:25,gcp-c4a-standard-48-lssd,Neoverse-V2,bench_stable,mem_random_write,20.09,3185255207,
2026-06-20T11:02:25,gcp-c4a-standard-48-lssd,Neoverse-V2,bench_stable,seq_mem_read_single,39277501.86,27337324758,
2026-06-20T11:02:25,gcp-c4a-standard-48-lssd,Neoverse-V2,bench_stable,seq_mem_read_threaded,3684297.24,291437349982,
2026-06-20T11:02:25,gcp-c4a-standard-48-lssd,Neoverse-V2,bench_stable,seq_mem_write_single,43652929.83,24597245318,
2026-06-20T11:02:25,gcp-c4a-standard-48-lssd,Neoverse-V2,bench_stable,seq_mem_write_threaded,7343458.44,146217457758,
2026-06-20T11:02:25,gcp-c4a-standard-48-lssd,Neoverse-V2,bench_stable,ssd_read_seq,902.05,9081550142,
2026-06-20T11:02:25,gcp-c4a-standard-48-lssd,Neoverse-V2,bench_stable,ssd_write_fsync,94383.84,86794518,
2026-06-20T11:02:25,gcp-c4a-standard-48-lssd,Neoverse-V2,bench_stable,ssd_write_no_fsync,2109.51,3883362027,
2026-06-20T11:06:49,aws-c7i.12xlarge,Intel Xeon Platinum 8488C,bench_stable,mem_random_read,34.34,1863454406,
2026-06-20T11:06:49,aws-c7i.12xlarge,Intel Xeon Platinum 8488C,bench_stable,mem_random_write,23.72,2698629267,
2026-06-20T11:06:49,aws-c7i.12xlarge,Intel Xeon Platinum 8488C,bench_stable,seq_mem_read_single,89770815.74,11960923103,
2026-06-20T11:06:49,aws-c7i.12xlarge,Intel Xeon Platinum 8488C,bench_stable,seq_mem_read_threaded,4983811.80,215445900972,
2026-06-20T11:06:49,aws-c7i.12xlarge,Intel Xeon Platinum 8488C,bench_stable,seq_mem_write_single,86916364.13,12353736086,
2026-06-20T11:06:49,aws-c7i.12xlarge,Intel Xeon Platinum 8488C,bench_stable,seq_mem_write_threaded,6783165.12,158295103298,
2026-06-20T11:06:49,aws-c7i.12xlarge,Intel Xeon Platinum 8488C,bench_stable,ssd_read_seq,62464.73,131146005,
2026-06-20T11:06:49,aws-c7i.12xlarge,Intel Xeon Platinum 8488C,bench_stable,ssd_write_fsync,2799450.19,2926289,
2026-06-20T11:06:49,aws-c7i.12xlarge,Intel Xeon Platinum 8488C,bench_stable,ssd_write_no_fsync,3168.58,2585387148,
2026-06-20T11:09:54,aws-c7a.12xlarge,AMD EPYC 9R14,bench_stable,mem_random_read,27.88,2295162277,
2026-06-20T11:09:54,aws-c7a.12xlarge,AMD EPYC 9R14,bench_stable,mem_random_write,28.46,2248806806,
2026-06-20T11:09:54,aws-c7a.12xlarge,AMD EPYC 9R14,bench_stable,seq_mem_read_single,29620263.46,36250245566,
2026-06-20T11:09:54,aws-c7a.12xlarge,AMD EPYC 9R14,bench_stable,seq_mem_read_threaded,4870594.19,220453969665,
2026-06-20T11:09:54,aws-c7a.12xlarge,AMD EPYC 9R14,bench_stable,seq_mem_write_single,38999755.91,27532013959,
2026-06-20T11:09:54,aws-c7a.12xlarge,AMD EPYC 9R14,bench_stable,seq_mem_write_threaded,7760192.62,138365357144,
2026-06-20T11:09:54,aws-c7a.12xlarge,AMD EPYC 9R14,bench_stable,ssd_read_seq,62464.75,131145964,
2026-06-20T11:09:54,aws-c7a.12xlarge,AMD EPYC 9R14,bench_stable,ssd_write_fsync,2848401.73,2875999,
2026-06-20T11:09:54,aws-c7a.12xlarge,AMD EPYC 9R14,bench_stable,ssd_write_no_fsync,3807.78,2151384594,
2026-06-20T11:12:57,aws-c7g.12xlarge,Neoverse-V1,bench_stable,mem_random_read,37.47,1707963141,
2026-06-20T11:12:57,aws-c7g.12xlarge,Neoverse-V1,bench_stable,mem_random_write,23.11,2769665393,
2026-06-20T11:12:57,aws-c7g.12xlarge,Neoverse-V1,bench_stable,seq_mem_read_single,34592538.34,31039694552,
2026-06-20T11:12:57,aws-c7g.12xlarge,Neoverse-V1,bench_stable,seq_mem_read_threaded,4130566.79,259950238821,
2026-06-20T11:12:57,aws-c7g.12xlarge,Neoverse-V1,bench_stable,seq_mem_write_single,40302037.69,26642370598,
2026-06-20T11:12:57,aws-c7g.12xlarge,Neoverse-V1,bench_stable,seq_mem_write_threaded,9414427.96,114052795178,
2026-06-20T11:12:57,aws-c7g.12xlarge,Neoverse-V1,bench_stable,ssd_read_seq,62464.14,131147243,
2026-06-20T11:12:57,aws-c7g.12xlarge,Neoverse-V1,bench_stable,ssd_write_fsync,2774920.44,2952157,
2026-06-20T11:12:57,aws-c7g.12xlarge,Neoverse-V1,bench_stable,ssd_write_no_fsync,3163.16,2589818023,
2026-06-21T11:08:36,gcp-c4-standard-48-lssd,Intel Xeon 6985P-C,bench_stable,mem_random_read,33.12,1932213493,
2026-06-21T11:08:36,gcp-c4-standard-48-lssd,Intel Xeon 6985P-C,bench_stable,mem_random_write,32.00,1999732073,
2026-06-21T11:08:36,gcp-c4-standard-48-lssd,Intel Xeon 6985P-C,bench_stable,seq_mem_read_single,51667287.93,20781849928,
2026-06-21T11:08:36,gcp-c4-standard-48-lssd,Intel Xeon 6985P-C,bench_stable,seq_mem_read_threaded,5477910.83,196013016144,
2026-06-21T11:08:36,gcp-c4-standard-48-lssd,Intel Xeon 6985P-C,bench_stable,seq_mem_write_single,93426929.81,11492851431,
2026-06-21T11:08:36,gcp-c4-standard-48-lssd,Intel Xeon 6985P-C,bench_stable,seq_mem_write_threaded,10179547.91,105480305575,
2026-06-21T11:08:36,gcp-c4-standard-48-lssd,Intel Xeon 6985P-C,bench_stable,ssd_read_seq,1046.93,7824778699,
2026-06-21T11:08:36,gcp-c4-standard-48-lssd,Intel Xeon 6985P-C,bench_stable,ssd_write_fsync,190271.64,43054235,
2026-06-21T11:08:36,gcp-c4-standard-48-lssd,Intel Xeon 6985P-C,bench_stable,ssd_write_no_fsync,2027.24,4040964765,
2026-06-21T11:13:35,gcp-c4d-standard-48-lssd,AMD EPYC 9B45,bench_stable,mem_random_read,20.27,3156921365,
2026-06-21T11:13:35,gcp-c4d-standard-48-lssd,AMD EPYC 9B45,bench_stable,mem_random_write,17.37,3684918318,
2026-06-21T11:13:35,gcp-c4d-standard-48-lssd,AMD EPYC 9B45,bench_stable,seq_mem_read_single,21685934.80,49513282866,
2026-06-21T11:13:35,gcp-c4d-standard-48-lssd,AMD EPYC 9B45,bench_stable,seq_mem_read_threaded,7877790.69,136299867038,
2026-06-21T11:13:35,gcp-c4d-standard-48-lssd,AMD EPYC 9B45,bench_stable,seq_mem_write_single,34168769.53,31424655875,
2026-06-21T11:13:35,gcp-c4d-standard-48-lssd,AMD EPYC 9B45,bench_stable,seq_mem_write_threaded,10201701.94,105251244384,
2026-06-21T11:13:35,gcp-c4d-standard-48-lssd,AMD EPYC 9B45,bench_stable,ssd_read_seq,515.93,15878234569,
2026-06-21T11:13:35,gcp-c4d-standard-48-lssd,AMD EPYC 9B45,bench_stable,ssd_write_fsync,94357.48,86818763,
2026-06-21T11:13:35,gcp-c4d-standard-48-lssd,AMD EPYC 9B45,bench_stable,ssd_write_no_fsync,1667.15,4913762665,
2026-06-21T11:18:17,gcp-c4a-standard-48-lssd,Neoverse-V2,bench_stable,mem_random_read,34.72,1843533278,
2026-06-21T11:18:17,gcp-c4a-standard-48-lssd,Neoverse-V2,bench_stable,mem_random_write,19.60,3265162190,
2026-06-21T11:18:17,gcp-c4a-standard-48-lssd,Neoverse-V2,bench_stable,seq_mem_read_single,39261484.96,27348477144,
2026-06-21T11:18:17,gcp-c4a-standard-48-lssd,Neoverse-V2,bench_stable,seq_mem_read_threaded,3448991.75,311320496397,
2026-06-21T11:18:17,gcp-c4a-standard-48-lssd,Neoverse-V2,bench_stable,seq_mem_write_single,43143739.06,24887546780,
2026-06-21T11:18:17,gcp-c4a-standard-48-lssd,Neoverse-V2,bench_stable,seq_mem_write_threaded,6744131.05,159211292829,
2026-06-21T11:18:17,gcp-c4a-standard-48-lssd,Neoverse-V2,bench_stable,ssd_read_seq,888.03,9224870759,
2026-06-21T11:18:17,gcp-c4a-standard-48-lssd,Neoverse-V2,bench_stable,ssd_write_fsync,96016.16,85318975,
2026-06-21T11:18:17,gcp-c4a-standard-48-lssd,Neoverse-V2,bench_stable,ssd_write_no_fsync,2002.95,4089958367,
2026-06-21T11:22:49,aws-c7i.12xlarge,Intel Xeon Platinum 8488C,bench_stable,mem_random_read,35.48,1803651470,
2026-06-21T11:22:49,aws-c7i.12xlarge,Intel Xeon Platinum 8488C,bench_stable,mem_random_write,24.27,2636653655,
2026-06-21T11:22:49,aws-c7i.12xlarge,Intel Xeon Platinum 8488C,bench_stable,seq_mem_read_single,96161603.90,11166014089,
2026-06-21T11:22:49,aws-c7i.12xlarge,Intel Xeon Platinum 8488C,bench_stable,seq_mem_read_threaded,5884732.10,182462312030,
2026-06-21T11:22:49,aws-c7i.12xlarge,Intel Xeon Platinum 8488C,bench_stable,seq_mem_write_single,93842910.47,11441906678,
2026-06-21T11:22:49,aws-c7i.12xlarge,Intel Xeon Platinum 8488C,bench_stable,seq_mem_write_threaded,7837063.31,137008185498,
2026-06-21T11:22:49,aws-c7i.12xlarge,Intel Xeon Platinum 8488C,bench_stable,ssd_read_seq,62462.97,131149709,
2026-06-21T11:22:49,aws-c7i.12xlarge,Intel Xeon Platinum 8488C,bench_stable,ssd_write_fsync,3575716.25,2291010,
2026-06-21T11:22:49,aws-c7i.12xlarge,Intel Xeon Platinum 8488C,bench_stable,ssd_write_no_fsync,3205.04,2555972737,
2026-06-21T11:25:54,aws-c7a.12xlarge,AMD EPYC 9R14,bench_stable,mem_random_read,28.52,2244293813,
2026-06-21T11:25:54,aws-c7a.12xlarge,AMD EPYC 9R14,bench_stable,mem_random_write,28.93,2211952313,
2026-06-21T11:25:54,aws-c7a.12xlarge,AMD EPYC 9R14,bench_stable,seq_mem_read_single,28887455.51,37169830469,
2026-06-21T11:25:54,aws-c7a.12xlarge,AMD EPYC 9R14,bench_stable,seq_mem_read_threaded,4834975.36,222078034108,
2026-06-21T11:25:54,aws-c7a.12xlarge,AMD EPYC 9R14,bench_stable,seq_mem_write_single,38911154.54,27594704826,
2026-06-21T11:25:54,aws-c7a.12xlarge,AMD EPYC 9R14,bench_stable,seq_mem_write_threaded,7793591.68,137772399253,
2026-06-21T11:25:54,aws-c7a.12xlarge,AMD EPYC 9R14,bench_stable,ssd_read_seq,62463.76,131148042,
2026-06-21T11:25:54,aws-c7a.12xlarge,AMD EPYC 9R14,bench_stable,ssd_write_fsync,2847399.32,2877011,
2026-06-21T11:25:54,aws-c7a.12xlarge,AMD EPYC 9R14,bench_stable,ssd_write_no_fsync,3876.83,2113063976,
2026-06-21T11:28:58,aws-c7g.12xlarge,Neoverse-V1,bench_stable,mem_random_read,37.51,1706425102,
2026-06-21T11:28:58,aws-c7g.12xlarge,Neoverse-V1,bench_stable,mem_random_write,22.79,2808650079,
2026-06-21T11:28:58,aws-c7g.12xlarge,Neoverse-V1,bench_stable,seq_mem_read_single,32867580.46,32668721248,
2026-06-21T11:28:58,aws-c7g.12xlarge,Neoverse-V1,bench_stable,seq_mem_read_threaded,4125257.81,260284780790,
2026-06-21T11:28:58,aws-c7g.12xlarge,Neoverse-V1,bench_stable,seq_mem_write_single,40255884.75,26672915792,
2026-06-21T11:28:58,aws-c7g.12xlarge,Neoverse-V1,bench_stable,seq_mem_write_threaded,9427459.75,113895137478,
2026-06-21T11:28:58,aws-c7g.12xlarge,Neoverse-V1,bench_stable,ssd_read_seq,62464.81,131145835,
2026-06-21T11:28:58,aws-c7g.12xlarge,Neoverse-V1,bench_stable,ssd_write_fsync,2785933.00,2940487,
2026-06-21T11:28:58,aws-c7g.12xlarge,Neoverse-V1,bench_stable,ssd_write_no_fsync,3165.38,2587999682,
2026-06-22T12:06:26,gcp-c4-standard-48-lssd,Intel Xeon 6985P-C,bench_stable,mem_random_read,33.24,1925515584,
2026-06-22T12:06:26,gcp-c4-standard-48-lssd,Intel Xeon 6985P-C,bench_stable,mem_random_write,32.09,1994538919,
2026-06-22T12:06:26,gcp-c4-standard-48-lssd,Intel Xeon 6985P-C,bench_stable,seq_mem_read_single,47946513.00,22394575887,
2026-06-22T12:06:26,gcp-c4-standard-48-lssd,Intel Xeon 6985P-C,bench_stable,seq_mem_read_threaded,5483600.98,195809619909,
2026-06-22T12:06:26,gcp-c4-standard-48-lssd,Intel Xeon 6985P-C,bench_stable,seq_mem_write_single,92869773.65,11561800808,
2026-06-22T12:06:26,gcp-c4-standard-48-lssd,Intel Xeon 6985P-C,bench_stable,seq_mem_write_threaded,8621493.61,124542436918,
2026-06-22T12:06:26,gcp-c4-standard-48-lssd,Intel Xeon 6985P-C,bench_stable,ssd_read_seq,1034.01,7922575968,
2026-06-22T12:06:26,gcp-c4-standard-48-lssd,Intel Xeon 6985P-C,bench_stable,ssd_write_fsync,164893.21,49680638,
2026-06-22T12:06:26,gcp-c4-standard-48-lssd,Intel Xeon 6985P-C,bench_stable,ssd_write_no_fsync,2023.07,4049287473,
2026-06-22T12:11:24,gcp-c4d-standard-48-lssd,AMD EPYC 9B45,bench_stable,mem_random_read,23.91,2676427150,
2026-06-22T12:11:24,gcp-c4d-standard-48-lssd,AMD EPYC 9B45,bench_stable,mem_random_write,21.67,2953160811,
2026-06-22T12:11:24,gcp-c4d-standard-48-lssd,AMD EPYC 9B45,bench_stable,seq_mem_read_single,22007406.73,48790020442,
2026-06-22T12:11:24,gcp-c4d-standard-48-lssd,AMD EPYC 9B45,bench_stable,seq_mem_read_threaded,6989150.86,153629796540,
2026-06-22T12:11:24,gcp-c4d-standard-48-lssd,AMD EPYC 9B45,bench_stable,seq_mem_write_single,36652202.71,29295424138,
2026-06-22T12:11:24,gcp-c4d-standard-48-lssd,AMD EPYC 9B45,bench_stable,seq_mem_write_threaded,10242738.06,104829569757,
2026-06-22T12:11:24,gcp-c4d-standard-48-lssd,AMD EPYC 9B45,bench_stable,ssd_read_seq,522.08,15691136814,
2026-06-22T12:11:24,gcp-c4d-standard-48-lssd,AMD EPYC 9B45,bench_stable,ssd_write_fsync,92817.90,88258834,
2026-06-22T12:11:24,gcp-c4d-standard-48-lssd,AMD EPYC 9B45,bench_stable,ssd_write_no_fsync,1682.45,4869079883,
2026-06-22T12:16:00,gcp-c4a-standard-48-lssd,Neoverse-V2,bench_stable,mem_random_read,35.23,1816592807,
2026-06-22T12:16:00,gcp-c4a-standard-48-lssd,Neoverse-V2,bench_stable,mem_random_write,20.01,3198361595,
2026-06-22T12:16:00,gcp-c4a-standard-48-lssd,Neoverse-V2,bench_stable,seq_mem_read_single,38981577.56,27544853010,
2026-06-22T12:16:00,gcp-c4a-standard-48-lssd,Neoverse-V2,bench_stable,seq_mem_read_threaded,3658886.82,293461338366,
2026-06-22T12:16:00,gcp-c4a-standard-48-lssd,Neoverse-V2,bench_stable,seq_mem_write_single,43106055.86,24909303404,
2026-06-22T12:16:00,gcp-c4a-standard-48-lssd,Neoverse-V2,bench_stable,seq_mem_write_threaded,6771891.98,158558616527,
2026-06-22T12:16:00,gcp-c4a-standard-48-lssd,Neoverse-V2,bench_stable,ssd_read_seq,930.09,8807764329,
2026-06-22T12:16:00,gcp-c4a-standard-48-lssd,Neoverse-V2,bench_stable,ssd_write_fsync,97402.64,84104501,
2026-06-22T12:16:00,gcp-c4a-standard-48-lssd,Neoverse-V2,bench_stable,ssd_write_no_fsync,2028.42,4038610551,
2026-06-22T12:20:21,aws-c7i.12xlarge,Intel Xeon Platinum 8488C,bench_stable,mem_random_read,35.75,1790402309,
2026-06-22T12:20:21,aws-c7i.12xlarge,Intel Xeon Platinum 8488C,bench_stable,mem_random_write,24.37,2625690523,
2026-06-22T12:20:21,aws-c7i.12xlarge,Intel Xeon Platinum 8488C,bench_stable,seq_mem_read_single,95542035.48,11238423157,
2026-06-22T12:20:21,aws-c7i.12xlarge,Intel Xeon Platinum 8488C,bench_stable,seq_mem_read_threaded,5388834.50,199253071321,
2026-06-22T12:20:21,aws-c7i.12xlarge,Intel Xeon Platinum 8488C,bench_stable,seq_mem_write_single,92710580.16,11581653595,
2026-06-22T12:20:21,aws-c7i.12xlarge,Intel Xeon Platinum 8488C,bench_stable,seq_mem_write_threaded,7237731.48,148353365510,
2026-06-22T12:20:21,aws-c7i.12xlarge,Intel Xeon Platinum 8488C,bench_stable,ssd_read_seq,62570.37,130924585,
2026-06-22T12:20:21,aws-c7i.12xlarge,Intel Xeon Platinum 8488C,bench_stable,ssd_write_fsync,2804720.10,2920791,
2026-06-22T12:20:21,aws-c7i.12xlarge,Intel Xeon Platinum 8488C,bench_stable,ssd_write_no_fsync,3185.56,2571602190,
2026-06-22T12:23:31,aws-c7a.12xlarge,AMD EPYC 9R14,bench_stable,mem_random_read,39.07,1638033946,
2026-06-22T12:23:31,aws-c7a.12xlarge,AMD EPYC 9R14,bench_stable,mem_random_write,39.59,1616601049,
2026-06-22T12:23:31,aws-c7a.12xlarge,AMD EPYC 9R14,bench_stable,seq_mem_read_single,36435864.21,29469366166,
2026-06-22T12:23:31,aws-c7a.12xlarge,AMD EPYC 9R14,bench_stable,seq_mem_read_threaded,6896729.85,155688543247,
2026-06-22T12:23:31,aws-c7a.12xlarge,AMD EPYC 9R14,bench_stable,seq_mem_write_single,45872919.37,23406877932,
2026-06-22T12:23:31,aws-c7a.12xlarge,AMD EPYC 9R14,bench_stable,seq_mem_write_threaded,10084866.60,106470602566,
2026-06-22T12:23:31,aws-c7a.12xlarge,AMD EPYC 9R14,bench_stable,ssd_read_seq,62463.86,131147828,
2026-06-22T12:23:31,aws-c7a.12xlarge,AMD EPYC 9R14,bench_stable,ssd_write_fsync,2860254.35,2864081,
2026-06-22T12:23:31,aws-c7a.12xlarge,AMD EPYC 9R14,bench_stable,ssd_write_no_fsync,4404.83,1859778704,
2026-06-22T12:26:37,aws-c7g.12xlarge,Neoverse-V1,bench_stable,mem_random_read,38.78,1650194146,
2026-06-22T12:26:37,aws-c7g.12xlarge,Neoverse-V1,bench_stable,mem_random_write,23.74,2696395822,
2026-06-22T12:26:37,aws-c7g.12xlarge,Neoverse-V1,bench_stable,seq_mem_read_single,35857189.54,29944952118,
2026-06-22T12:26:37,aws-c7g.12xlarge,Neoverse-V1,bench_stable,seq_mem_read_threaded,4256284.81,252272080612,
2026-06-22T12:26:37,aws-c7g.12xlarge,Neoverse-V1,bench_stable,seq_mem_write_single,41487404.35,25881152145,
2026-06-22T12:26:37,aws-c7g.12xlarge,Neoverse-V1,bench_stable,seq_mem_write_threaded,9665052.20,111095294805,
2026-06-22T12:26:37,aws-c7g.12xlarge,Neoverse-V1,bench_stable,ssd_read_seq,62464.77,131145925,
2026-06-22T12:26:37,aws-c7g.12xlarge,Neoverse-V1,bench_stable,ssd_write_fsync,2784100.84,2942422,
2026-06-22T12:26:37,aws-c7g.12xlarge,Neoverse-V1,bench_stable,ssd_write_no_fsync,3190.30,2567779949,
2026-06-23T11:08:07,gcp-c4-standard-48-lssd,Intel Xeon 6985P-C,bench_stable,mem_random_read,32.40,1975486018,
2026-06-23T11:08:07,gcp-c4-standard-48-lssd,Intel Xeon 6985P-C,bench_stable,mem_random_write,31.57,2027075260,
2026-06-23T11:08:07,gcp-c4-standard-48-lssd,Intel Xeon 6985P-C,bench_stable,seq_mem_read_single,44180928.09,24303288103,
2026-06-23T11:08:07,gcp-c4-standard-48-lssd,Intel Xeon 6985P-C,bench_stable,seq_mem_read_threaded,5465106.76,196472250548,
2026-06-23T11:08:07,gcp-c4-standard-48-lssd,Intel Xeon 6985P-C,bench_stable,seq_mem_write_single,90845660.05,11819406930,
2026-06-23T11:08:07,gcp-c4-standard-48-lssd,Intel Xeon 6985P-C,bench_stable,seq_mem_write_threaded,10225170.97,105009669535,
2026-06-23T11:08:07,gcp-c4-standard-48-lssd,Intel Xeon 6985P-C,bench_stable,ssd_read_seq,1027.17,7975343675,
2026-06-23T11:08:07,gcp-c4-standard-48-lssd,Intel Xeon 6985P-C,bench_stable,ssd_write_fsync,174146.48,47040860,
2026-06-23T11:08:07,gcp-c4-standard-48-lssd,Intel Xeon 6985P-C,bench_stable,ssd_write_no_fsync,2014.20,4067132317,
2026-06-23T11:13:00,gcp-c4d-standard-48-lssd,AMD EPYC 9B45,bench_stable,mem_random_read,23.61,2710973254,
2026-06-23T11:13:00,gcp-c4d-standard-48-lssd,AMD EPYC 9B45,bench_stable,mem_random_write,21.60,2963039199,
2026-06-23T11:13:00,gcp-c4d-standard-48-lssd,AMD EPYC 9B45,bench_stable,seq_mem_read_single,22026407.71,48747931939,
2026-06-23T11:13:00,gcp-c4d-standard-48-lssd,AMD EPYC 9B45,bench_stable,seq_mem_read_threaded,6993389.79,153536676296,
2026-06-23T11:13:00,gcp-c4d-standard-48-lssd,AMD EPYC 9B45,bench_stable,seq_mem_write_single,35517373.57,30231453400,
2026-06-23T11:13:00,gcp-c4d-standard-48-lssd,AMD EPYC 9B45,bench_stable,seq_mem_write_threaded,10241464.75,104842603124,
2026-06-23T11:13:00,gcp-c4d-standard-48-lssd,AMD EPYC 9B45,bench_stable,ssd_read_seq,514.69,15916247523,
2026-06-23T11:13:00,gcp-c4d-standard-48-lssd,AMD EPYC 9B45,bench_stable,ssd_write_fsync,94474.60,86711134,
2026-06-23T11:13:00,gcp-c4d-standard-48-lssd,AMD EPYC 9B45,bench_stable,ssd_write_no_fsync,1673.44,4895299391,
2026-06-23T11:17:51,gcp-c4a-standard-48-lssd,Neoverse-V2,bench_stable,mem_random_read,34.64,1847730199,
2026-06-23T11:17:51,gcp-c4a-standard-48-lssd,Neoverse-V2,bench_stable,mem_random_write,19.09,3352004460,
2026-06-23T11:17:51,gcp-c4a-standard-48-lssd,Neoverse-V2,bench_stable,seq_mem_read_single,38768872.29,27695977738,
2026-06-23T11:17:51,gcp-c4a-standard-48-lssd,Neoverse-V2,bench_stable,seq_mem_read_threaded,3658142.66,293521036441,
2026-06-23T11:17:51,gcp-c4a-standard-48-lssd,Neoverse-V2,bench_stable,seq_mem_write_single,44337129.78,24217666530,
2026-06-23T11:17:51,gcp-c4a-standard-48-lssd,Neoverse-V2,bench_stable,seq_mem_write_threaded,7482871.34,143493289506,
2026-06-23T11:17:51,gcp-c4a-standard-48-lssd,Neoverse-V2,bench_stable,ssd_read_seq,893.92,9164119767,
2026-06-23T11:17:51,gcp-c4a-standard-48-lssd,Neoverse-V2,bench_stable,ssd_write_fsync,95009.55,86222915,
2026-06-23T11:17:51,gcp-c4a-standard-48-lssd,Neoverse-V2,bench_stable,ssd_write_no_fsync,1935.29,4232950944,
2026-06-23T11:22:18,aws-c7i.12xlarge,Intel Xeon Platinum 8488C,bench_stable,mem_random_read,40.88,1565404966,
2026-06-23T11:22:18,aws-c7i.12xlarge,Intel Xeon Platinum 8488C,bench_stable,mem_random_write,27.58,2320104325,
2026-06-23T11:22:18,aws-c7i.12xlarge,Intel Xeon Platinum 8488C,bench_stable,seq_mem_read_single,106034803.24,10126315051,
2026-06-23T11:22:18,aws-c7i.12xlarge,Intel Xeon Platinum 8488C,bench_stable,seq_mem_read_threaded,7353141.05,146024918742,
2026-06-23T11:22:18,aws-c7i.12xlarge,Intel Xeon Platinum 8488C,bench_stable,seq_mem_write_single,105724484.76,10156037426,
2026-06-23T11:22:18,aws-c7i.12xlarge,Intel Xeon Platinum 8488C,bench_stable,seq_mem_write_threaded,7739322.80,138738472631,
2026-06-23T11:22:18,aws-c7i.12xlarge,Intel Xeon Platinum 8488C,bench_stable,ssd_read_seq,62462.03,131151669,
2026-06-23T11:22:18,aws-c7i.12xlarge,Intel Xeon Platinum 8488C,bench_stable,ssd_write_fsync,2826341.08,2898447,
2026-06-23T11:22:18,aws-c7i.12xlarge,Intel Xeon Platinum 8488C,bench_stable,ssd_write_no_fsync,3150.31,2600379405,
2026-06-23T11:25:18,aws-c7a.12xlarge,AMD EPYC 9R14,bench_stable,mem_random_read,28.17,2271734772,
2026-06-23T11:25:18,aws-c7a.12xlarge,AMD EPYC 9R14,bench_stable,mem_random_write,28.48,2247253963,
2026-06-23T11:25:18,aws-c7a.12xlarge,AMD EPYC 9R14,bench_stable,seq_mem_read_single,28617922.26,37519908481,
2026-06-23T11:25:18,aws-c7a.12xlarge,AMD EPYC 9R14,bench_stable,seq_mem_read_threaded,4923489.70,218085522451,
2026-06-23T11:25:18,aws-c7a.12xlarge,AMD EPYC 9R14,bench_stable,seq_mem_write_single,38874420.02,27620780538,
2026-06-23T11:25:18,aws-c7a.12xlarge,AMD EPYC 9R14,bench_stable,seq_mem_write_threaded,7761331.63,138345051576,
2026-06-23T11:25:18,aws-c7a.12xlarge,AMD EPYC 9R14,bench_stable,ssd_read_seq,62466.57,131142148,
2026-06-23T11:25:18,aws-c7a.12xlarge,AMD EPYC 9R14,bench_stable,ssd_write_fsync,2841086.40,2883404,
2026-06-23T11:25:18,aws-c7a.12xlarge,AMD EPYC 9R14,bench_stable,ssd_write_no_fsync,3808.13,2151185054,
2026-06-23T11:28:19,aws-c7g.12xlarge,Neoverse-V1,bench_stable,mem_random_read,36.93,1732817177,
2026-06-23T11:28:19,aws-c7g.12xlarge,Neoverse-V1,bench_stable,mem_random_write,22.67,2823486019,
2026-06-23T11:28:19,aws-c7g.12xlarge,Neoverse-V1,bench_stable,seq_mem_read_single,33826950.89,31742199512,
2026-06-23T11:28:19,aws-c7g.12xlarge,Neoverse-V1,bench_stable,seq_mem_read_threaded,4268278.96,251563179049,
2026-06-23T11:28:19,aws-c7g.12xlarge,Neoverse-V1,bench_stable,seq_mem_write_single,41020132.02,26175971924,
2026-06-23T11:28:19,aws-c7g.12xlarge,Neoverse-V1,bench_stable,seq_mem_write_threaded,9480530.32,113257569736,
2026-06-23T11:28:19,aws-c7g.12xlarge,Neoverse-V1,bench_stable,ssd_read_seq,62466.41,131142477,
2026-06-23T11:28:19,aws-c7g.12xlarge,Neoverse-V1,bench_stable,ssd_write_fsync,2782317.49,2944308,
2026-06-23T11:28:19,aws-c7g.12xlarge,Neoverse-V1,bench_stable,ssd_write_no_fsync,3192.24,2566223968,
2026-06-24T11:06:52,gcp-c4-standard-48-lssd,Intel Xeon 6985P-C,bench_stable,mem_random_read,33.14,1931288198,
2026-06-24T11:06:52,gcp-c4-standard-48-lssd,Intel Xeon 6985P-C,bench_stable,mem_random_write,32.00,2000140353,
2026-06-24T11:06:52,gcp-c4-standard-48-lssd,Intel Xeon 6985P-C,bench_stable,seq_mem_read_single,44210648.52,24286950318,
2026-06-24T11:06:52,gcp-c4-standard-48-lssd,Intel Xeon 6985P-C,bench_stable,seq_mem_read_threaded,5496476.71,195350927479,
2026-06-24T11:06:52,gcp-c4-standard-48-lssd,Intel Xeon 6985P-C,bench_stable,seq_mem_write_single,93193851.40,11521595126,
2026-06-24T11:06:52,gcp-c4-standard-48-lssd,Intel Xeon 6985P-C,bench_stable,seq_mem_write_threaded,8604617.09,124786706044,
2026-06-24T11:06:52,gcp-c4-standard-48-lssd,Intel Xeon 6985P-C,bench_stable,ssd_read_seq,948.93,8632913537,
2026-06-24T11:06:52,gcp-c4-standard-48-lssd,Intel Xeon 6985P-C,bench_stable,ssd_write_fsync,177739.85,46089833,
2026-06-24T11:06:52,gcp-c4-standard-48-lssd,Intel Xeon 6985P-C,bench_stable,ssd_write_no_fsync,2021.49,4052466374,
2026-06-24T11:12:24,gcp-c4d-standard-48-lssd,AMD EPYC 9B45,bench_stable,mem_random_read,23.67,2703537399,
2026-06-24T11:12:24,gcp-c4d-standard-48-lssd,AMD EPYC 9B45,bench_stable,mem_random_write,21.61,2961286109,
2026-06-24T11:12:24,gcp-c4d-standard-48-lssd,AMD EPYC 9B45,bench_stable,seq_mem_read_single,22044958.46,48706910730,
2026-06-24T11:12:24,gcp-c4d-standard-48-lssd,AMD EPYC 9B45,bench_stable,seq_mem_read_threaded,7120388.81,150798201176,
2026-06-24T11:12:24,gcp-c4d-standard-48-lssd,AMD EPYC 9B45,bench_stable,seq_mem_write_single,35566206.40,30189945253,
2026-06-24T11:12:24,gcp-c4d-standard-48-lssd,AMD EPYC 9B45,bench_stable,seq_mem_write_threaded,10277024.93,104479830643,
2026-06-24T11:12:24,gcp-c4d-standard-48-lssd,AMD EPYC 9B45,bench_stable,ssd_read_seq,534.56,15324890746,
2026-06-24T11:12:24,gcp-c4d-standard-48-lssd,AMD EPYC 9B45,bench_stable,ssd_write_fsync,92926.25,88155931,
2026-06-24T11:12:24,gcp-c4d-standard-48-lssd,AMD EPYC 9B45,bench_stable,ssd_write_no_fsync,1663.21,4925414444,
2026-06-24T11:17:17,gcp-c4a-standard-48-lssd,Neoverse-V2,bench_stable,mem_random_read,34.90,1833718864,
2026-06-24T11:17:17,gcp-c4a-standard-48-lssd,Neoverse-V2,bench_stable,mem_random_write,19.20,3334095034,
2026-06-24T11:17:17,gcp-c4a-standard-48-lssd,Neoverse-V2,bench_stable,seq_mem_read_single,39594468.19,27118480768,
2026-06-24T11:17:17,gcp-c4a-standard-48-lssd,Neoverse-V2,bench_stable,seq_mem_read_threaded,3679069.40,291851473344,
2026-06-24T11:17:17,gcp-c4a-standard-48-lssd,Neoverse-V2,bench_stable,seq_mem_write_single,44575380.40,24088225708,
2026-06-24T11:17:17,gcp-c4a-standard-48-lssd,Neoverse-V2,bench_stable,seq_mem_write_threaded,7386136.06,145372602745,
2026-06-24T11:17:17,gcp-c4a-standard-48-lssd,Neoverse-V2,bench_stable,ssd_read_seq,870.87,9406684157,
2026-06-24T11:17:17,gcp-c4a-standard-48-lssd,Neoverse-V2,bench_stable,ssd_write_fsync,94397.88,86781610,
2026-06-24T11:17:17,gcp-c4a-standard-48-lssd,Neoverse-V2,bench_stable,ssd_write_no_fsync,2006.68,4082372812,
2026-06-24T11:21:48,aws-c7i.12xlarge,Intel Xeon Platinum 8488C,bench_stable,mem_random_read,35.51,1802455010,
2026-06-24T11:21:48,aws-c7i.12xlarge,Intel Xeon Platinum 8488C,bench_stable,mem_random_write,24.45,2617701995,
2026-06-24T11:21:48,aws-c7i.12xlarge,Intel Xeon Platinum 8488C,bench_stable,seq_mem_read_single,95529563.36,11239890419,
2026-06-24T11:21:48,aws-c7i.12xlarge,Intel Xeon Platinum 8488C,bench_stable,seq_mem_read_threaded,5197361.45,206593640790,
2026-06-24T11:21:48,aws-c7i.12xlarge,Intel Xeon Platinum 8488C,bench_stable,seq_mem_write_single,90482480.60,11866847779,
2026-06-24T11:21:48,aws-c7i.12xlarge,Intel Xeon Platinum 8488C,bench_stable,seq_mem_write_threaded,6968418.08,154086883311,
2026-06-24T11:21:48,aws-c7i.12xlarge,Intel Xeon Platinum 8488C,bench_stable,ssd_read_seq,62462.10,131151532,
2026-06-24T11:21:48,aws-c7i.12xlarge,Intel Xeon Platinum 8488C,bench_stable,ssd_write_fsync,2798802.80,2926966,
2026-06-24T11:21:48,aws-c7i.12xlarge,Intel Xeon Platinum 8488C,bench_stable,ssd_write_no_fsync,3202.78,2557779455,
2026-06-24T11:24:58,aws-c7a.12xlarge,AMD EPYC 9R14,bench_stable,mem_random_read,29.02,2205383046,
2026-06-24T11:24:58,aws-c7a.12xlarge,AMD EPYC 9R14,bench_stable,mem_random_write,29.81,2147127616,
2026-06-24T11:24:58,aws-c7a.12xlarge,AMD EPYC 9R14,bench_stable,seq_mem_read_single,29522972.30,36369706036,
2026-06-24T11:24:58,aws-c7a.12xlarge,AMD EPYC 9R14,bench_stable,seq_mem_read_threaded,4956855.03,216617556558,
2026-06-24T11:24:58,aws-c7a.12xlarge,AMD EPYC 9R14,bench_stable,seq_mem_write_single,39051552.68,27495496342,
2026-06-24T11:24:58,aws-c7a.12xlarge,AMD EPYC 9R14,bench_stable,seq_mem_write_threaded,7858612.70,136632490323,
2026-06-24T11:24:58,aws-c7a.12xlarge,AMD EPYC 9R14,bench_stable,ssd_read_seq,62464.81,131145846,
2026-06-24T11:24:58,aws-c7a.12xlarge,AMD EPYC 9R14,bench_stable,ssd_write_fsync,2838945.09,2885579,
2026-06-24T11:24:58,aws-c7a.12xlarge,AMD EPYC 9R14,bench_stable,ssd_write_no_fsync,3882.25,2110118821,
2026-06-24T11:28:04,aws-c7g.12xlarge,Neoverse-V1,bench_stable,mem_random_read,37.85,1690815786,
2026-06-24T11:28:04,aws-c7g.12xlarge,Neoverse-V1,bench_stable,mem_random_write,23.25,2752837422,
2026-06-24T11:28:04,aws-c7g.12xlarge,Neoverse-V1,bench_stable,seq_mem_read_single,34612012.20,31022230596,
2026-06-24T11:28:04,aws-c7g.12xlarge,Neoverse-V1,bench_stable,seq_mem_read_threaded,4126373.34,260214414851,
2026-06-24T11:28:04,aws-c7g.12xlarge,Neoverse-V1,bench_stable,seq_mem_write_single,40150377.94,26743006646,
2026-06-24T11:28:04,aws-c7g.12xlarge,Neoverse-V1,bench_stable,seq_mem_write_threaded,9418054.01,114008883686,
2026-06-24T11:28:04,aws-c7g.12xlarge,Neoverse-V1,bench_stable,ssd_read_seq,62465.37,131144666,
2026-06-24T11:28:04,aws-c7g.12xlarge,Neoverse-V1,bench_stable,ssd_write_fsync,2780531.10,2946200,
2026-06-24T11:28:04,aws-c7g.12xlarge,Neoverse-V1,bench_stable,ssd_write_no_fsync,3177.31,2578283725,
2026-06-25T11:02:33,gcp-c4-standard-48-lssd,Intel Xeon 6985P-C,bench_stable,mem_random_read,33.05,1936624488,
2026-06-25T11:02:33,gcp-c4-standard-48-lssd,Intel Xeon 6985P-C,bench_stable,mem_random_write,32.78,1952221118,
2026-06-25T11:02:33,gcp-c4-standard-48-lssd,Intel Xeon 6985P-C,bench_stable,seq_mem_read_single,44358724.38,24205876952,
2026-06-25T11:02:33,gcp-c4-standard-48-lssd,Intel Xeon 6985P-C,bench_stable,seq_mem_read_threaded,5603374.42,191624143466,
2026-06-25T11:02:33,gcp-c4-standard-48-lssd,Intel Xeon 6985P-C,bench_stable,seq_mem_write_single,93731903.88,11455457316,
2026-06-25T11:02:33,gcp-c4-standard-48-lssd,Intel Xeon 6985P-C,bench_stable,seq_mem_write_threaded,8559543.85,125443813624,
2026-06-25T11:02:33,gcp-c4-standard-48-lssd,Intel Xeon 6985P-C,bench_stable,ssd_read_seq,1060.63,7723689486,
2026-06-25T11:02:33,gcp-c4-standard-48-lssd,Intel Xeon 6985P-C,bench_stable,ssd_write_fsync,176997.57,46283122,
2026-06-25T11:02:33,gcp-c4-standard-48-lssd,Intel Xeon 6985P-C,bench_stable,ssd_write_no_fsync,2034.88,4025798820,
2026-06-25T11:07:23,gcp-c4d-standard-48-lssd,AMD EPYC 9B45,bench_stable,mem_random_read,23.81,2687404071,
2026-06-25T11:07:23,gcp-c4d-standard-48-lssd,AMD EPYC 9B45,bench_stable,mem_random_write,21.88,2924504783,
2026-06-25T11:07:23,gcp-c4d-standard-48-lssd,AMD EPYC 9B45,bench_stable,seq_mem_read_single,23277879.93,46127131294,
2026-06-25T11:07:23,gcp-c4d-standard-48-lssd,AMD EPYC 9B45,bench_stable,seq_mem_read_threaded,7175243.44,149645351177,
2026-06-25T11:07:23,gcp-c4d-standard-48-lssd,AMD EPYC 9B45,bench_stable,seq_mem_write_single,35302486.85,30415472669,
2026-06-25T11:07:23,gcp-c4d-standard-48-lssd,AMD EPYC 9B45,bench_stable,seq_mem_write_threaded,10286488.10,104383713183,
2026-06-25T11:07:23,gcp-c4d-standard-48-lssd,AMD EPYC 9B45,bench_stable,ssd_read_seq,582.43,14065283442,
2026-06-25T11:07:23,gcp-c4d-standard-48-lssd,AMD EPYC 9B45,bench_stable,ssd_write_fsync,98511.35,83157928,
2026-06-25T11:07:23,gcp-c4d-standard-48-lssd,AMD EPYC 9B45,bench_stable,ssd_write_no_fsync,1659.24,4937190156,
2026-06-25T11:12:14,gcp-c4a-standard-48-lssd,Neoverse-V2,bench_stable,mem_random_read,34.78,1840224228,
2026-06-25T11:12:14,gcp-c4a-standard-48-lssd,Neoverse-V2,bench_stable,mem_random_write,19.20,3333300957,
2026-06-25T11:12:14,gcp-c4a-standard-48-lssd,Neoverse-V2,bench_stable,seq_mem_read_single,39898776.02,26911648201,
2026-06-25T11:12:14,gcp-c4a-standard-48-lssd,Neoverse-V2,bench_stable,seq_mem_read_threaded,3500284.10,306758477946,
2026-06-25T11:12:14,gcp-c4a-standard-48-lssd,Neoverse-V2,bench_stable,seq_mem_write_single,44883746.73,23922731552,
2026-06-25T11:12:14,gcp-c4a-standard-48-lssd,Neoverse-V2,bench_stable,seq_mem_write_threaded,7617762.32,140952392394,
2026-06-25T11:12:14,gcp-c4a-standard-48-lssd,Neoverse-V2,bench_stable,ssd_read_seq,881.14,9297097451,
2026-06-25T11:12:14,gcp-c4a-standard-48-lssd,Neoverse-V2,bench_stable,ssd_write_fsync,95506.00,85774720,
2026-06-25T11:12:14,gcp-c4a-standard-48-lssd,Neoverse-V2,bench_stable,ssd_write_no_fsync,1945.45,4210858808,
2026-06-25T11:16:40,aws-c7i.12xlarge,Intel Xeon Platinum 8488C,bench_stable,mem_random_read,38.39,1667120560,
2026-06-25T11:16:40,aws-c7i.12xlarge,Intel Xeon Platinum 8488C,bench_stable,mem_random_write,26.03,2458507572,
2026-06-25T11:16:40,aws-c7i.12xlarge,Intel Xeon Platinum 8488C,bench_stable,seq_mem_read_single,101277145.26,10602015106,
2026-06-25T11:16:40,aws-c7i.12xlarge,Intel Xeon Platinum 8488C,bench_stable,seq_mem_read_threaded,6949274.17,154511363031,
2026-06-25T11:16:40,aws-c7i.12xlarge,Intel Xeon Platinum 8488C,bench_stable,seq_mem_write_single,97987239.63,10957976039,
2026-06-25T11:16:40,aws-c7i.12xlarge,Intel Xeon Platinum 8488C,bench_stable,seq_mem_write_threaded,7513704.63,142904449455,
2026-06-25T11:16:40,aws-c7i.12xlarge,Intel Xeon Platinum 8488C,bench_stable,ssd_read_seq,62464.24,131147040,
2026-06-25T11:16:40,aws-c7i.12xlarge,Intel Xeon Platinum 8488C,bench_stable,ssd_write_fsync,2818835.14,2906165,
2026-06-25T11:16:40,aws-c7i.12xlarge,Intel Xeon Platinum 8488C,bench_stable,ssd_write_no_fsync,3173.20,2581620510,
2026-06-25T11:19:47,aws-c7a.12xlarge,AMD EPYC 9R14,bench_stable,mem_random_read,29.34,2181182101,
2026-06-25T11:19:47,aws-c7a.12xlarge,AMD EPYC 9R14,bench_stable,mem_random_write,29.69,2155267471,
2026-06-25T11:19:47,aws-c7a.12xlarge,AMD EPYC 9R14,bench_stable,seq_mem_read_single,29450157.23,36459629588,
2026-06-25T11:19:47,aws-c7a.12xlarge,AMD EPYC 9R14,bench_stable,seq_mem_read_threaded,4907760.03,218784499836,
2026-06-25T11:19:47,aws-c7a.12xlarge,AMD EPYC 9R14,bench_stable,seq_mem_write_single,38958085.36,27561462894,
2026-06-25T11:19:47,aws-c7a.12xlarge,AMD EPYC 9R14,bench_stable,seq_mem_write_threaded,7823564.80,137244574752,
2026-06-25T11:19:47,aws-c7a.12xlarge,AMD EPYC 9R14,bench_stable,ssd_read_seq,62465.55,131144281,
2026-06-25T11:19:47,aws-c7a.12xlarge,AMD EPYC 9R14,bench_stable,ssd_write_fsync,2837483.69,2887065,
2026-06-25T11:19:47,aws-c7a.12xlarge,AMD EPYC 9R14,bench_stable,ssd_write_no_fsync,3867.16,2118351726,
2026-06-25T11:22:53,aws-c7g.12xlarge,Neoverse-V1,bench_stable,mem_random_read,37.09,1725728398,
2026-06-25T11:22:53,aws-c7g.12xlarge,Neoverse-V1,bench_stable,mem_random_write,22.81,2806031446,
2026-06-25T11:22:53,aws-c7g.12xlarge,Neoverse-V1,bench_stable,seq_mem_read_single,33220184.76,32321970263,
2026-06-25T11:22:53,aws-c7g.12xlarge,Neoverse-V1,bench_stable,seq_mem_read_threaded,4131835.90,259870394147,
2026-06-25T11:22:53,aws-c7g.12xlarge,Neoverse-V1,bench_stable,seq_mem_write_single,40383590.40,26588567618,
2026-06-25T11:22:53,aws-c7g.12xlarge,Neoverse-V1,bench_stable,seq_mem_write_threaded,9431650.62,113844529166,
2026-06-25T11:22:53,aws-c7g.12xlarge,Neoverse-V1,bench_stable,ssd_read_seq,62465.90,131143555,
2026-06-25T11:22:53,aws-c7g.12xlarge,Neoverse-V1,bench_stable,ssd_write_fsync,2777702.14,2949200,
2026-06-25T11:22:53,aws-c7g.12xlarge,Neoverse-V1,bench_stable,ssd_write_no_fsync,3165.91,2587562126,
2026-06-26T11:06:13,gcp-c4-standard-48-lssd,Intel Xeon 6985P-C,bench_stable,mem_random_read,32.97,1941139183,
2026-06-26T11:06:13,gcp-c4-standard-48-lssd,Intel Xeon 6985P-C,bench_stable,mem_random_write,31.81,2011728116,
2026-06-26T11:06:13,gcp-c4-standard-48-lssd,Intel Xeon 6985P-C,bench_stable,seq_mem_read_single,51500572.32,20849124108,
2026-06-26T11:06:13,gcp-c4-standard-48-lssd,Intel Xeon 6985P-C,bench_stable,seq_mem_read_threaded,5439517.65,197396514226,
2026-06-26T11:06:13,gcp-c4-standard-48-lssd,Intel Xeon 6985P-C,bench_stable,seq_mem_write_single,91166001.89,11777875543,
2026-06-26T11:06:13,gcp-c4-standard-48-lssd,Intel Xeon 6985P-C,bench_stable,seq_mem_write_threaded,8526980.17,125922870984,
2026-06-26T11:06:13,gcp-c4-standard-48-lssd,Intel Xeon 6985P-C,bench_stable,ssd_read_seq,1026.92,7977254041,
2026-06-26T11:06:13,gcp-c4-standard-48-lssd,Intel Xeon 6985P-C,bench_stable,ssd_write_fsync,160904.23,50912273,
2026-06-26T11:06:13,gcp-c4-standard-48-lssd,Intel Xeon 6985P-C,bench_stable,ssd_write_no_fsync,1991.15,4114212761,
2026-06-26T11:11:00,gcp-c4d-standard-48-lssd,AMD EPYC 9B45,bench_stable,mem_random_read,20.33,3147449606,
2026-06-26T11:11:00,gcp-c4d-standard-48-lssd,AMD EPYC 9B45,bench_stable,mem_random_write,17.48,3661885569,
2026-06-26T11:11:00,gcp-c4d-standard-48-lssd,AMD EPYC 9B45,bench_stable,seq_mem_read_single,21684949.95,49515531577,
2026-06-26T11:11:00,gcp-c4d-standard-48-lssd,AMD EPYC 9B45,bench_stable,seq_mem_read_threaded,7863460.52,136548256484,
2026-06-26T11:11:00,gcp-c4d-standard-48-lssd,AMD EPYC 9B45,bench_stable,seq_mem_write_single,34262905.62,31338317769,
2026-06-26T11:11:00,gcp-c4d-standard-48-lssd,AMD EPYC 9B45,bench_stable,seq_mem_write_threaded,10217729.95,105086142307,
2026-06-26T11:11:00,gcp-c4d-standard-48-lssd,AMD EPYC 9B45,bench_stable,ssd_read_seq,459.87,17813590931,
2026-06-26T11:11:00,gcp-c4d-standard-48-lssd,AMD EPYC 9B45,bench_stable,ssd_write_fsync,92652.71,88416190,
2026-06-26T11:11:00,gcp-c4d-standard-48-lssd,AMD EPYC 9B45,bench_stable,ssd_write_no_fsync,1671.45,4901121814,
2026-06-26T11:15:33,gcp-c4a-standard-48-lssd,Neoverse-V2,bench_stable,mem_random_read,34.70,1844157975,
2026-06-26T11:15:33,gcp-c4a-standard-48-lssd,Neoverse-V2,bench_stable,mem_random_write,19.02,3364903932,
2026-06-26T11:15:33,gcp-c4a-standard-48-lssd,Neoverse-V2,bench_stable,seq_mem_read_single,39184939.63,27401900683,
2026-06-26T11:15:33,gcp-c4a-standard-48-lssd,Neoverse-V2,bench_stable,seq_mem_read_threaded,3538345.86,303458696735,
2026-06-26T11:15:33,gcp-c4a-standard-48-lssd,Neoverse-V2,bench_stable,seq_mem_write_single,43012832.66,24963290202,
2026-06-26T11:15:33,gcp-c4a-standard-48-lssd,Neoverse-V2,bench_stable,seq_mem_write_threaded,6759453.60,158850387600,
2026-06-26T11:15:33,gcp-c4a-standard-48-lssd,Neoverse-V2,bench_stable,ssd_read_seq,873.77,9375502426,
2026-06-26T11:15:33,gcp-c4a-standard-48-lssd,Neoverse-V2,bench_stable,ssd_write_fsync,93914.18,87228573,
2026-06-26T11:15:33,gcp-c4a-standard-48-lssd,Neoverse-V2,bench_stable,ssd_write_no_fsync,2043.80,4008214894,
2026-06-26T11:20:02,aws-c7i.12xlarge,Intel Xeon Platinum 8488C,bench_stable,mem_random_read,34.66,1846278888,
2026-06-26T11:20:02,aws-c7i.12xlarge,Intel Xeon Platinum 8488C,bench_stable,mem_random_write,23.94,2673486145,
2026-06-26T11:20:02,aws-c7i.12xlarge,Intel Xeon Platinum 8488C,bench_stable,seq_mem_read_single,93295633.25,11509025520,
2026-06-26T11:20:02,aws-c7i.12xlarge,Intel Xeon Platinum 8488C,bench_stable,seq_mem_read_threaded,5597139.64,191837597995,
2026-06-26T11:20:02,aws-c7i.12xlarge,Intel Xeon Platinum 8488C,bench_stable,seq_mem_write_single,88428830.13,12142440677,
2026-06-26T11:20:02,aws-c7i.12xlarge,Intel Xeon Platinum 8488C,bench_stable,seq_mem_write_threaded,7568731.63,141865490317,
2026-06-26T11:20:02,aws-c7i.12xlarge,Intel Xeon Platinum 8488C,bench_stable,ssd_read_seq,62468.69,131137699,
2026-06-26T11:20:02,aws-c7i.12xlarge,Intel Xeon Platinum 8488C,bench_stable,ssd_write_fsync,3376592.88,2426114,
2026-06-26T11:20:02,aws-c7i.12xlarge,Intel Xeon Platinum 8488C,bench_stable,ssd_write_no_fsync,3195.75,2563405016,
2026-06-26T11:23:07,aws-c7a.12xlarge,AMD EPYC 9R14,bench_stable,mem_random_read,28.78,2223576285,
2026-06-26T11:23:07,aws-c7a.12xlarge,AMD EPYC 9R14,bench_stable,mem_random_write,29.12,2197457113,
2026-06-26T11:23:07,aws-c7a.12xlarge,AMD EPYC 9R14,bench_stable,seq_mem_read_single,28837812.35,37233816869,
2026-06-26T11:23:07,aws-c7a.12xlarge,AMD EPYC 9R14,bench_stable,seq_mem_read_threaded,4894727.57,219367024951,
2026-06-26T11:23:07,aws-c7a.12xlarge,AMD EPYC 9R14,bench_stable,seq_mem_write_single,38893545.48,27607198331,
2026-06-26T11:23:07,aws-c7a.12xlarge,AMD EPYC 9R14,bench_stable,seq_mem_write_threaded,7771238.99,138168678899,
2026-06-26T11:23:07,aws-c7a.12xlarge,AMD EPYC 9R14,bench_stable,ssd_read_seq,62464.20,131147122,
2026-06-26T11:23:07,aws-c7a.12xlarge,AMD EPYC 9R14,bench_stable,ssd_write_fsync,2842142.41,2882333,
2026-06-26T11:23:07,aws-c7a.12xlarge,AMD EPYC 9R14,bench_stable,ssd_write_no_fsync,3861.90,2121233556,
2026-06-26T11:26:11,aws-c7g.12xlarge,Neoverse-V1,bench_stable,mem_random_read,36.83,1737632025,
2026-06-26T11:26:11,aws-c7g.12xlarge,Neoverse-V1,bench_stable,mem_random_write,23.32,2744726148,
2026-06-26T11:26:11,aws-c7g.12xlarge,Neoverse-V1,bench_stable,seq_mem_read_single,34977768.11,30697837000,
2026-06-26T11:26:11,aws-c7g.12xlarge,Neoverse-V1,bench_stable,seq_mem_read_threaded,4129872.22,259993958132,
2026-06-26T11:26:11,aws-c7g.12xlarge,Neoverse-V1,bench_stable,seq_mem_write_single,40240231.91,26683291149,
2026-06-26T11:26:11,aws-c7g.12xlarge,Neoverse-V1,bench_stable,seq_mem_write_threaded,9407212.64,114140273508,
2026-06-26T11:26:11,aws-c7g.12xlarge,Neoverse-V1,bench_stable,ssd_read_seq,62463.18,131149272,
2026-06-26T11:26:11,aws-c7g.12xlarge,Neoverse-V1,bench_stable,ssd_write_fsync,2870703.77,2853656,
2026-06-26T11:26:11,aws-c7g.12xlarge,Neoverse-V1,bench_stable,ssd_write_no_fsync,3175.38,2579852585,
2026-06-27T10:44:18,gcp-c4-standard-48-lssd,Intel Xeon 6985P-C,bench_stable,mem_random_read,32.46,1971409322,
2026-06-27T10:44:18,gcp-c4-standard-48-lssd,Intel Xeon 6985P-C,bench_stable,mem_random_write,31.45,2034664300,
2026-06-27T10:44:18,gcp-c4-standard-48-lssd,Intel Xeon 6985P-C,bench_stable,seq_mem_read_single,43802858.39,24513053791,
2026-06-27T10:44:18,gcp-c4-standard-48-lssd,Intel Xeon 6985P-C,bench_stable,seq_mem_read_threaded,5459649.31,196668643479,
2026-06-27T10:44:18,gcp-c4-standard-48-lssd,Intel Xeon 6985P-C,bench_stable,seq_mem_write_single,92555140.39,11601104158,
2026-06-27T10:44:18,gcp-c4-standard-48-lssd,Intel Xeon 6985P-C,bench_stable,seq_mem_write_threaded,8500249.24,126318863519,
2026-06-27T10:44:18,gcp-c4-standard-48-lssd,Intel Xeon 6985P-C,bench_stable,ssd_read_seq,1038.64,7887231401,
2026-06-27T10:44:18,gcp-c4-standard-48-lssd,Intel Xeon 6985P-C,bench_stable,ssd_write_fsync,173949.95,47094005,
2026-06-27T10:44:18,gcp-c4-standard-48-lssd,Intel Xeon 6985P-C,bench_stable,ssd_write_no_fsync,2004.46,4086887870,
2026-06-27T10:49:13,gcp-c4d-standard-48-lssd,AMD EPYC 9B45,bench_stable,mem_random_read,23.88,2679724377,
2026-06-27T10:49:13,gcp-c4d-standard-48-lssd,AMD EPYC 9B45,bench_stable,mem_random_write,21.98,2911781344,
2026-06-27T10:49:13,gcp-c4d-standard-48-lssd,AMD EPYC 9B45,bench_stable,seq_mem_read_single,23727373.59,45253294476,
2026-06-27T10:49:13,gcp-c4d-standard-48-lssd,AMD EPYC 9B45,bench_stable,seq_mem_read_threaded,7872050.36,136399257521,
2026-06-27T10:49:13,gcp-c4d-standard-48-lssd,AMD EPYC 9B45,bench_stable,seq_mem_write_single,35004947.16,30674002133,
2026-06-27T10:49:13,gcp-c4d-standard-48-lssd,AMD EPYC 9B45,bench_stable,seq_mem_write_threaded,10295358.17,104293780380,
2026-06-27T10:49:13,gcp-c4d-standard-48-lssd,AMD EPYC 9B45,bench_stable,ssd_read_seq,581.59,14085520295,
2026-06-27T10:49:13,gcp-c4d-standard-48-lssd,AMD EPYC 9B45,bench_stable,ssd_write_fsync,93744.65,87386325,
2026-06-27T10:49:13,gcp-c4d-standard-48-lssd,AMD EPYC 9B45,bench_stable,ssd_write_no_fsync,1677.51,4883414134,
2026-06-27T10:53:56,gcp-c4a-standard-48-lssd,Neoverse-V2,bench_stable,mem_random_read,35.19,1818488719,
2026-06-27T10:53:56,gcp-c4a-standard-48-lssd,Neoverse-V2,bench_stable,mem_random_write,19.90,3216497008,
2026-06-27T10:53:56,gcp-c4a-standard-48-lssd,Neoverse-V2,bench_stable,seq_mem_read_single,38935665.02,27577333624,
2026-06-27T10:53:56,gcp-c4a-standard-48-lssd,Neoverse-V2,bench_stable,seq_mem_read_threaded,3535172.89,303731063857,
2026-06-27T10:53:56,gcp-c4a-standard-48-lssd,Neoverse-V2,bench_stable,seq_mem_write_single,43127501.77,24896916814,
2026-06-27T10:53:56,gcp-c4a-standard-48-lssd,Neoverse-V2,bench_stable,seq_mem_write_threaded,6890563.44,155827870098,
2026-06-27T10:53:56,gcp-c4a-standard-48-lssd,Neoverse-V2,bench_stable,ssd_read_seq,890.39,9200420976,
2026-06-27T10:53:56,gcp-c4a-standard-48-lssd,Neoverse-V2,bench_stable,ssd_write_fsync,97456.04,84058409,
2026-06-27T10:53:56,gcp-c4a-standard-48-lssd,Neoverse-V2,bench_stable,ssd_write_no_fsync,2045.11,4005652433,
2026-06-27T10:58:18,aws-c7i.12xlarge,Intel Xeon Platinum 8488C,bench_stable,mem_random_read,33.96,1884680933,
2026-06-27T10:58:18,aws-c7i.12xlarge,Intel Xeon Platinum 8488C,bench_stable,mem_random_write,22.95,2789148944,
2026-06-27T10:58:18,aws-c7i.12xlarge,Intel Xeon Platinum 8488C,bench_stable,seq_mem_read_single,88175883.88,12177273159,
2026-06-27T10:58:18,aws-c7i.12xlarge,Intel Xeon Platinum 8488C,bench_stable,seq_mem_read_threaded,5557935.35,193190772425,
2026-06-27T10:58:18,aws-c7i.12xlarge,Intel Xeon Platinum 8488C,bench_stable,seq_mem_write_single,85678421.99,12532231559,
2026-06-27T10:58:18,aws-c7i.12xlarge,Intel Xeon Platinum 8488C,bench_stable,seq_mem_write_threaded,7380092.14,145491655547,
2026-06-27T10:58:18,aws-c7i.12xlarge,Intel Xeon Platinum 8488C,bench_stable,ssd_read_seq,62464.49,131146504,
2026-06-27T10:58:18,aws-c7i.12xlarge,Intel Xeon Platinum 8488C,bench_stable,ssd_write_fsync,3818206.66,2145510,
2026-06-27T10:58:18,aws-c7i.12xlarge,Intel Xeon Platinum 8488C,bench_stable,ssd_write_no_fsync,3202.62,2557905138,
2026-06-27T11:01:23,aws-c7a.12xlarge,AMD EPYC 9R14,bench_stable,mem_random_read,30.25,2115656652,
2026-06-27T11:01:23,aws-c7a.12xlarge,AMD EPYC 9R14,bench_stable,mem_random_write,30.44,2102642429,
2026-06-27T11:01:23,aws-c7a.12xlarge,AMD EPYC 9R14,bench_stable,seq_mem_read_single,29032351.92,36984321036,
2026-06-27T11:01:23,aws-c7a.12xlarge,AMD EPYC 9R14,bench_stable,seq_mem_read_threaded,4986495.80,215329936588,
2026-06-27T11:01:23,aws-c7a.12xlarge,AMD EPYC 9R14,bench_stable,seq_mem_write_single,39214284.90,27381394986,
2026-06-27T11:01:23,aws-c7a.12xlarge,AMD EPYC 9R14,bench_stable,seq_mem_write_threaded,7932561.27,135358781056,
2026-06-27T11:01:23,aws-c7a.12xlarge,AMD EPYC 9R14,bench_stable,ssd_read_seq,62464.00,131147531,
2026-06-27T11:01:23,aws-c7a.12xlarge,AMD EPYC 9R14,bench_stable,ssd_write_fsync,2840249.79,2884253,
2026-06-27T11:01:23,aws-c7a.12xlarge,AMD EPYC 9R14,bench_stable,ssd_write_no_fsync,3835.22,2135991074,
2026-06-27T11:04:29,aws-c7g.12xlarge,Neoverse-V1,bench_stable,mem_random_read,38.15,1677600539,
2026-06-27T11:04:29,aws-c7g.12xlarge,Neoverse-V1,bench_stable,mem_random_write,23.27,2749946054,
2026-06-27T11:04:29,aws-c7g.12xlarge,Neoverse-V1,bench_stable,seq_mem_read_single,34740306.01,30907667416,
2026-06-27T11:04:29,aws-c7g.12xlarge,Neoverse-V1,bench_stable,seq_mem_read_threaded,4146096.85,258976541762,
2026-06-27T11:04:29,aws-c7g.12xlarge,Neoverse-V1,bench_stable,seq_mem_write_single,40659348.80,26408239570,
2026-06-27T11:04:29,aws-c7g.12xlarge,Neoverse-V1,bench_stable,seq_mem_write_threaded,9464617.77,113447985993,
2026-06-27T11:04:29,aws-c7g.12xlarge,Neoverse-V1,bench_stable,ssd_read_seq,62465.69,131144003,
2026-06-27T11:04:29,aws-c7g.12xlarge,Neoverse-V1,bench_stable,ssd_write_fsync,2780482.56,2946251,
2026-06-27T11:04:29,aws-c7g.12xlarge,Neoverse-V1,bench_stable,ssd_write_no_fsync,3161.20,2591417446,
2026-06-28T10:49:21,gcp-c4-standard-48-lssd,Intel Xeon 6985P-C,bench_stable,mem_random_read,32.80,1951237711,
2026-06-28T10:49:21,gcp-c4-standard-48-lssd,Intel Xeon 6985P-C,bench_stable,mem_random_write,31.69,2019263014,
2026-06-28T10:49:21,gcp-c4-standard-48-lssd,Intel Xeon 6985P-C,bench_stable,seq_mem_read_single,47480498.02,22614375771,
2026-06-28T10:49:21,gcp-c4-standard-48-lssd,Intel Xeon 6985P-C,bench_stable,seq_mem_read_threaded,5492067.13,195507774880,
2026-06-28T10:49:21,gcp-c4-standard-48-lssd,Intel Xeon 6985P-C,bench_stable,seq_mem_write_single,92685341.89,11584807286,
2026-06-28T10:49:21,gcp-c4-standard-48-lssd,Intel Xeon 6985P-C,bench_stable,seq_mem_write_threaded,8614519.27,124643266788,
2026-06-28T10:49:21,gcp-c4-standard-48-lssd,Intel Xeon 6985P-C,bench_stable,ssd_read_seq,937.14,8741511882,
2026-06-28T10:49:21,gcp-c4-standard-48-lssd,Intel Xeon 6985P-C,bench_stable,ssd_write_fsync,177255.84,46215684,
2026-06-28T10:49:21,gcp-c4-standard-48-lssd,Intel Xeon 6985P-C,bench_stable,ssd_write_no_fsync,2005.65,4084464306,
2026-06-28T10:54:25,gcp-c4d-standard-48-lssd,AMD EPYC 9B45,bench_stable,mem_random_read,23.63,2708338512,
2026-06-28T10:54:25,gcp-c4d-standard-48-lssd,AMD EPYC 9B45,bench_stable,mem_random_write,21.67,2953607077,
2026-06-28T10:54:25,gcp-c4d-standard-48-lssd,AMD EPYC 9B45,bench_stable,seq_mem_read_single,23282063.62,46118842448,
2026-06-28T10:54:25,gcp-c4d-standard-48-lssd,AMD EPYC 9B45,bench_stable,seq_mem_read_threaded,7753554.29,138483821004,
2026-06-28T10:54:25,gcp-c4d-standard-48-lssd,AMD EPYC 9B45,bench_stable,seq_mem_write_single,36090579.40,29751304686,
2026-06-28T10:54:25,gcp-c4d-standard-48-lssd,AMD EPYC 9B45,bench_stable,seq_mem_write_threaded,10280620.68,104443287711,
2026-06-28T10:54:25,gcp-c4d-standard-48-lssd,AMD EPYC 9B45,bench_stable,ssd_read_seq,578.47,14161506493,
2026-06-28T10:54:25,gcp-c4d-standard-48-lssd,AMD EPYC 9B45,bench_stable,ssd_write_fsync,96739.35,84681153,
2026-06-28T10:54:25,gcp-c4d-standard-48-lssd,AMD EPYC 9B45,bench_stable,ssd_write_no_fsync,1660.12,4934596533,
2026-06-28T10:59:13,gcp-c4a-standard-48-lssd,Neoverse-V2,bench_stable,mem_random_read,35.92,1781721589,
2026-06-28T10:59:13,gcp-c4a-standard-48-lssd,Neoverse-V2,bench_stable,mem_random_write,20.40,3137641963,
2026-06-28T10:59:13,gcp-c4a-standard-48-lssd,Neoverse-V2,bench_stable,seq_mem_read_single,39651119.33,27079735508,
2026-06-28T10:59:13,gcp-c4a-standard-48-lssd,Neoverse-V2,bench_stable,seq_mem_read_threaded,3648652.39,294284494063,
2026-06-28T10:59:13,gcp-c4a-standard-48-lssd,Neoverse-V2,bench_stable,seq_mem_write_single,43308504.26,24792863258,
2026-06-28T10:59:13,gcp-c4a-standard-48-lssd,Neoverse-V2,bench_stable,seq_mem_write_threaded,6742241.84,159255904814,
2026-06-28T10:59:13,gcp-c4a-standard-48-lssd,Neoverse-V2,bench_stable,ssd_read_seq,877.45,9336123520,
2026-06-28T10:59:13,gcp-c4a-standard-48-lssd,Neoverse-V2,bench_stable,ssd_write_fsync,95518.36,85763613,
2026-06-28T10:59:13,gcp-c4a-standard-48-lssd,Neoverse-V2,bench_stable,ssd_write_no_fsync,2024.59,4046253123,
2026-06-28T11:03:36,aws-c7i.12xlarge,Intel Xeon Platinum 8488C,bench_stable,mem_random_read,34.63,1847851020,
2026-06-28T11:03:36,aws-c7i.12xlarge,Intel Xeon Platinum 8488C,bench_stable,mem_random_write,23.39,2736334350,
2026-06-28T11:03:36,aws-c7i.12xlarge,Intel Xeon Platinum 8488C,bench_stable,seq_mem_read_single,90143127.03,11911521814,
2026-06-28T11:03:36,aws-c7i.12xlarge,Intel Xeon Platinum 8488C,bench_stable,seq_mem_read_threaded,5651714.32,189985155502,
2026-06-28T11:03:36,aws-c7i.12xlarge,Intel Xeon Platinum 8488C,bench_stable,seq_mem_write_single,85980881.88,12488146208,
2026-06-28T11:03:36,aws-c7i.12xlarge,Intel Xeon Platinum 8488C,bench_stable,seq_mem_write_threaded,7312032.13,146845884232,
2026-06-28T11:03:36,aws-c7i.12xlarge,Intel Xeon Platinum 8488C,bench_stable,ssd_read_seq,62463.31,131148983,
2026-06-28T11:03:36,aws-c7i.12xlarge,Intel Xeon Platinum 8488C,bench_stable,ssd_write_fsync,3647410.46,2245977,
2026-06-28T11:03:36,aws-c7i.12xlarge,Intel Xeon Platinum 8488C,bench_stable,ssd_write_no_fsync,3244.83,2524630320,
2026-06-28T11:06:36,aws-c7a.12xlarge,AMD EPYC 9R14,bench_stable,mem_random_read,31.48,2033315463,
2026-06-28T11:06:36,aws-c7a.12xlarge,AMD EPYC 9R14,bench_stable,mem_random_write,31.82,2011001088,
2026-06-28T11:06:36,aws-c7a.12xlarge,AMD EPYC 9R14,bench_stable,seq_mem_read_single,30652491.85,35029511765,
2026-06-28T11:06:36,aws-c7a.12xlarge,AMD EPYC 9R14,bench_stable,seq_mem_read_threaded,5187053.62,207004188089,
2026-06-28T11:06:36,aws-c7a.12xlarge,AMD EPYC 9R14,bench_stable,seq_mem_write_single,39618641.30,27101934563,
2026-06-28T11:06:36,aws-c7a.12xlarge,AMD EPYC 9R14,bench_stable,seq_mem_write_threaded,8196865.89,130994192039,
2026-06-28T11:06:36,aws-c7a.12xlarge,AMD EPYC 9R14,bench_stable,ssd_read_seq,62466.51,131142270,
2026-06-28T11:06:36,aws-c7a.12xlarge,AMD EPYC 9R14,bench_stable,ssd_write_fsync,2840995.80,2883496,
2026-06-28T11:06:36,aws-c7a.12xlarge,AMD EPYC 9R14,bench_stable,ssd_write_no_fsync,3834.08,2136628976,
2026-06-28T11:09:40,aws-c7g.12xlarge,Neoverse-V1,bench_stable,mem_random_read,38.19,1675784772,
2026-06-28T11:09:40,aws-c7g.12xlarge,Neoverse-V1,bench_stable,mem_random_write,23.40,2734806956,
2026-06-28T11:09:40,aws-c7g.12xlarge,Neoverse-V1,bench_stable,seq_mem_read_single,34527700.56,31097982389,
2026-06-28T11:09:40,aws-c7g.12xlarge,Neoverse-V1,bench_stable,seq_mem_read_threaded,4141325.04,259274945764,
2026-06-28T11:09:40,aws-c7g.12xlarge,Neoverse-V1,bench_stable,seq_mem_write_single,40191827.60,26715426696,
2026-06-28T11:09:40,aws-c7g.12xlarge,Neoverse-V1,bench_stable,seq_mem_write_threaded,9389710.85,114353023310,
2026-06-28T11:09:40,aws-c7g.12xlarge,Neoverse-V1,bench_stable,ssd_read_seq,62465.18,131145067,
2026-06-28T11:09:40,aws-c7g.12xlarge,Neoverse-V1,bench_stable,ssd_write_fsync,2866238.32,2858101,
2026-06-28T11:09:40,aws-c7g.12xlarge,Neoverse-V1,bench_stable,ssd_write_no_fsync,3167.73,2586078654,
2026-06-29T11:45:12,gcp-c4-standard-48-lssd,Intel Xeon 6985P-C,bench_stable,mem_random_read,33.00,1939267635,
2026-06-29T11:45:12,gcp-c4-standard-48-lssd,Intel Xeon 6985P-C,bench_stable,mem_random_write,32.49,1969992948,
2026-06-29T11:45:12,gcp-c4-standard-48-lssd,Intel Xeon 6985P-C,bench_stable,seq_mem_read_single,48509793.20,22134537239,
2026-06-29T11:45:12,gcp-c4-standard-48-lssd,Intel Xeon 6985P-C,bench_stable,seq_mem_read_threaded,5490071.13,195578854729,
2026-06-29T11:45:12,gcp-c4-standard-48-lssd,Intel Xeon 6985P-C,bench_stable,seq_mem_write_single,94610474.82,11349079751,
2026-06-29T11:45:12,gcp-c4-standard-48-lssd,Intel Xeon 6985P-C,bench_stable,seq_mem_write_threaded,8551280.69,125565030945,
2026-06-29T11:45:12,gcp-c4-standard-48-lssd,Intel Xeon 6985P-C,bench_stable,ssd_read_seq,947.66,8644405728,
2026-06-29T11:45:12,gcp-c4-standard-48-lssd,Intel Xeon 6985P-C,bench_stable,ssd_write_fsync,189617.38,43202791,
2026-06-29T11:45:12,gcp-c4-standard-48-lssd,Intel Xeon 6985P-C,bench_stable,ssd_write_no_fsync,2014.96,4065584901,
2026-06-29T11:50:10,gcp-c4d-standard-48-lssd,AMD EPYC 9B45,bench_stable,mem_random_read,23.92,2675496979,
2026-06-29T11:50:10,gcp-c4d-standard-48-lssd,AMD EPYC 9B45,bench_stable,mem_random_write,21.94,2917207219,
2026-06-29T11:50:10,gcp-c4d-standard-48-lssd,AMD EPYC 9B45,bench_stable,seq_mem_read_single,23696566.72,45312126303,
2026-06-29T11:50:10,gcp-c4d-standard-48-lssd,AMD EPYC 9B45,bench_stable,seq_mem_read_threaded,7236333.82,148382019244,
2026-06-29T11:50:10,gcp-c4d-standard-48-lssd,AMD EPYC 9B45,bench_stable,seq_mem_write_single,35297313.43,30419930572,
2026-06-29T11:50:10,gcp-c4d-standard-48-lssd,AMD EPYC 9B45,bench_stable,seq_mem_write_threaded,10281417.06,104435197793,
2026-06-29T11:50:10,gcp-c4d-standard-48-lssd,AMD EPYC 9B45,bench_stable,ssd_read_seq,567.74,14429266427,
2026-06-29T11:50:10,gcp-c4d-standard-48-lssd,AMD EPYC 9B45,bench_stable,ssd_write_fsync,94233.35,86933129,
2026-06-29T11:50:10,gcp-c4d-standard-48-lssd,AMD EPYC 9B45,bench_stable,ssd_write_no_fsync,1663.28,4925213695,
2026-06-29T11:54:57,gcp-c4a-standard-48-lssd,Neoverse-V2,bench_stable,mem_random_read,34.84,1837066105,
2026-06-29T11:54:57,gcp-c4a-standard-48-lssd,Neoverse-V2,bench_stable,mem_random_write,19.22,3329340039,
2026-06-29T11:54:57,gcp-c4a-standard-48-lssd,Neoverse-V2,bench_stable,seq_mem_read_single,39239918.25,27363508182,
2026-06-29T11:54:57,gcp-c4a-standard-48-lssd,Neoverse-V2,bench_stable,seq_mem_read_threaded,3635613.66,295339913350,
2026-06-29T11:54:57,gcp-c4a-standard-48-lssd,Neoverse-V2,bench_stable,seq_mem_write_single,43585174.72,24635482841,
2026-06-29T11:54:57,gcp-c4a-standard-48-lssd,Neoverse-V2,bench_stable,seq_mem_write_threaded,6853739.67,156665101870,
2026-06-29T11:54:57,gcp-c4a-standard-48-lssd,Neoverse-V2,bench_stable,ssd_read_seq,894.59,9157310703,
2026-06-29T11:54:57,gcp-c4a-standard-48-lssd,Neoverse-V2,bench_stable,ssd_write_fsync,94448.86,86734772,
2026-06-29T11:54:57,gcp-c4a-standard-48-lssd,Neoverse-V2,bench_stable,ssd_write_no_fsync,1976.04,4145667133,
2026-06-29T11:59:23,aws-c7i.12xlarge,Intel Xeon Platinum 8488C,bench_stable,mem_random_read,36.11,1772561149,
2026-06-29T11:59:23,aws-c7i.12xlarge,Intel Xeon Platinum 8488C,bench_stable,mem_random_write,24.49,2613690953,
2026-06-29T11:59:23,aws-c7i.12xlarge,Intel Xeon Platinum 8488C,bench_stable,seq_mem_read_single,97775002.48,10981762177,
2026-06-29T11:59:23,aws-c7i.12xlarge,Intel Xeon Platinum 8488C,bench_stable,seq_mem_read_threaded,6198391.57,173229105086,
2026-06-29T11:59:23,aws-c7i.12xlarge,Intel Xeon Platinum 8488C,bench_stable,seq_mem_write_single,90328370.84,11887093878,
2026-06-29T11:59:23,aws-c7i.12xlarge,Intel Xeon Platinum 8488C,bench_stable,seq_mem_write_threaded,8078264.72,132917385289,
2026-06-29T11:59:23,aws-c7i.12xlarge,Intel Xeon Platinum 8488C,bench_stable,ssd_read_seq,62465.69,131143990,
2026-06-29T11:59:23,aws-c7i.12xlarge,Intel Xeon Platinum 8488C,bench_stable,ssd_write_fsync,3576739.89,2290354,
2026-06-29T11:59:23,aws-c7i.12xlarge,Intel Xeon Platinum 8488C,bench_stable,ssd_write_no_fsync,3225.59,2539687400,
2026-06-29T12:02:24,aws-c7a.12xlarge,AMD EPYC 9R14,bench_stable,mem_random_read,29.92,2138762913,
2026-06-29T12:02:24,aws-c7a.12xlarge,AMD EPYC 9R14,bench_stable,mem_random_write,28.62,2236283045,
2026-06-29T12:02:24,aws-c7a.12xlarge,AMD EPYC 9R14,bench_stable,seq_mem_read_single,29436791.25,36476184340,
2026-06-29T12:02:24,aws-c7a.12xlarge,AMD EPYC 9R14,bench_stable,seq_mem_read_threaded,5240239.83,204903183590,
2026-06-29T12:02:24,aws-c7a.12xlarge,AMD EPYC 9R14,bench_stable,seq_mem_write_single,41243223.26,26034381870,
2026-06-29T12:02:24,aws-c7a.12xlarge,AMD EPYC 9R14,bench_stable,seq_mem_write_threaded,8419452.51,127531074395,
2026-06-29T12:02:24,aws-c7a.12xlarge,AMD EPYC 9R14,bench_stable,ssd_read_seq,62464.49,131146513,
2026-06-29T12:02:24,aws-c7a.12xlarge,AMD EPYC 9R14,bench_stable,ssd_write_fsync,2849716.17,2874672,
2026-06-29T12:02:24,aws-c7a.12xlarge,AMD EPYC 9R14,bench_stable,ssd_write_no_fsync,3924.31,2087498452,
2026-06-29T12:05:27,aws-c7g.12xlarge,Neoverse-V1,bench_stable,mem_random_read,37.49,1706929798,
2026-06-29T12:05:27,aws-c7g.12xlarge,Neoverse-V1,bench_stable,mem_random_write,22.79,2807861702,
2026-06-29T12:05:27,aws-c7g.12xlarge,Neoverse-V1,bench_stable,seq_mem_read_single,34074066.26,31511995538,
2026-06-29T12:05:27,aws-c7g.12xlarge,Neoverse-V1,bench_stable,seq_mem_read_threaded,4131742.50,259876268422,
2026-06-29T12:05:27,aws-c7g.12xlarge,Neoverse-V1,bench_stable,seq_mem_write_single,40413704.75,26568755095,
2026-06-29T12:05:27,aws-c7g.12xlarge,Neoverse-V1,bench_stable,seq_mem_write_threaded,9416189.75,114031455690,
2026-06-29T12:05:27,aws-c7g.12xlarge,Neoverse-V1,bench_stable,ssd_read_seq,62464.51,131146468,
2026-06-29T12:05:27,aws-c7g.12xlarge,Neoverse-V1,bench_stable,ssd_write_fsync,2866591.78,2857749,
2026-06-29T12:05:27,aws-c7g.12xlarge,Neoverse-V1,bench_stable,ssd_write_no_fsync,3198.75,2561001237,
2026-06-30T11:06:47,gcp-c4-standard-48-lssd,Intel Xeon 6985P-C,bench_stable,mem_random_read,32.82,1950236349,
2026-06-30T11:06:47,gcp-c4-standard-48-lssd,Intel Xeon 6985P-C,bench_stable,mem_random_write,31.96,2002599203,
2026-06-30T11:06:47,gcp-c4-standard-48-lssd,Intel Xeon 6985P-C,bench_stable,seq_mem_read_single,43869167.10,24476002055,
2026-06-30T11:06:47,gcp-c4-standard-48-lssd,Intel Xeon 6985P-C,bench_stable,seq_mem_read_threaded,5503242.30,195110766755,
2026-06-30T11:06:47,gcp-c4-standard-48-lssd,Intel Xeon 6985P-C,bench_stable,seq_mem_write_single,92867962.78,11562026256,
2026-06-30T11:06:47,gcp-c4-standard-48-lssd,Intel Xeon 6985P-C,bench_stable,seq_mem_write_threaded,8556773.38,125484429275,
2026-06-30T11:06:47,gcp-c4-standard-48-lssd,Intel Xeon 6985P-C,bench_stable,ssd_read_seq,1061.09,7720328719,
2026-06-30T11:06:47,gcp-c4-standard-48-lssd,Intel Xeon 6985P-C,bench_stable,ssd_write_fsync,178342.26,45934149,
2026-06-30T11:06:47,gcp-c4-standard-48-lssd,Intel Xeon 6985P-C,bench_stable,ssd_write_no_fsync,2033.92,4027694418,
2026-06-30T11:12:02,gcp-c4d-standard-48-lssd,AMD EPYC 9B45,bench_stable,mem_random_read,23.76,2693407610,
2026-06-30T11:12:02,gcp-c4d-standard-48-lssd,AMD EPYC 9B45,bench_stable,mem_random_write,21.94,2917144144,
2026-06-30T11:12:02,gcp-c4d-standard-48-lssd,AMD EPYC 9B45,bench_stable,seq_mem_read_single,23435893.32,45816125261,
2026-06-30T11:12:02,gcp-c4d-standard-48-lssd,AMD EPYC 9B45,bench_stable,seq_mem_read_threaded,7897085.82,135966842431,
2026-06-30T11:12:02,gcp-c4d-standard-48-lssd,AMD EPYC 9B45,bench_stable,seq_mem_write_single,35411989.53,30321420467,
2026-06-30T11:12:02,gcp-c4d-standard-48-lssd,AMD EPYC 9B45,bench_stable,seq_mem_write_threaded,10279422.68,104455459930,
2026-06-30T11:12:02,gcp-c4d-standard-48-lssd,AMD EPYC 9B45,bench_stable,ssd_read_seq,529.17,15480977081,
2026-06-30T11:12:02,gcp-c4d-standard-48-lssd,AMD EPYC 9B45,bench_stable,ssd_write_fsync,93813.96,87321760,
2026-06-30T11:12:02,gcp-c4d-standard-48-lssd,AMD EPYC 9B45,bench_stable,ssd_write_no_fsync,1663.87,4923459563,
2026-06-30T11:16:47,gcp-c4a-standard-48-lssd,Neoverse-V2,bench_stable,mem_random_read,35.38,1808704821,
2026-06-30T11:16:47,gcp-c4a-standard-48-lssd,Neoverse-V2,bench_stable,mem_random_write,19.44,3292197324,
2026-06-30T11:16:47,gcp-c4a-standard-48-lssd,Neoverse-V2,bench_stable,seq_mem_read_single,39440478.56,27224360944,
2026-06-30T11:16:47,gcp-c4a-standard-48-lssd,Neoverse-V2,bench_stable,seq_mem_read_threaded,3525395.45,304573441430,
2026-06-30T11:16:47,gcp-c4a-standard-48-lssd,Neoverse-V2,bench_stable,seq_mem_write_single,43089529.71,24918856884,
2026-06-30T11:16:47,gcp-c4a-standard-48-lssd,Neoverse-V2,bench_stable,seq_mem_write_threaded,6755252.20,158949183917,
2026-06-30T11:16:47,gcp-c4a-standard-48-lssd,Neoverse-V2,bench_stable,ssd_read_seq,868.56,9431683955,
2026-06-30T11:16:47,gcp-c4a-standard-48-lssd,Neoverse-V2,bench_stable,ssd_write_fsync,94471.47,86714014,
2026-06-30T11:16:47,gcp-c4a-standard-48-lssd,Neoverse-V2,bench_stable,ssd_write_no_fsync,1995.63,4104961815,
2026-06-30T11:21:04,aws-c7i.12xlarge,Intel Xeon Platinum 8488C,bench_stable,mem_random_read,34.04,1880210687,
2026-06-30T11:21:04,aws-c7i.12xlarge,Intel Xeon Platinum 8488C,bench_stable,mem_random_write,23.53,2719518622,
2026-06-30T11:21:04,aws-c7i.12xlarge,Intel Xeon Platinum 8488C,bench_stable,seq_mem_read_single,89841025.26,11951575807,
2026-06-30T11:21:04,aws-c7i.12xlarge,Intel Xeon Platinum 8488C,bench_stable,seq_mem_read_threaded,5457096.54,196760642934,
2026-06-30T11:21:04,aws-c7i.12xlarge,Intel Xeon Platinum 8488C,bench_stable,seq_mem_write_single,85830642.02,12510005736,
2026-06-30T11:21:04,aws-c7i.12xlarge,Intel Xeon Platinum 8488C,bench_stable,seq_mem_write_threaded,7170278.95,149748961090,
2026-06-30T11:21:04,aws-c7i.12xlarge,Intel Xeon Platinum 8488C,bench_stable,ssd_read_seq,62464.17,131147188,
2026-06-30T11:21:04,aws-c7i.12xlarge,Intel Xeon Platinum 8488C,bench_stable,ssd_write_fsync,3662609.42,2236657,
2026-06-30T11:21:04,aws-c7i.12xlarge,Intel Xeon Platinum 8488C,bench_stable,ssd_write_no_fsync,3235.45,2531954407,
2026-06-30T11:24:04,aws-c7a.12xlarge,AMD EPYC 9R14,bench_stable,mem_random_read,28.14,2274195823,
2026-06-30T11:24:04,aws-c7a.12xlarge,AMD EPYC 9R14,bench_stable,mem_random_write,28.58,2239020289,
2026-06-30T11:24:04,aws-c7a.12xlarge,AMD EPYC 9R14,bench_stable,seq_mem_read_single,29173611.13,36805242220,
2026-06-30T11:24:04,aws-c7a.12xlarge,AMD EPYC 9R14,bench_stable,seq_mem_read_threaded,4897494.40,219243093595,
2026-06-30T11:24:04,aws-c7a.12xlarge,AMD EPYC 9R14,bench_stable,seq_mem_write_single,39046923.75,27498755875,
2026-06-30T11:24:04,aws-c7a.12xlarge,AMD EPYC 9R14,bench_stable,seq_mem_write_threaded,7787634.15,137877794968,
2026-06-30T11:24:04,aws-c7a.12xlarge,AMD EPYC 9R14,bench_stable,ssd_read_seq,62464.84,131145780,
2026-06-30T11:24:04,aws-c7a.12xlarge,AMD EPYC 9R14,bench_stable,ssd_write_fsync,2841700.72,2882781,
2026-06-30T11:24:04,aws-c7a.12xlarge,AMD EPYC 9R14,bench_stable,ssd_write_no_fsync,3839.84,2133423014,
2026-06-30T11:27:06,aws-c7g.12xlarge,Neoverse-V1,bench_stable,mem_random_read,37.17,1721636430,
2026-06-30T11:27:06,aws-c7g.12xlarge,Neoverse-V1,bench_stable,mem_random_write,22.85,2800681159,
2026-06-30T11:27:06,aws-c7g.12xlarge,Neoverse-V1,bench_stable,seq_mem_read_single,33762658.50,31802644453,
2026-06-30T11:27:06,aws-c7g.12xlarge,Neoverse-V1,bench_stable,seq_mem_read_threaded,4164805.63,257813189693,
2026-06-30T11:27:06,aws-c7g.12xlarge,Neoverse-V1,bench_stable,seq_mem_write_single,40542528.56,26484332926,
2026-06-30T11:27:06,aws-c7g.12xlarge,Neoverse-V1,bench_stable,seq_mem_write_threaded,9473844.88,113337492594,
2026-06-30T11:27:06,aws-c7g.12xlarge,Neoverse-V1,bench_stable,ssd_read_seq,62464.86,131145739,
2026-06-30T11:27:06,aws-c7g.12xlarge,Neoverse-V1,bench_stable,ssd_write_fsync,2862052.36,2862282,
2026-06-30T11:27:06,aws-c7g.12xlarge,Neoverse-V1,bench_stable,ssd_write_no_fsync,3152.05,2598943735,
2026-07-02T10:59:08,gcp-c4-standard-48-lssd,Intel Xeon 6985P-C,bench_stable,mem_random_read,32.90,1945049209,
2026-07-02T10:59:08,gcp-c4-standard-48-lssd,Intel Xeon 6985P-C,bench_stable,mem_random_write,32.23,1985864294,
2026-07-02T10:59:08,gcp-c4-standard-48-lssd,Intel Xeon 6985P-C,bench_stable,seq_mem_read_single,43614651.34,24618833145,
2026-07-02T10:59:08,gcp-c4-standard-48-lssd,Intel Xeon 6985P-C,bench_stable,seq_mem_read_threaded,5524602.85,194356382482,
2026-07-02T10:59:08,gcp-c4-standard-48-lssd,Intel Xeon 6985P-C,bench_stable,seq_mem_write_single,93922028.72,11432268219,
2026-07-02T10:59:08,gcp-c4-standard-48-lssd,Intel Xeon 6985P-C,bench_stable,seq_mem_write_threaded,8484950.53,126546621546,
2026-07-02T10:59:08,gcp-c4-standard-48-lssd,Intel Xeon 6985P-C,bench_stable,ssd_read_seq,1063.61,7702082983,
2026-07-02T10:59:08,gcp-c4-standard-48-lssd,Intel Xeon 6985P-C,bench_stable,ssd_write_fsync,190427.42,43019014,
2026-07-02T10:59:08,gcp-c4-standard-48-lssd,Intel Xeon 6985P-C,bench_stable,ssd_write_no_fsync,2051.87,3992456606,
2026-07-02T11:04:01,gcp-c4d-standard-48-lssd,AMD EPYC 9B45,bench_stable,mem_random_read,24.68,2593179725,
2026-07-02T11:04:01,gcp-c4d-standard-48-lssd,AMD EPYC 9B45,bench_stable,mem_random_write,22.35,2863180064,
2026-07-02T11:04:01,gcp-c4d-standard-48-lssd,AMD EPYC 9B45,bench_stable,seq_mem_read_single,23244980.65,46192416345,
2026-07-02T11:04:01,gcp-c4d-standard-48-lssd,AMD EPYC 9B45,bench_stable,seq_mem_read_threaded,7597269.88,141332589290,
2026-07-02T11:04:01,gcp-c4d-standard-48-lssd,AMD EPYC 9B45,bench_stable,seq_mem_write_single,35693110.84,30082606944,
2026-07-02T11:04:01,gcp-c4d-standard-48-lssd,AMD EPYC 9B45,bench_stable,seq_mem_write_threaded,10314033.64,104104937193,
2026-07-02T11:04:01,gcp-c4d-standard-48-lssd,AMD EPYC 9B45,bench_stable,ssd_read_seq,603.83,13566813985,
2026-07-02T11:04:01,gcp-c4d-standard-48-lssd,AMD EPYC 9B45,bench_stable,ssd_write_fsync,95149.00,86096541,
2026-07-02T11:04:01,gcp-c4d-standard-48-lssd,AMD EPYC 9B45,bench_stable,ssd_write_no_fsync,1655.35,4948809479,
2026-07-02T11:10:16,gcp-c4a-standard-48-lssd,Neoverse-V2,bench_stable,mem_random_read,35.76,1789792447,
2026-07-02T11:10:16,gcp-c4a-standard-48-lssd,Neoverse-V2,bench_stable,mem_random_write,20.24,3162727896,
2026-07-02T11:10:16,gcp-c4a-standard-48-lssd,Neoverse-V2,bench_stable,seq_mem_read_single,39789091.07,26985834438,
2026-07-02T11:10:16,gcp-c4a-standard-48-lssd,Neoverse-V2,bench_stable,seq_mem_read_threaded,3623284.32,296344898463,
2026-07-02T11:10:16,gcp-c4a-standard-48-lssd,Neoverse-V2,bench_stable,seq_mem_write_single,43308919.08,24792625788,
2026-07-02T11:10:16,gcp-c4a-standard-48-lssd,Neoverse-V2,bench_stable,seq_mem_write_threaded,6739703.88,159315875413,
2026-07-02T11:10:16,gcp-c4a-standard-48-lssd,Neoverse-V2,bench_stable,ssd_read_seq,864.05,9480920331,
2026-07-02T11:10:16,gcp-c4a-standard-48-lssd,Neoverse-V2,bench_stable,ssd_write_fsync,94639.81,86559766,
2026-07-02T11:10:16,gcp-c4a-standard-48-lssd,Neoverse-V2,bench_stable,ssd_write_no_fsync,1991.30,4113904737,
2026-07-02T11:14:40,aws-c7i.12xlarge,Intel Xeon Platinum 8488C,bench_stable,mem_random_read,35.75,1790036224,
2026-07-02T11:14:40,aws-c7i.12xlarge,Intel Xeon Platinum 8488C,bench_stable,mem_random_write,24.59,2602733952,
2026-07-02T11:14:40,aws-c7i.12xlarge,Intel Xeon Platinum 8488C,bench_stable,seq_mem_read_single,96281468.29,11152113102,
2026-07-02T11:14:40,aws-c7i.12xlarge,Intel Xeon Platinum 8488C,bench_stable,seq_mem_read_threaded,5382865.22,199474031179,
2026-07-02T11:14:40,aws-c7i.12xlarge,Intel Xeon Platinum 8488C,bench_stable,seq_mem_write_single,93886352.39,11436612422,
2026-07-02T11:14:40,aws-c7i.12xlarge,Intel Xeon Platinum 8488C,bench_stable,seq_mem_write_threaded,7155458.43,150059124102,
2026-07-02T11:14:40,aws-c7i.12xlarge,Intel Xeon Platinum 8488C,bench_stable,ssd_read_seq,62462.26,131151203,
2026-07-02T11:14:40,aws-c7i.12xlarge,Intel Xeon Platinum 8488C,bench_stable,ssd_write_fsync,2800609.21,2925078,
2026-07-02T11:14:40,aws-c7i.12xlarge,Intel Xeon Platinum 8488C,bench_stable,ssd_write_no_fsync,3170.84,2583540333,
2026-07-02T11:17:46,aws-c7a.12xlarge,AMD EPYC 9R14,bench_stable,mem_random_read,28.16,2272544271,
2026-07-02T11:17:46,aws-c7a.12xlarge,AMD EPYC 9R14,bench_stable,mem_random_write,28.75,2226308367,
2026-07-02T11:17:46,aws-c7a.12xlarge,AMD EPYC 9R14,bench_stable,seq_mem_read_single,29622945.26,36246963783,
2026-07-02T11:17:46,aws-c7a.12xlarge,AMD EPYC 9R14,bench_stable,seq_mem_read_threaded,4891583.78,219508010379,
2026-07-02T11:17:46,aws-c7a.12xlarge,AMD EPYC 9R14,bench_stable,seq_mem_write_single,39050082.96,27496531190,
2026-07-02T11:17:46,aws-c7a.12xlarge,AMD EPYC 9R14,bench_stable,seq_mem_write_threaded,7865947.30,136505087396,
2026-07-02T11:17:46,aws-c7a.12xlarge,AMD EPYC 9R14,bench_stable,ssd_read_seq,62639.66,130779764,
2026-07-02T11:17:46,aws-c7a.12xlarge,AMD EPYC 9R14,bench_stable,ssd_write_fsync,2842514.14,2881956,
2026-07-02T11:17:46,aws-c7a.12xlarge,AMD EPYC 9R14,bench_stable,ssd_write_no_fsync,3905.68,2097455810,
2026-07-02T11:20:53,aws-c7g.12xlarge,Neoverse-V1,bench_stable,mem_random_read,36.93,1733120927,
2026-07-02T11:20:53,aws-c7g.12xlarge,Neoverse-V1,bench_stable,mem_random_write,22.74,2814621957,
2026-07-02T11:20:53,aws-c7g.12xlarge,Neoverse-V1,bench_stable,seq_mem_read_single,33144313.82,32395958770,
2026-07-02T11:20:53,aws-c7g.12xlarge,Neoverse-V1,bench_stable,seq_mem_read_threaded,4136426.12,259582013962,
2026-07-02T11:20:53,aws-c7g.12xlarge,Neoverse-V1,bench_stable,seq_mem_write_single,40214517.63,26700353185,
2026-07-02T11:20:53,aws-c7g.12xlarge,Neoverse-V1,bench_stable,seq_mem_write_threaded,9427445.76,113895306444,
2026-07-02T11:20:53,aws-c7g.12xlarge,Neoverse-V1,bench_stable,ssd_read_seq,62464.28,131146956,
2026-07-02T11:20:53,aws-c7g.12xlarge,Neoverse-V1,bench_stable,ssd_write_fsync,2782200.00,2944432,
2026-07-02T11:20:53,aws-c7g.12xlarge,Neoverse-V1,bench_stable,ssd_write_no_fsync,3173.37,2581482766,
2026-07-04T10:43:30,gcp-c4-standard-48-lssd,Intel Xeon 6985P-C,bench_stable,mem_random_read,32.88,1946442957,
2026-07-04T10:43:30,gcp-c4-standard-48-lssd,Intel Xeon 6985P-C,bench_stable,mem_random_write,31.98,2001540489,
2026-07-04T10:43:30,gcp-c4-standard-48-lssd,Intel Xeon 6985P-C,bench_stable,seq_mem_read_single,44053254.84,24373722847,
2026-07-04T10:43:30,gcp-c4-standard-48-lssd,Intel Xeon 6985P-C,bench_stable,seq_mem_read_threaded,5502366.70,195141814799,
2026-07-04T10:43:30,gcp-c4-standard-48-lssd,Intel Xeon 6985P-C,bench_stable,seq_mem_write_single,92137131.92,11653736139,
2026-07-04T10:43:30,gcp-c4-standard-48-lssd,Intel Xeon 6985P-C,bench_stable,seq_mem_write_threaded,8518018.60,126055350953,
2026-07-04T10:43:30,gcp-c4-standard-48-lssd,Intel Xeon 6985P-C,bench_stable,ssd_read_seq,1042.56,7857618623,
2026-07-04T10:43:30,gcp-c4-standard-48-lssd,Intel Xeon 6985P-C,bench_stable,ssd_write_fsync,173307.61,47268553,
2026-07-04T10:43:30,gcp-c4-standard-48-lssd,Intel Xeon 6985P-C,bench_stable,ssd_write_no_fsync,2014.83,4065849046,
2026-07-04T10:48:26,gcp-c4d-standard-48-lssd,AMD EPYC 9B45,bench_stable,mem_random_read,24.05,2660801250,
2026-07-04T10:48:26,gcp-c4d-standard-48-lssd,AMD EPYC 9B45,bench_stable,mem_random_write,22.12,2893011565,
2026-07-04T10:48:26,gcp-c4d-standard-48-lssd,AMD EPYC 9B45,bench_stable,seq_mem_read_single,24033177.19,44677481276,
2026-07-04T10:48:26,gcp-c4d-standard-48-lssd,AMD EPYC 9B45,bench_stable,seq_mem_read_threaded,7732461.45,138861581281,
2026-07-04T10:48:26,gcp-c4d-standard-48-lssd,AMD EPYC 9B45,bench_stable,seq_mem_write_single,35259847.86,30452253461,
2026-07-04T10:48:26,gcp-c4d-standard-48-lssd,AMD EPYC 9B45,bench_stable,seq_mem_write_threaded,10314598.15,104099239618,
2026-07-04T10:48:26,gcp-c4d-standard-48-lssd,AMD EPYC 9B45,bench_stable,ssd_read_seq,581.64,14084387399,
2026-07-04T10:48:26,gcp-c4d-standard-48-lssd,AMD EPYC 9B45,bench_stable,ssd_write_fsync,94209.44,86955194,
2026-07-04T10:48:26,gcp-c4d-standard-48-lssd,AMD EPYC 9B45,bench_stable,ssd_write_no_fsync,1664.60,4921294227,
2026-07-04T10:53:07,gcp-c4a-standard-48-lssd,Neoverse-V2,bench_stable,mem_random_read,35.37,1809556422,
2026-07-04T10:53:07,gcp-c4a-standard-48-lssd,Neoverse-V2,bench_stable,mem_random_write,20.02,3196159651,
2026-07-04T10:53:07,gcp-c4a-standard-48-lssd,Neoverse-V2,bench_stable,seq_mem_read_single,40925739.18,26236345281,
2026-07-04T10:53:07,gcp-c4a-standard-48-lssd,Neoverse-V2,bench_stable,seq_mem_read_threaded,3846890.21,279119435401,
2026-07-04T10:53:07,gcp-c4a-standard-48-lssd,Neoverse-V2,bench_stable,seq_mem_write_single,45672446.40,23509619228,
2026-07-04T10:53:07,gcp-c4a-standard-48-lssd,Neoverse-V2,bench_stable,seq_mem_write_threaded,7659696.28,140180731054,
2026-07-04T10:53:07,gcp-c4a-standard-48-lssd,Neoverse-V2,bench_stable,ssd_read_seq,892.70,9176677205,
2026-07-04T10:53:07,gcp-c4a-standard-48-lssd,Neoverse-V2,bench_stable,ssd_write_fsync,94751.73,86457525,
2026-07-04T10:53:07,gcp-c4a-standard-48-lssd,Neoverse-V2,bench_stable,ssd_write_no_fsync,2007.05,4081606419,
2026-07-04T10:57:35,aws-c7i.12xlarge,Intel Xeon Platinum 8488C,bench_stable,mem_random_read,34.46,1857208128,
2026-07-04T10:57:35,aws-c7i.12xlarge,Intel Xeon Platinum 8488C,bench_stable,mem_random_write,23.69,2701555335,
2026-07-04T10:57:35,aws-c7i.12xlarge,Intel Xeon Platinum 8488C,bench_stable,seq_mem_read_single,92727496.95,11579540689,
2026-07-04T10:57:35,aws-c7i.12xlarge,Intel Xeon Platinum 8488C,bench_stable,seq_mem_read_threaded,5658509.26,189757014585,
2026-07-04T10:57:35,aws-c7i.12xlarge,Intel Xeon Platinum 8488C,bench_stable,seq_mem_write_single,89097229.92,12051349127,
2026-07-04T10:57:35,aws-c7i.12xlarge,Intel Xeon Platinum 8488C,bench_stable,seq_mem_write_threaded,7603984.38,141207789208,
2026-07-04T10:57:35,aws-c7i.12xlarge,Intel Xeon Platinum 8488C,bench_stable,ssd_read_seq,62461.47,131152848,
2026-07-04T10:57:35,aws-c7i.12xlarge,Intel Xeon Platinum 8488C,bench_stable,ssd_write_fsync,3941600.96,2078343,
2026-07-04T10:57:35,aws-c7i.12xlarge,Intel Xeon Platinum 8488C,bench_stable,ssd_write_no_fsync,3216.78,2546647611,
2026-07-04T11:00:36,aws-c7a.12xlarge,AMD EPYC 9R14,bench_stable,mem_random_read,28.39,2253923135,
2026-07-04T11:00:36,aws-c7a.12xlarge,AMD EPYC 9R14,bench_stable,mem_random_write,28.68,2231389689,
2026-07-04T11:00:36,aws-c7a.12xlarge,AMD EPYC 9R14,bench_stable,seq_mem_read_single,29455202.34,36453384756,
2026-07-04T11:00:36,aws-c7a.12xlarge,AMD EPYC 9R14,bench_stable,seq_mem_read_threaded,4927170.57,217922600515,
2026-07-04T11:00:36,aws-c7a.12xlarge,AMD EPYC 9R14,bench_stable,seq_mem_write_single,39047335.55,27498465870,
2026-07-04T11:00:36,aws-c7a.12xlarge,AMD EPYC 9R14,bench_stable,seq_mem_write_threaded,7791402.19,137811115072,
2026-07-04T11:00:36,aws-c7a.12xlarge,AMD EPYC 9R14,bench_stable,ssd_read_seq,62465.91,131143527,
2026-07-04T11:00:36,aws-c7a.12xlarge,AMD EPYC 9R14,bench_stable,ssd_write_fsync,2854598.53,2869756,
2026-07-04T11:00:36,aws-c7a.12xlarge,AMD EPYC 9R14,bench_stable,ssd_write_no_fsync,4067.95,2013788424,
2026-07-04T11:03:39,aws-c7g.12xlarge,Neoverse-V1,bench_stable,mem_random_read,36.72,1742990505,
2026-07-04T11:03:39,aws-c7g.12xlarge,Neoverse-V1,bench_stable,mem_random_write,22.59,2833001413,
2026-07-04T11:03:39,aws-c7g.12xlarge,Neoverse-V1,bench_stable,seq_mem_read_single,33571677.12,31983562216,
2026-07-04T11:03:39,aws-c7g.12xlarge,Neoverse-V1,bench_stable,seq_mem_read_threaded,4140095.85,259351924139,
2026-07-04T11:03:39,aws-c7g.12xlarge,Neoverse-V1,bench_stable,seq_mem_write_single,40708589.32,26376296548,
2026-07-04T11:03:39,aws-c7g.12xlarge,Neoverse-V1,bench_stable,seq_mem_write_threaded,9581633.76,112062499019,
2026-07-04T11:03:39,aws-c7g.12xlarge,Neoverse-V1,bench_stable,ssd_read_seq,62465.25,131144912,
2026-07-04T11:03:39,aws-c7g.12xlarge,Neoverse-V1,bench_stable,ssd_write_fsync,2866008.91,2858330,
2026-07-04T11:03:39,aws-c7g.12xlarge,Neoverse-V1,bench_stable,ssd_write_no_fsync,3168.29,2585622757,
2026-07-05T10:49:10,gcp-c4-standard-48-lssd,Intel Xeon 6985P-C,bench_stable,mem_random_read,32.93,1943394312,
2026-07-05T10:49:10,gcp-c4-standard-48-lssd,Intel Xeon 6985P-C,bench_stable,mem_random_write,31.84,2009877790,
2026-07-05T10:49:10,gcp-c4-standard-48-lssd,Intel Xeon 6985P-C,bench_stable,seq_mem_read_single,47589952.24,22562363977,
2026-07-05T10:49:10,gcp-c4-standard-48-lssd,Intel Xeon 6985P-C,bench_stable,seq_mem_read_threaded,5481474.95,195885566317,
2026-07-05T10:49:10,gcp-c4-standard-48-lssd,Intel Xeon 6985P-C,bench_stable,seq_mem_write_single,92428277.01,11617027372,
2026-07-05T10:49:10,gcp-c4-standard-48-lssd,Intel Xeon 6985P-C,bench_stable,seq_mem_write_threaded,8526452.25,125930667604,
2026-07-05T10:49:10,gcp-c4-standard-48-lssd,Intel Xeon 6985P-C,bench_stable,ssd_read_seq,1051.25,7792662525,
2026-07-05T10:49:10,gcp-c4-standard-48-lssd,Intel Xeon 6985P-C,bench_stable,ssd_write_fsync,185405.30,44184281,
2026-07-05T10:49:10,gcp-c4-standard-48-lssd,Intel Xeon 6985P-C,bench_stable,ssd_write_no_fsync,2007.25,4081206491,
2026-07-05T10:53:58,gcp-c4d-standard-48-lssd,AMD EPYC 9B45,bench_stable,mem_random_read,23.93,2674964574,
2026-07-05T10:53:58,gcp-c4d-standard-48-lssd,AMD EPYC 9B45,bench_stable,mem_random_write,21.89,2924355796,
2026-07-05T10:53:58,gcp-c4d-standard-48-lssd,AMD EPYC 9B45,bench_stable,seq_mem_read_single,22782291.17,47130546097,
2026-07-05T10:53:58,gcp-c4d-standard-48-lssd,AMD EPYC 9B45,bench_stable,seq_mem_read_threaded,7251669.63,148068221460,
2026-07-05T10:53:58,gcp-c4d-standard-48-lssd,AMD EPYC 9B45,bench_stable,seq_mem_write_single,36574543.97,29357627118,
2026-07-05T10:53:58,gcp-c4d-standard-48-lssd,AMD EPYC 9B45,bench_stable,seq_mem_write_threaded,10267753.51,104574172188,
2026-07-05T10:53:58,gcp-c4d-standard-48-lssd,AMD EPYC 9B45,bench_stable,ssd_read_seq,533.30,15361027775,
2026-07-05T10:53:58,gcp-c4d-standard-48-lssd,AMD EPYC 9B45,bench_stable,ssd_write_fsync,96167.25,85184922,
2026-07-05T10:53:58,gcp-c4d-standard-48-lssd,AMD EPYC 9B45,bench_stable,ssd_write_no_fsync,1661.12,4931604249,
2026-07-05T10:58:41,gcp-c4a-standard-48-lssd,Neoverse-V2,bench_stable,mem_random_read,35.49,1803505206,
2026-07-05T10:58:41,gcp-c4a-standard-48-lssd,Neoverse-V2,bench_stable,mem_random_write,19.54,3276049881,
2026-07-05T10:58:41,gcp-c4a-standard-48-lssd,Neoverse-V2,bench_stable,seq_mem_read_single,39431611.16,27230483170,
2026-07-05T10:58:41,gcp-c4a-standard-48-lssd,Neoverse-V2,bench_stable,seq_mem_read_threaded,3674762.89,292193498161,
2026-07-05T10:58:41,gcp-c4a-standard-48-lssd,Neoverse-V2,bench_stable,seq_mem_write_single,43206882.97,24851175324,
2026-07-05T10:58:41,gcp-c4a-standard-48-lssd,Neoverse-V2,bench_stable,seq_mem_write_threaded,6634303.05,161846966665,
2026-07-05T10:58:41,gcp-c4a-standard-48-lssd,Neoverse-V2,bench_stable,ssd_read_seq,874.91,9363277238,
2026-07-05T10:58:41,gcp-c4a-standard-48-lssd,Neoverse-V2,bench_stable,ssd_write_fsync,97596.92,83937076,
2026-07-05T10:58:41,gcp-c4a-standard-48-lssd,Neoverse-V2,bench_stable,ssd_write_no_fsync,2051.51,3993154300,
2026-07-05T11:03:06,aws-c7i.12xlarge,Intel Xeon Platinum 8488C,bench_stable,mem_random_read,34.27,1867653445,
2026-07-05T11:03:06,aws-c7i.12xlarge,Intel Xeon Platinum 8488C,bench_stable,mem_random_write,23.48,2725520797,
2026-07-05T11:03:06,aws-c7i.12xlarge,Intel Xeon Platinum 8488C,bench_stable,seq_mem_read_single,89816426.70,11954849057,
2026-07-05T11:03:06,aws-c7i.12xlarge,Intel Xeon Platinum 8488C,bench_stable,seq_mem_read_threaded,5592776.51,191987257533,
2026-07-05T11:03:06,aws-c7i.12xlarge,Intel Xeon Platinum 8488C,bench_stable,seq_mem_write_single,89610439.74,11982329594,
2026-07-05T11:03:06,aws-c7i.12xlarge,Intel Xeon Platinum 8488C,bench_stable,seq_mem_write_threaded,7353901.94,146009809824,
2026-07-05T11:03:06,aws-c7i.12xlarge,Intel Xeon Platinum 8488C,bench_stable,ssd_read_seq,62467.21,131140806,
2026-07-05T11:03:06,aws-c7i.12xlarge,Intel Xeon Platinum 8488C,bench_stable,ssd_write_fsync,3748417.58,2185456,
2026-07-05T11:03:06,aws-c7i.12xlarge,Intel Xeon Platinum 8488C,bench_stable,ssd_write_no_fsync,3206.23,2555024286,
2026-07-05T11:06:06,aws-c7a.12xlarge,AMD EPYC 9R14,bench_stable,mem_random_read,27.78,2303881725,
2026-07-05T11:06:06,aws-c7a.12xlarge,AMD EPYC 9R14,bench_stable,mem_random_write,28.48,2247152471,
2026-07-05T11:06:06,aws-c7a.12xlarge,AMD EPYC 9R14,bench_stable,seq_mem_read_single,28615953.17,37522490262,
2026-07-05T11:06:06,aws-c7a.12xlarge,AMD EPYC 9R14,bench_stable,seq_mem_read_threaded,4861117.70,220883733075,
2026-07-05T11:06:06,aws-c7a.12xlarge,AMD EPYC 9R14,bench_stable,seq_mem_write_single,38963861.22,27557377283,
2026-07-05T11:06:06,aws-c7a.12xlarge,AMD EPYC 9R14,bench_stable,seq_mem_write_threaded,7687483.54,139674032300,
2026-07-05T11:06:06,aws-c7a.12xlarge,AMD EPYC 9R14,bench_stable,ssd_read_seq,62465.35,131144716,
2026-07-05T11:06:06,aws-c7a.12xlarge,AMD EPYC 9R14,bench_stable,ssd_write_fsync,2847888.53,2876517,
2026-07-05T11:06:06,aws-c7a.12xlarge,AMD EPYC 9R14,bench_stable,ssd_write_no_fsync,3914.54,2092710132,
2026-07-05T11:09:08,aws-c7g.12xlarge,Neoverse-V1,bench_stable,mem_random_read,37.78,1693984561,
2026-07-05T11:09:08,aws-c7g.12xlarge,Neoverse-V1,bench_stable,mem_random_write,23.09,2772108297,
2026-07-05T11:09:08,aws-c7g.12xlarge,Neoverse-V1,bench_stable,seq_mem_read_single,34525480.15,31099982369,
2026-07-05T11:09:08,aws-c7g.12xlarge,Neoverse-V1,bench_stable,seq_mem_read_threaded,4130161.17,259975768523,
2026-07-05T11:09:08,aws-c7g.12xlarge,Neoverse-V1,bench_stable,seq_mem_write_single,40516954.53,26501049655,
2026-07-05T11:09:08,aws-c7g.12xlarge,Neoverse-V1,bench_stable,seq_mem_write_threaded,9409484.36,114112716853,
2026-07-05T11:09:08,aws-c7g.12xlarge,Neoverse-V1,bench_stable,ssd_read_seq,62464.77,131145924,
2026-07-05T11:09:08,aws-c7g.12xlarge,Neoverse-V1,bench_stable,ssd_write_fsync,2781058.82,2945641,
2026-07-05T11:09:08,aws-c7g.12xlarge,Neoverse-V1,bench_stable,ssd_write_no_fsync,3171.08,2583349838,
2026-07-06T11:36:38,gcp-c4-standard-48-lssd,Intel Xeon 6985P-C,bench_stable,mem_random_read,33.01,1938873202,
2026-07-06T11:36:38,gcp-c4-standard-48-lssd,Intel Xeon 6985P-C,bench_stable,mem_random_write,32.21,1986705723,
2026-07-06T11:36:38,gcp-c4-standard-48-lssd,Intel Xeon 6985P-C,bench_stable,seq_mem_read_single,47670417.51,22524279836,
2026-07-06T11:36:38,gcp-c4-standard-48-lssd,Intel Xeon 6985P-C,bench_stable,seq_mem_read_threaded,5573704.51,192644196073,
2026-07-06T11:36:38,gcp-c4-standard-48-lssd,Intel Xeon 6985P-C,bench_stable,seq_mem_write_single,94917246.60,11312399616,
2026-07-06T11:36:38,gcp-c4-standard-48-lssd,Intel Xeon 6985P-C,bench_stable,seq_mem_write_threaded,8508225.51,126200442518,
2026-07-06T11:36:38,gcp-c4-standard-48-lssd,Intel Xeon 6985P-C,bench_stable,ssd_read_seq,1045.16,7838057795,
2026-07-06T11:36:38,gcp-c4-standard-48-lssd,Intel Xeon 6985P-C,bench_stable,ssd_write_fsync,171047.41,47893153,
2026-07-06T11:36:38,gcp-c4-standard-48-lssd,Intel Xeon 6985P-C,bench_stable,ssd_write_no_fsync,2017.26,4060949570,
2026-07-06T11:41:26,gcp-c4d-standard-48-lssd,AMD EPYC 9B45,bench_stable,mem_random_read,20.13,3179798028,
2026-07-06T11:41:26,gcp-c4d-standard-48-lssd,AMD EPYC 9B45,bench_stable,mem_random_write,17.32,3695254913,
2026-07-06T11:41:26,gcp-c4d-standard-48-lssd,AMD EPYC 9B45,bench_stable,seq_mem_read_single,21526067.57,49881002199,
2026-07-06T11:41:26,gcp-c4d-standard-48-lssd,AMD EPYC 9B45,bench_stable,seq_mem_read_threaded,8006261.39,134112761429,
2026-07-06T11:41:26,gcp-c4d-standard-48-lssd,AMD EPYC 9B45,bench_stable,seq_mem_write_single,33826808.01,31742333583,
2026-07-06T11:41:26,gcp-c4d-standard-48-lssd,AMD EPYC 9B45,bench_stable,seq_mem_write_threaded,10174353.67,105534155692,
2026-07-06T11:41:26,gcp-c4d-standard-48-lssd,AMD EPYC 9B45,bench_stable,ssd_read_seq,517.87,15818676488,
2026-07-06T11:41:26,gcp-c4d-standard-48-lssd,AMD EPYC 9B45,bench_stable,ssd_write_fsync,92628.14,88439648,
2026-07-06T11:41:26,gcp-c4d-standard-48-lssd,AMD EPYC 9B45,bench_stable,ssd_write_no_fsync,1668.10,4910964439,
2026-07-06T11:46:07,gcp-c4a-standard-48-lssd,Neoverse-V2,bench_stable,mem_random_read,34.88,1834983916,
2026-07-06T11:46:07,gcp-c4a-standard-48-lssd,Neoverse-V2,bench_stable,mem_random_write,19.84,3225825997,
2026-07-06T11:46:07,gcp-c4a-standard-48-lssd,Neoverse-V2,bench_stable,seq_mem_read_single,39464717.28,27207640090,
2026-07-06T11:46:07,gcp-c4a-standard-48-lssd,Neoverse-V2,bench_stable,seq_mem_read_threaded,3492320.40,307457993788,
2026-07-06T11:46:07,gcp-c4a-standard-48-lssd,Neoverse-V2,bench_stable,seq_mem_write_single,44300691.82,24237585914,
2026-07-06T11:46:07,gcp-c4a-standard-48-lssd,Neoverse-V2,bench_stable,seq_mem_write_threaded,7661805.58,140142139136,
2026-07-06T11:46:07,gcp-c4a-standard-48-lssd,Neoverse-V2,bench_stable,ssd_read_seq,902.88,9073237925,
2026-07-06T11:46:07,gcp-c4a-standard-48-lssd,Neoverse-V2,bench_stable,ssd_write_fsync,95283.77,85974763,
2026-07-06T11:46:07,gcp-c4a-standard-48-lssd,Neoverse-V2,bench_stable,ssd_write_no_fsync,2101.58,3898011393,
2026-07-06T11:50:45,aws-c7i.12xlarge,Intel Xeon Platinum 8488C,bench_stable,mem_random_read,38.85,1647464704,
2026-07-06T11:50:45,aws-c7i.12xlarge,Intel Xeon Platinum 8488C,bench_stable,mem_random_write,26.85,2383696380,
2026-07-06T11:50:45,aws-c7i.12xlarge,Intel Xeon Platinum 8488C,bench_stable,seq_mem_read_single,98798176.95,10868032763,
2026-07-06T11:50:45,aws-c7i.12xlarge,Intel Xeon Platinum 8488C,bench_stable,seq_mem_read_threaded,7392387.51,145249667008,
2026-07-06T11:50:45,aws-c7i.12xlarge,Intel Xeon Platinum 8488C,bench_stable,seq_mem_write_single,100986788.23,10632498001,
2026-07-06T11:50:45,aws-c7i.12xlarge,Intel Xeon Platinum 8488C,bench_stable,seq_mem_write_threaded,8893116.66,120738528985,
2026-07-06T11:50:45,aws-c7i.12xlarge,Intel Xeon Platinum 8488C,bench_stable,ssd_read_seq,62463.37,131148869,
2026-07-06T11:50:45,aws-c7i.12xlarge,Intel Xeon Platinum 8488C,bench_stable,ssd_write_fsync,3858806.47,2122936,
2026-07-06T11:50:45,aws-c7i.12xlarge,Intel Xeon Platinum 8488C,bench_stable,ssd_write_no_fsync,3149.60,2600967781,
2026-07-06T11:53:50,aws-c7a.12xlarge,AMD EPYC 9R14,bench_stable,mem_random_read,28.06,2280558650,
2026-07-06T11:53:50,aws-c7a.12xlarge,AMD EPYC 9R14,bench_stable,mem_random_write,28.52,2243871306,
2026-07-06T11:53:50,aws-c7a.12xlarge,AMD EPYC 9R14,bench_stable,seq_mem_read_single,29122543.47,36869781830,
2026-07-06T11:53:50,aws-c7a.12xlarge,AMD EPYC 9R14,bench_stable,seq_mem_read_threaded,4962115.63,216387908764,
2026-07-06T11:53:50,aws-c7a.12xlarge,AMD EPYC 9R14,bench_stable,seq_mem_write_single,38899528.02,27602952492,
2026-07-06T11:53:50,aws-c7a.12xlarge,AMD EPYC 9R14,bench_stable,seq_mem_write_threaded,7774793.70,138105506814,
2026-07-06T11:53:50,aws-c7a.12xlarge,AMD EPYC 9R14,bench_stable,ssd_read_seq,62464.00,131147536,
2026-07-06T11:53:50,aws-c7a.12xlarge,AMD EPYC 9R14,bench_stable,ssd_write_fsync,2848855.54,2875541,
2026-07-06T11:53:50,aws-c7a.12xlarge,AMD EPYC 9R14,bench_stable,ssd_write_no_fsync,3860.73,2121879874,
2026-07-06T11:56:56,aws-c7g.12xlarge,Neoverse-V1,bench_stable,mem_random_read,38.05,1681837102,
2026-07-06T11:56:56,aws-c7g.12xlarge,Neoverse-V1,bench_stable,mem_random_write,23.51,2722073677,
2026-07-06T11:56:56,aws-c7g.12xlarge,Neoverse-V1,bench_stable,seq_mem_read_single,35125418.20,30568798299,
2026-07-06T11:56:56,aws-c7g.12xlarge,Neoverse-V1,bench_stable,seq_mem_read_threaded,4140515.45,259325641342,
2026-07-06T11:56:56,aws-c7g.12xlarge,Neoverse-V1,bench_stable,seq_mem_write_single,40915334.31,26243017248,
2026-07-06T11:56:56,aws-c7g.12xlarge,Neoverse-V1,bench_stable,seq_mem_write_threaded,9423184.80,113946807471,
2026-07-06T11:56:56,aws-c7g.12xlarge,Neoverse-V1,bench_stable,ssd_read_seq,62465.17,131145087,
2026-07-06T11:56:56,aws-c7g.12xlarge,Neoverse-V1,bench_stable,ssd_write_fsync,2781792.46,2944864,
2026-07-06T11:56:56,aws-c7g.12xlarge,Neoverse-V1,bench_stable,ssd_write_no_fsync,3178.07,2577665981,
2026-07-07T11:06:03,gcp-c4-standard-48-lssd,Intel Xeon 6985P-C,bench_stable,mem_random_read,32.45,1972340668,
2026-07-07T11:06:03,gcp-c4-standard-48-lssd,Intel Xeon 6985P-C,bench_stable,mem_random_write,31.33,2042830570,
2026-07-07T11:06:03,gcp-c4-standard-48-lssd,Intel Xeon 6985P-C,bench_stable,seq_mem_read_single,43759860.52,24537139999,
2026-07-07T11:06:03,gcp-c4-standard-48-lssd,Intel Xeon 6985P-C,bench_stable,seq_mem_read_threaded,5482720.02,195841082435,
2026-07-07T11:06:03,gcp-c4-standard-48-lssd,Intel Xeon 6985P-C,bench_stable,seq_mem_write_single,90463630.66,11869320479,
2026-07-07T11:06:03,gcp-c4-standard-48-lssd,Intel Xeon 6985P-C,bench_stable,seq_mem_write_threaded,8519802.98,126028950071,
2026-07-07T11:06:03,gcp-c4-standard-48-lssd,Intel Xeon 6985P-C,bench_stable,ssd_read_seq,940.82,8707274728,
2026-07-07T11:06:03,gcp-c4-standard-48-lssd,Intel Xeon 6985P-C,bench_stable,ssd_write_fsync,204209.40,40115684,
2026-07-07T11:06:03,gcp-c4-standard-48-lssd,Intel Xeon 6985P-C,bench_stable,ssd_write_no_fsync,2010.42,4074760596,
2026-07-07T11:10:44,gcp-c4d-standard-48-lssd,AMD EPYC 9B45,bench_stable,mem_random_read,20.51,3119835963,
2026-07-07T11:10:44,gcp-c4d-standard-48-lssd,AMD EPYC 9B45,bench_stable,mem_random_write,17.62,3632541689,
2026-07-07T11:10:44,gcp-c4d-standard-48-lssd,AMD EPYC 9B45,bench_stable,seq_mem_read_single,21726794.09,49420168466,
2026-07-07T11:10:44,gcp-c4d-standard-48-lssd,AMD EPYC 9B45,bench_stable,seq_mem_read_threaded,7767750.39,138230732127,
2026-07-07T11:10:44,gcp-c4d-standard-48-lssd,AMD EPYC 9B45,bench_stable,seq_mem_write_single,34215240.10,31381975430,
2026-07-07T11:10:44,gcp-c4d-standard-48-lssd,AMD EPYC 9B45,bench_stable,seq_mem_write_threaded,10199355.78,105275455392,
2026-07-07T11:10:44,gcp-c4d-standard-48-lssd,AMD EPYC 9B45,bench_stable,ssd_read_seq,513.38,15956921888,
2026-07-07T11:10:44,gcp-c4d-standard-48-lssd,AMD EPYC 9B45,bench_stable,ssd_write_fsync,94993.43,86237542,
2026-07-07T11:10:44,gcp-c4d-standard-48-lssd,AMD EPYC 9B45,bench_stable,ssd_write_no_fsync,1666.36,4916116175,
2026-07-07T11:15:29,gcp-c4a-standard-48-lssd,Neoverse-V2,bench_stable,mem_random_read,34.69,1845054139,
2026-07-07T11:15:29,gcp-c4a-standard-48-lssd,Neoverse-V2,bench_stable,mem_random_write,19.63,3260251267,
2026-07-07T11:15:29,gcp-c4a-standard-48-lssd,Neoverse-V2,bench_stable,seq_mem_read_single,39744405.92,27016174962,
2026-07-07T11:15:29,gcp-c4a-standard-48-lssd,Neoverse-V2,bench_stable,seq_mem_read_threaded,3615946.31,296946285207,
2026-07-07T11:15:29,gcp-c4a-standard-48-lssd,Neoverse-V2,bench_stable,seq_mem_write_single,44146058.48,24322484518,
2026-07-07T11:15:29,gcp-c4a-standard-48-lssd,Neoverse-V2,bench_stable,seq_mem_write_threaded,6872392.38,156239889190,
2026-07-07T11:15:29,gcp-c4a-standard-48-lssd,Neoverse-V2,bench_stable,ssd_read_seq,875.28,9359333649,
2026-07-07T11:15:29,gcp-c4a-standard-48-lssd,Neoverse-V2,bench_stable,ssd_write_fsync,97340.00,84158617,
2026-07-07T11:15:29,gcp-c4a-standard-48-lssd,Neoverse-V2,bench_stable,ssd_write_no_fsync,2025.52,4044387522,
2026-07-07T11:19:50,aws-c7i.12xlarge,Intel Xeon Platinum 8488C,bench_stable,mem_random_read,35.09,1824021207,
2026-07-07T11:19:50,aws-c7i.12xlarge,Intel Xeon Platinum 8488C,bench_stable,mem_random_write,24.53,2609453286,
2026-07-07T11:19:50,aws-c7i.12xlarge,Intel Xeon Platinum 8488C,bench_stable,seq_mem_read_single,92621007.95,11592854016,
2026-07-07T11:19:50,aws-c7i.12xlarge,Intel Xeon Platinum 8488C,bench_stable,seq_mem_read_threaded,5066673.98,211922422687,
2026-07-07T11:19:50,aws-c7i.12xlarge,Intel Xeon Platinum 8488C,bench_stable,seq_mem_write_single,90144627.63,11911323528,
2026-07-07T11:19:50,aws-c7i.12xlarge,Intel Xeon Platinum 8488C,bench_stable,seq_mem_write_threaded,6867473.26,156351802575,
2026-07-07T11:19:50,aws-c7i.12xlarge,Intel Xeon Platinum 8488C,bench_stable,ssd_read_seq,62465.09,131145245,
2026-07-07T11:19:50,aws-c7i.12xlarge,Intel Xeon Platinum 8488C,bench_stable,ssd_write_fsync,2788129.37,2938171,
2026-07-07T11:19:50,aws-c7i.12xlarge,Intel Xeon Platinum 8488C,bench_stable,ssd_write_no_fsync,3192.03,2566395731,
2026-07-07T11:22:51,aws-c7a.12xlarge,AMD EPYC 9R14,bench_stable,mem_random_read,28.84,2219295553,
2026-07-07T11:22:51,aws-c7a.12xlarge,AMD EPYC 9R14,bench_stable,mem_random_write,28.86,2217273923,
2026-07-07T11:22:51,aws-c7a.12xlarge,AMD EPYC 9R14,bench_stable,seq_mem_read_single,29841768.93,35981172114,
2026-07-07T11:22:51,aws-c7a.12xlarge,AMD EPYC 9R14,bench_stable,seq_mem_read_threaded,4894388.59,219382218046,
2026-07-07T11:22:51,aws-c7a.12xlarge,AMD EPYC 9R14,bench_stable,seq_mem_write_single,39084124.42,27472582282,
2026-07-07T11:22:51,aws-c7a.12xlarge,AMD EPYC 9R14,bench_stable,seq_mem_write_threaded,7861290.50,136585949122,
2026-07-07T11:22:51,aws-c7a.12xlarge,AMD EPYC 9R14,bench_stable,ssd_read_seq,62463.58,131148414,
2026-07-07T11:22:51,aws-c7a.12xlarge,AMD EPYC 9R14,bench_stable,ssd_write_fsync,2857242.29,2867100,
2026-07-07T11:22:51,aws-c7a.12xlarge,AMD EPYC 9R14,bench_stable,ssd_write_no_fsync,3866.76,2118569699,
2026-07-07T11:26:04,aws-c7g.12xlarge,Neoverse-V1,bench_stable,mem_random_read,37.37,1712679867,
2026-07-07T11:26:04,aws-c7g.12xlarge,Neoverse-V1,bench_stable,mem_random_write,23.35,2740348996,
2026-07-07T11:26:04,aws-c7g.12xlarge,Neoverse-V1,bench_stable,seq_mem_read_single,33980061.80,31599172191,
2026-07-07T11:26:04,aws-c7g.12xlarge,Neoverse-V1,bench_stable,seq_mem_read_threaded,4135862.65,259617379435,
2026-07-07T11:26:04,aws-c7g.12xlarge,Neoverse-V1,bench_stable,seq_mem_write_single,40477702.60,26526748188,
2026-07-07T11:26:04,aws-c7g.12xlarge,Neoverse-V1,bench_stable,seq_mem_write_threaded,9413356.37,114065778693,
2026-07-07T11:26:04,aws-c7g.12xlarge,Neoverse-V1,bench_stable,ssd_read_seq,62464.88,131145693,
2026-07-07T11:26:04,aws-c7g.12xlarge,Neoverse-V1,bench_stable,ssd_write_fsync,2778920.67,2947907,
2026-07-07T11:26:04,aws-c7g.12xlarge,Neoverse-V1,bench_stable,ssd_write_no_fsync,3194.58,2564343237,
2026-07-08T10:46:25,gcp-c4-standard-48-lssd,Intel Xeon 6985P-C,bench_stable,mem_random_read,32.70,1956894639,
2026-07-08T10:46:25,gcp-c4-standard-48-lssd,Intel Xeon 6985P-C,bench_stable,mem_random_write,32.27,1983270604,
2026-07-08T10:46:25,gcp-c4-standard-48-lssd,Intel Xeon 6985P-C,bench_stable,seq_mem_read_single,47364806.64,22669612739,
2026-07-08T10:46:25,gcp-c4-standard-48-lssd,Intel Xeon 6985P-C,bench_stable,seq_mem_read_threaded,5487568.47,195668050266,
2026-07-08T10:46:25,gcp-c4-standard-48-lssd,Intel Xeon 6985P-C,bench_stable,seq_mem_write_single,95953839.97,11190191287,
2026-07-08T10:46:25,gcp-c4-standard-48-lssd,Intel Xeon 6985P-C,bench_stable,seq_mem_write_threaded,10233256.38,104926700150,
2026-07-08T10:46:25,gcp-c4-standard-48-lssd,Intel Xeon 6985P-C,bench_stable,ssd_read_seq,1043.16,7853054605,
2026-07-08T10:46:25,gcp-c4-standard-48-lssd,Intel Xeon 6985P-C,bench_stable,ssd_write_fsync,165442.68,49515640,
2026-07-08T10:46:25,gcp-c4-standard-48-lssd,Intel Xeon 6985P-C,bench_stable,ssd_write_no_fsync,2040.52,4014655624,
2026-07-08T10:51:13,gcp-c4d-standard-48-lssd,AMD EPYC 9B45,bench_stable,mem_random_read,20.51,3120345218,
2026-07-08T10:51:13,gcp-c4d-standard-48-lssd,AMD EPYC 9B45,bench_stable,mem_random_write,17.63,3629854930,
2026-07-08T10:51:13,gcp-c4d-standard-48-lssd,AMD EPYC 9B45,bench_stable,seq_mem_read_single,21788895.59,49279313839,
2026-07-08T10:51:13,gcp-c4d-standard-48-lssd,AMD EPYC 9B45,bench_stable,seq_mem_read_threaded,7709568.52,139273919313,
2026-07-08T10:51:13,gcp-c4d-standard-48-lssd,AMD EPYC 9B45,bench_stable,seq_mem_write_single,33895581.45,31677929045,
2026-07-08T10:51:13,gcp-c4d-standard-48-lssd,AMD EPYC 9B45,bench_stable,seq_mem_write_threaded,10196451.40,105305442270,
2026-07-08T10:51:13,gcp-c4d-standard-48-lssd,AMD EPYC 9B45,bench_stable,ssd_read_seq,466.18,17572532773,
2026-07-08T10:51:13,gcp-c4d-standard-48-lssd,AMD EPYC 9B45,bench_stable,ssd_write_fsync,92971.79,88112748,
2026-07-08T10:51:13,gcp-c4d-standard-48-lssd,AMD EPYC 9B45,bench_stable,ssd_write_no_fsync,1661.49,4930526940,
2026-07-08T10:56:00,gcp-c4a-standard-48-lssd,Neoverse-V2,bench_stable,mem_random_read,36.61,1748269409,
2026-07-08T10:56:00,gcp-c4a-standard-48-lssd,Neoverse-V2,bench_stable,mem_random_write,19.78,3236303221,
2026-07-08T10:56:00,gcp-c4a-standard-48-lssd,Neoverse-V2,bench_stable,seq_mem_read_single,40297759.86,26645198834,
2026-07-08T10:56:00,gcp-c4a-standard-48-lssd,Neoverse-V2,bench_stable,seq_mem_read_threaded,3696573.03,290469528007,
2026-07-08T10:56:00,gcp-c4a-standard-48-lssd,Neoverse-V2,bench_stable,seq_mem_write_single,44419311.90,24172860362,
2026-07-08T10:56:00,gcp-c4a-standard-48-lssd,Neoverse-V2,bench_stable,seq_mem_write_threaded,7151914.39,150133483905,
2026-07-08T10:56:00,gcp-c4a-standard-48-lssd,Neoverse-V2,bench_stable,ssd_read_seq,895.74,9145469473,
2026-07-08T10:56:00,gcp-c4a-standard-48-lssd,Neoverse-V2,bench_stable,ssd_write_fsync,97361.08,84140399,
2026-07-08T10:56:00,gcp-c4a-standard-48-lssd,Neoverse-V2,bench_stable,ssd_write_no_fsync,1969.32,4159815456,
2026-07-08T11:00:20,aws-c7i.12xlarge,Intel Xeon Platinum 8488C,bench_stable,mem_random_read,37.50,1706813484,
2026-07-08T11:00:20,aws-c7i.12xlarge,Intel Xeon Platinum 8488C,bench_stable,mem_random_write,25.58,2502063678,
2026-07-08T11:00:20,aws-c7i.12xlarge,Intel Xeon Platinum 8488C,bench_stable,seq_mem_read_single,99380409.78,10804361004,
2026-07-08T11:00:20,aws-c7i.12xlarge,Intel Xeon Platinum 8488C,bench_stable,seq_mem_read_threaded,6067487.86,176966455976,
2026-07-08T11:00:20,aws-c7i.12xlarge,Intel Xeon Platinum 8488C,bench_stable,seq_mem_write_single,96142223.64,11168264924,
2026-07-08T11:00:20,aws-c7i.12xlarge,Intel Xeon Platinum 8488C,bench_stable,seq_mem_write_threaded,7298881.08,147110469715,
2026-07-08T11:00:20,aws-c7i.12xlarge,Intel Xeon Platinum 8488C,bench_stable,ssd_read_seq,62541.09,130985892,
2026-07-08T11:00:20,aws-c7i.12xlarge,Intel Xeon Platinum 8488C,bench_stable,ssd_write_fsync,2816123.40,2908963,
2026-07-08T11:00:20,aws-c7i.12xlarge,Intel Xeon Platinum 8488C,bench_stable,ssd_write_no_fsync,3190.89,2567307264,
2026-07-08T11:03:22,aws-c7a.12xlarge,AMD EPYC 9R14,bench_stable,mem_random_read,28.28,2262842392,
2026-07-08T11:03:22,aws-c7a.12xlarge,AMD EPYC 9R14,bench_stable,mem_random_write,28.54,2242223568,
2026-07-08T11:03:22,aws-c7a.12xlarge,AMD EPYC 9R14,bench_stable,seq_mem_read_single,28699023.82,37413879672,
2026-07-08T11:03:22,aws-c7a.12xlarge,AMD EPYC 9R14,bench_stable,seq_mem_read_threaded,4894930.15,219357946196,
2026-07-08T11:03:22,aws-c7a.12xlarge,AMD EPYC 9R14,bench_stable,seq_mem_write_single,38950517.98,27566817582,
2026-07-08T11:03:22,aws-c7a.12xlarge,AMD EPYC 9R14,bench_stable,seq_mem_write_threaded,7751973.42,138512062088,
2026-07-08T11:03:22,aws-c7a.12xlarge,AMD EPYC 9R14,bench_stable,ssd_read_seq,473747.79,17291901,
2026-07-08T11:03:22,aws-c7a.12xlarge,AMD EPYC 9R14,bench_stable,ssd_write_fsync,2846173.44,2878250,
2026-07-08T11:03:22,aws-c7a.12xlarge,AMD EPYC 9R14,bench_stable,ssd_write_no_fsync,3850.27,2127645171,
2026-07-08T11:06:26,aws-c7g.12xlarge,Neoverse-V1,bench_stable,mem_random_read,37.09,1725385949,
2026-07-08T11:06:26,aws-c7g.12xlarge,Neoverse-V1,bench_stable,mem_random_write,22.83,2802870216,
2026-07-08T11:06:26,aws-c7g.12xlarge,Neoverse-V1,bench_stable,seq_mem_read_single,33595828.21,31960570138,
2026-07-08T11:06:26,aws-c7g.12xlarge,Neoverse-V1,bench_stable,seq_mem_read_threaded,4183544.32,256658407489,
2026-07-08T11:06:26,aws-c7g.12xlarge,Neoverse-V1,bench_stable,seq_mem_write_single,40795346.16,26320203773,
2026-07-08T11:06:26,aws-c7g.12xlarge,Neoverse-V1,bench_stable,seq_mem_write_threaded,9565220.47,112254790964,
2026-07-08T11:06:26,aws-c7g.12xlarge,Neoverse-V1,bench_stable,ssd_read_seq,62464.33,131146846,
2026-07-08T11:06:26,aws-c7g.12xlarge,Neoverse-V1,bench_stable,ssd_write_fsync,2782772.48,2943827,
2026-07-08T11:06:26,aws-c7g.12xlarge,Neoverse-V1,bench_stable,ssd_write_no_fsync,3167.72,2586089875,
2026-07-10T11:05:55,gcp-c4-standard-48-lssd,Intel Xeon 6985P-C,bench_stable,mem_random_read,32.51,1968705891,
2026-07-10T11:05:55,gcp-c4-standard-48-lssd,Intel Xeon 6985P-C,bench_stable,mem_random_write,30.82,2076287372,
2026-07-10T11:05:55,gcp-c4-standard-48-lssd,Intel Xeon 6985P-C,bench_stable,seq_mem_read_single,44217730.44,24283060515,
2026-07-10T11:05:55,gcp-c4-standard-48-lssd,Intel Xeon 6985P-C,bench_stable,seq_mem_read_threaded,5463145.01,196542801353,
2026-07-10T11:05:55,gcp-c4-standard-48-lssd,Intel Xeon 6985P-C,bench_stable,seq_mem_write_single,91745465.26,11703486607,
2026-07-10T11:05:55,gcp-c4-standard-48-lssd,Intel Xeon 6985P-C,bench_stable,seq_mem_write_threaded,8514369.05,126109382519,
2026-07-10T11:05:55,gcp-c4-standard-48-lssd,Intel Xeon 6985P-C,bench_stable,ssd_read_seq,1015.54,8066650809,
2026-07-10T11:05:55,gcp-c4-standard-48-lssd,Intel Xeon 6985P-C,bench_stable,ssd_write_fsync,168011.23,48758645,
2026-07-10T11:05:55,gcp-c4-standard-48-lssd,Intel Xeon 6985P-C,bench_stable,ssd_write_no_fsync,2009.70,4076226948,
2026-07-10T11:10:51,gcp-c4d-standard-48-lssd,AMD EPYC 9B45,bench_stable,mem_random_read,24.59,2602555866,
2026-07-10T11:10:51,gcp-c4d-standard-48-lssd,AMD EPYC 9B45,bench_stable,mem_random_write,21.73,2945841358,
2026-07-10T11:10:51,gcp-c4d-standard-48-lssd,AMD EPYC 9B45,bench_stable,seq_mem_read_single,22071789.32,48647701745,
2026-07-10T11:10:51,gcp-c4d-standard-48-lssd,AMD EPYC 9B45,bench_stable,seq_mem_read_threaded,7315148.98,146783315878,
2026-07-10T11:10:51,gcp-c4d-standard-48-lssd,AMD EPYC 9B45,bench_stable,seq_mem_write_single,35769955.41,30017980497,
2026-07-10T11:10:51,gcp-c4d-standard-48-lssd,AMD EPYC 9B45,bench_stable,seq_mem_write_threaded,10431785.33,102929823640,
2026-07-10T11:10:51,gcp-c4d-standard-48-lssd,AMD EPYC 9B45,bench_stable,ssd_read_seq,590.49,13873144475,
2026-07-10T11:10:51,gcp-c4d-standard-48-lssd,AMD EPYC 9B45,bench_stable,ssd_write_fsync,95955.73,85372706,
2026-07-10T11:10:51,gcp-c4d-standard-48-lssd,AMD EPYC 9B45,bench_stable,ssd_write_no_fsync,1658.45,4939560867,
2026-07-10T11:15:50,gcp-c4a-standard-48-lssd,Neoverse-V2,bench_stable,mem_random_read,35.90,1782606973,
2026-07-10T11:15:50,gcp-c4a-standard-48-lssd,Neoverse-V2,bench_stable,mem_random_write,20.17,3172663789,
2026-07-10T11:15:50,gcp-c4a-standard-48-lssd,Neoverse-V2,bench_stable,seq_mem_read_single,39971788.91,26862491102,
2026-07-10T11:15:50,gcp-c4a-standard-48-lssd,Neoverse-V2,bench_stable,seq_mem_read_threaded,3704479.38,289849588788,
2026-07-10T11:15:50,gcp-c4a-standard-48-lssd,Neoverse-V2,bench_stable,seq_mem_write_single,44738332.36,24000488336,
2026-07-10T11:15:50,gcp-c4a-standard-48-lssd,Neoverse-V2,bench_stable,seq_mem_write_threaded,7421550.45,144678909151,
2026-07-10T11:15:50,gcp-c4a-standard-48-lssd,Neoverse-V2,bench_stable,ssd_read_seq,855.29,9578018764,
2026-07-10T11:15:50,gcp-c4a-standard-48-lssd,Neoverse-V2,bench_stable,ssd_write_fsync,97086.67,84378213,
2026-07-10T11:15:50,gcp-c4a-standard-48-lssd,Neoverse-V2,bench_stable,ssd_write_no_fsync,2007.81,4080059673,
2026-07-10T11:20:17,aws-c7i.12xlarge,Intel Xeon Platinum 8488C,bench_stable,mem_random_read,37.66,1699407833,
2026-07-10T11:20:17,aws-c7i.12xlarge,Intel Xeon Platinum 8488C,bench_stable,mem_random_write,25.56,2504170506,
2026-07-10T11:20:17,aws-c7i.12xlarge,Intel Xeon Platinum 8488C,bench_stable,seq_mem_read_single,100092595.27,10727485096,
2026-07-10T11:20:17,aws-c7i.12xlarge,Intel Xeon Platinum 8488C,bench_stable,seq_mem_read_threaded,6813512.30,157590061664,
2026-07-10T11:20:17,aws-c7i.12xlarge,Intel Xeon Platinum 8488C,bench_stable,seq_mem_write_single,95372905.63,11258352851,
2026-07-10T11:20:17,aws-c7i.12xlarge,Intel Xeon Platinum 8488C,bench_stable,seq_mem_write_threaded,8045422.03,133459975090,
2026-07-10T11:20:17,aws-c7i.12xlarge,Intel Xeon Platinum 8488C,bench_stable,ssd_read_seq,62463.35,131148914,
2026-07-10T11:20:17,aws-c7i.12xlarge,Intel Xeon Platinum 8488C,bench_stable,ssd_write_fsync,3927901.41,2085592,
2026-07-10T11:20:17,aws-c7i.12xlarge,Intel Xeon Platinum 8488C,bench_stable,ssd_write_no_fsync,3217.64,2545963633,
2026-07-10T11:23:24,aws-c7a.12xlarge,AMD EPYC 9R14,bench_stable,mem_random_read,29.09,2200195116,
2026-07-10T11:23:24,aws-c7a.12xlarge,AMD EPYC 9R14,bench_stable,mem_random_write,29.50,2169817829,
2026-07-10T11:23:24,aws-c7a.12xlarge,AMD EPYC 9R14,bench_stable,seq_mem_read_single,29137142.92,36851307861,
2026-07-10T11:23:24,aws-c7a.12xlarge,AMD EPYC 9R14,bench_stable,seq_mem_read_threaded,4914530.21,218483105624,
2026-07-10T11:23:24,aws-c7a.12xlarge,AMD EPYC 9R14,bench_stable,seq_mem_write_single,38868120.37,27625257250,
2026-07-10T11:23:24,aws-c7a.12xlarge,AMD EPYC 9R14,bench_stable,seq_mem_write_threaded,7799764.11,137663371382,
2026-07-10T11:23:24,aws-c7a.12xlarge,AMD EPYC 9R14,bench_stable,ssd_read_seq,62463.92,131147702,
2026-07-10T11:23:24,aws-c7a.12xlarge,AMD EPYC 9R14,bench_stable,ssd_write_fsync,2855340.01,2869010,
2026-07-10T11:23:24,aws-c7a.12xlarge,AMD EPYC 9R14,bench_stable,ssd_write_no_fsync,3889.09,2106403171,
2026-07-10T11:26:30,aws-c7g.12xlarge,Neoverse-V1,bench_stable,mem_random_read,37.79,1693701344,
2026-07-10T11:26:30,aws-c7g.12xlarge,Neoverse-V1,bench_stable,mem_random_write,23.28,2748648496,
2026-07-10T11:26:30,aws-c7g.12xlarge,Neoverse-V1,bench_stable,seq_mem_read_single,34909759.26,30757640463,
2026-07-10T11:26:30,aws-c7g.12xlarge,Neoverse-V1,bench_stable,seq_mem_read_threaded,4266461.85,251670321345,
2026-07-10T11:26:30,aws-c7g.12xlarge,Neoverse-V1,bench_stable,seq_mem_write_single,41419996.31,25923271841,
2026-07-10T11:26:30,aws-c7g.12xlarge,Neoverse-V1,bench_stable,seq_mem_write_threaded,9635991.12,111430345971,
2026-07-10T11:26:30,aws-c7g.12xlarge,Neoverse-V1,bench_stable,ssd_read_seq,62465.09,131145257,
2026-07-10T11:26:30,aws-c7g.12xlarge,Neoverse-V1,bench_stable,ssd_write_fsync,2821499.75,2903420,
2026-07-10T11:26:30,aws-c7g.12xlarge,Neoverse-V1,bench_stable,ssd_write_no_fsync,3158.16,2593912909,
2026-07-11T10:30:54,gcp-c4-standard-48-lssd,Intel Xeon 6985P-C,bench_stable,mem_random_read,32.70,1957019371,
2026-07-11T10:30:54,gcp-c4-standard-48-lssd,Intel Xeon 6985P-C,bench_stable,mem_random_write,32.55,1966247023,
2026-07-11T10:30:54,gcp-c4-standard-48-lssd,Intel Xeon 6985P-C,bench_stable,seq_mem_read_single,47558052.12,22577497946,
2026-07-11T10:30:54,gcp-c4-standard-48-lssd,Intel Xeon 6985P-C,bench_stable,seq_mem_read_threaded,5507783.31,194949903201,
2026-07-11T10:30:54,gcp-c4-standard-48-lssd,Intel Xeon 6985P-C,bench_stable,seq_mem_write_single,92200424.21,11645736266,
2026-07-11T10:30:54,gcp-c4-standard-48-lssd,Intel Xeon 6985P-C,bench_stable,seq_mem_write_threaded,10268258.21,104569032254,
2026-07-11T10:30:54,gcp-c4-standard-48-lssd,Intel Xeon 6985P-C,bench_stable,ssd_read_seq,1054.40,7769359240,
2026-07-11T10:30:54,gcp-c4-standard-48-lssd,Intel Xeon 6985P-C,bench_stable,ssd_write_fsync,181481.56,45139571,
2026-07-11T10:30:54,gcp-c4-standard-48-lssd,Intel Xeon 6985P-C,bench_stable,ssd_write_no_fsync,2126.77,3851858054,
2026-07-11T10:35:47,gcp-c4d-standard-48-lssd,AMD EPYC 9B45,bench_stable,mem_random_read,25.23,2536617301,
2026-07-11T10:35:47,gcp-c4d-standard-48-lssd,AMD EPYC 9B45,bench_stable,mem_random_write,22.17,2886444994,
2026-07-11T10:35:47,gcp-c4d-standard-48-lssd,AMD EPYC 9B45,bench_stable,seq_mem_read_single,23561689.22,45571512888,
2026-07-11T10:35:47,gcp-c4d-standard-48-lssd,AMD EPYC 9B45,bench_stable,seq_mem_read_threaded,7170916.98,149735637253,
2026-07-11T10:35:47,gcp-c4d-standard-48-lssd,AMD EPYC 9B45,bench_stable,seq_mem_write_single,34816258.78,30840241355,
2026-07-11T10:35:47,gcp-c4d-standard-48-lssd,AMD EPYC 9B45,bench_stable,seq_mem_write_threaded,10292543.22,104322304163,
2026-07-11T10:35:47,gcp-c4d-standard-48-lssd,AMD EPYC 9B45,bench_stable,ssd_read_seq,588.23,13926447776,
2026-07-11T10:35:47,gcp-c4d-standard-48-lssd,AMD EPYC 9B45,bench_stable,ssd_write_fsync,92823.66,88253358,
2026-07-11T10:35:47,gcp-c4d-standard-48-lssd,AMD EPYC 9B45,bench_stable,ssd_write_no_fsync,1662.05,4928838466,
2026-07-11T10:40:28,gcp-c4a-standard-48-lssd,Neoverse-V2,bench_stable,mem_random_read,34.92,1832806381,
2026-07-11T10:40:28,gcp-c4a-standard-48-lssd,Neoverse-V2,bench_stable,mem_random_write,18.67,3427907527,
2026-07-11T10:40:28,gcp-c4a-standard-48-lssd,Neoverse-V2,bench_stable,seq_mem_read_single,39336058.00,27296630079,
2026-07-11T10:40:28,gcp-c4a-standard-48-lssd,Neoverse-V2,bench_stable,seq_mem_read_threaded,3624017.79,296284921021,
2026-07-11T10:40:28,gcp-c4a-standard-48-lssd,Neoverse-V2,bench_stable,seq_mem_write_single,43225798.96,24840300233,
2026-07-11T10:40:28,gcp-c4a-standard-48-lssd,Neoverse-V2,bench_stable,seq_mem_write_threaded,6889905.83,155842743020,
2026-07-11T10:40:28,gcp-c4a-standard-48-lssd,Neoverse-V2,bench_stable,ssd_read_seq,891.53,9188731120,
2026-07-11T10:40:28,gcp-c4a-standard-48-lssd,Neoverse-V2,bench_stable,ssd_write_fsync,95980.74,85350459,
2026-07-11T10:40:28,gcp-c4a-standard-48-lssd,Neoverse-V2,bench_stable,ssd_write_no_fsync,2019.35,4056741580,
2026-07-11T10:44:58,aws-c7i.12xlarge,Intel Xeon Platinum 8488C,bench_stable,mem_random_read,33.91,1887599106,
2026-07-11T10:44:58,aws-c7i.12xlarge,Intel Xeon Platinum 8488C,bench_stable,mem_random_write,23.08,2773223028,
2026-07-11T10:44:58,aws-c7i.12xlarge,Intel Xeon Platinum 8488C,bench_stable,seq_mem_read_single,88304040.37,12159600167,
2026-07-11T10:44:58,aws-c7i.12xlarge,Intel Xeon Platinum 8488C,bench_stable,seq_mem_read_threaded,5466922.79,196406985285,
2026-07-11T10:44:58,aws-c7i.12xlarge,Intel Xeon Platinum 8488C,bench_stable,seq_mem_write_single,85197837.60,12602923434,
2026-07-11T10:44:58,aws-c7i.12xlarge,Intel Xeon Platinum 8488C,bench_stable,seq_mem_write_threaded,7237797.76,148352007026,
2026-07-11T10:44:58,aws-c7i.12xlarge,Intel Xeon Platinum 8488C,bench_stable,ssd_read_seq,62464.44,131146625,
2026-07-11T10:44:58,aws-c7i.12xlarge,Intel Xeon Platinum 8488C,bench_stable,ssd_write_fsync,3610380.87,2269013,
2026-07-11T10:44:58,aws-c7i.12xlarge,Intel Xeon Platinum 8488C,bench_stable,ssd_write_no_fsync,3203.10,2557522858,
2026-07-11T10:48:06,aws-c7a.12xlarge,AMD EPYC 9R14,bench_stable,mem_random_read,28.08,2279484781,
2026-07-11T10:48:06,aws-c7a.12xlarge,AMD EPYC 9R14,bench_stable,mem_random_write,28.66,2232743660,
2026-07-11T10:48:06,aws-c7a.12xlarge,AMD EPYC 9R14,bench_stable,seq_mem_read_single,28668031.49,37454326935,
2026-07-11T10:48:06,aws-c7a.12xlarge,AMD EPYC 9R14,bench_stable,seq_mem_read_threaded,4942916.78,217228383855,
2026-07-11T10:48:06,aws-c7a.12xlarge,AMD EPYC 9R14,bench_stable,seq_mem_write_single,38997229.57,27533797552,
2026-07-11T10:48:06,aws-c7a.12xlarge,AMD EPYC 9R14,bench_stable,seq_mem_write_threaded,7752840.58,138496569503,
2026-07-11T10:48:06,aws-c7a.12xlarge,AMD EPYC 9R14,bench_stable,ssd_read_seq,62464.50,131146493,
2026-07-11T10:48:06,aws-c7a.12xlarge,AMD EPYC 9R14,bench_stable,ssd_write_fsync,2849686.54,2874702,
2026-07-11T10:48:06,aws-c7a.12xlarge,AMD EPYC 9R14,bench_stable,ssd_write_no_fsync,3827.73,2140174223,
2026-07-11T10:51:26,aws-c7g.12xlarge,Neoverse-V1,bench_stable,mem_random_read,38.13,1678513558,
2026-07-11T10:51:26,aws-c7g.12xlarge,Neoverse-V1,bench_stable,mem_random_write,23.40,2734977137,
2026-07-11T10:51:26,aws-c7g.12xlarge,Neoverse-V1,bench_stable,seq_mem_read_single,35055563.34,30629712426,
2026-07-11T10:51:26,aws-c7g.12xlarge,Neoverse-V1,bench_stable,seq_mem_read_threaded,4135424.87,259644863110,
2026-07-11T10:51:26,aws-c7g.12xlarge,Neoverse-V1,bench_stable,seq_mem_write_single,40433226.21,26555927507,
2026-07-11T10:51:26,aws-c7g.12xlarge,Neoverse-V1,bench_stable,seq_mem_write_threaded,9437911.69,113769005156,
2026-07-11T10:51:26,aws-c7g.12xlarge,Neoverse-V1,bench_stable,ssd_read_seq,62464.16,131147203,
2026-07-11T10:51:26,aws-c7g.12xlarge,Neoverse-V1,bench_stable,ssd_write_fsync,2780985.04,2945719,
2026-07-11T10:51:26,aws-c7g.12xlarge,Neoverse-V1,bench_stable,ssd_write_no_fsync,3193.65,2565086852,
2026-07-12T10:35:19,gcp-c4-standard-48-lssd,Intel Xeon 6985P-C,bench_stable,mem_random_read,32.72,1955868083,
2026-07-12T10:35:19,gcp-c4-standard-48-lssd,Intel Xeon 6985P-C,bench_stable,mem_random_write,31.35,2041606851,
2026-07-12T10:35:19,gcp-c4-standard-48-lssd,Intel Xeon 6985P-C,bench_stable,seq_mem_read_single,44313836.18,24230396565,
2026-07-12T10:35:19,gcp-c4-standard-48-lssd,Intel Xeon 6985P-C,bench_stable,seq_mem_read_threaded,5486360.10,195711146350,
2026-07-12T10:35:19,gcp-c4-standard-48-lssd,Intel Xeon 6985P-C,bench_stable,seq_mem_write_single,91759739.16,11701666045,
2026-07-12T10:35:19,gcp-c4-standard-48-lssd,Intel Xeon 6985P-C,bench_stable,seq_mem_write_threaded,10198509.99,105284186139,
2026-07-12T10:35:19,gcp-c4-standard-48-lssd,Intel Xeon 6985P-C,bench_stable,ssd_read_seq,1029.38,7958191762,
2026-07-12T10:35:19,gcp-c4-standard-48-lssd,Intel Xeon 6985P-C,bench_stable,ssd_write_fsync,170125.41,48152713,
2026-07-12T10:35:19,gcp-c4-standard-48-lssd,Intel Xeon 6985P-C,bench_stable,ssd_write_no_fsync,2021.74,4051960064,
2026-07-12T10:40:07,gcp-c4d-standard-48-lssd,AMD EPYC 9B45,bench_stable,mem_random_read,25.25,2534975188,
2026-07-12T10:40:07,gcp-c4d-standard-48-lssd,AMD EPYC 9B45,bench_stable,mem_random_write,22.10,2896215882,
2026-07-12T10:40:07,gcp-c4d-standard-48-lssd,AMD EPYC 9B45,bench_stable,seq_mem_read_single,23376187.83,45933144943,
2026-07-12T10:40:07,gcp-c4d-standard-48-lssd,AMD EPYC 9B45,bench_stable,seq_mem_read_threaded,7847756.91,136821493824,
2026-07-12T10:40:07,gcp-c4d-standard-48-lssd,AMD EPYC 9B45,bench_stable,seq_mem_write_single,36131925.43,29717260047,
2026-07-12T10:40:07,gcp-c4d-standard-48-lssd,AMD EPYC 9B45,bench_stable,seq_mem_write_threaded,10330552.00,103938475332,
2026-07-12T10:40:07,gcp-c4d-standard-48-lssd,AMD EPYC 9B45,bench_stable,ssd_read_seq,571.87,14324840416,
2026-07-12T10:40:07,gcp-c4d-standard-48-lssd,AMD EPYC 9B45,bench_stable,ssd_write_fsync,93662.06,87463373,
2026-07-12T10:40:07,gcp-c4d-standard-48-lssd,AMD EPYC 9B45,bench_stable,ssd_write_no_fsync,1673.57,4894930545,
2026-07-12T10:44:55,gcp-c4a-standard-48-lssd,Neoverse-V2,bench_stable,mem_random_read,35.18,1819275923,
2026-07-12T10:44:55,gcp-c4a-standard-48-lssd,Neoverse-V2,bench_stable,mem_random_write,18.64,3433456982,
2026-07-12T10:44:55,gcp-c4a-standard-48-lssd,Neoverse-V2,bench_stable,seq_mem_read_single,39785406.35,26988333724,
2026-07-12T10:44:55,gcp-c4a-standard-48-lssd,Neoverse-V2,bench_stable,seq_mem_read_threaded,3590104.22,299083747159,
2026-07-12T10:44:55,gcp-c4a-standard-48-lssd,Neoverse-V2,bench_stable,seq_mem_write_single,43088491.92,24919457057,
2026-07-12T10:44:55,gcp-c4a-standard-48-lssd,Neoverse-V2,bench_stable,seq_mem_write_threaded,6636212.46,161800398925,
2026-07-12T10:44:55,gcp-c4a-standard-48-lssd,Neoverse-V2,bench_stable,ssd_read_seq,882.83,9279284230,
2026-07-12T10:44:55,gcp-c4a-standard-48-lssd,Neoverse-V2,bench_stable,ssd_write_fsync,93491.25,87623177,
2026-07-12T10:44:55,gcp-c4a-standard-48-lssd,Neoverse-V2,bench_stable,ssd_write_no_fsync,1943.72,4214597712,
2026-07-12T10:49:30,aws-c7i.12xlarge,Intel Xeon Platinum 8488C,bench_stable,mem_random_read,34.04,1879926230,
2026-07-12T10:49:30,aws-c7i.12xlarge,Intel Xeon Platinum 8488C,bench_stable,mem_random_write,23.36,2739914388,
2026-07-12T10:49:30,aws-c7i.12xlarge,Intel Xeon Platinum 8488C,bench_stable,seq_mem_read_single,89222037.95,12034491127,
2026-07-12T10:49:30,aws-c7i.12xlarge,Intel Xeon Platinum 8488C,bench_stable,seq_mem_read_threaded,5544119.35,193672205682,
2026-07-12T10:49:30,aws-c7i.12xlarge,Intel Xeon Platinum 8488C,bench_stable,seq_mem_write_single,86415921.47,12425277723,
2026-07-12T10:49:30,aws-c7i.12xlarge,Intel Xeon Platinum 8488C,bench_stable,seq_mem_write_threaded,7283977.68,147411465429,
2026-07-12T10:49:30,aws-c7i.12xlarge,Intel Xeon Platinum 8488C,bench_stable,ssd_read_seq,62465.24,131144937,
2026-07-12T10:49:30,aws-c7i.12xlarge,Intel Xeon Platinum 8488C,bench_stable,ssd_write_fsync,3982254.61,2057126,
2026-07-12T10:49:30,aws-c7i.12xlarge,Intel Xeon Platinum 8488C,bench_stable,ssd_write_no_fsync,3269.98,2505212114,
2026-07-12T10:52:36,aws-c7a.12xlarge,AMD EPYC 9R14,bench_stable,mem_random_read,30.39,2106222017,
2026-07-12T10:52:36,aws-c7a.12xlarge,AMD EPYC 9R14,bench_stable,mem_random_write,30.61,2090546160,
2026-07-12T10:52:36,aws-c7a.12xlarge,AMD EPYC 9R14,bench_stable,seq_mem_read_single,30261441.61,35482176881,
2026-07-12T10:52:36,aws-c7a.12xlarge,AMD EPYC 9R14,bench_stable,seq_mem_read_threaded,4930645.48,217769017897,
2026-07-12T10:52:36,aws-c7a.12xlarge,AMD EPYC 9R14,bench_stable,seq_mem_write_single,39049476.96,27496957902,
2026-07-12T10:52:36,aws-c7a.12xlarge,AMD EPYC 9R14,bench_stable,seq_mem_write_threaded,7891041.84,136070983473,
2026-07-12T10:52:36,aws-c7a.12xlarge,AMD EPYC 9R14,bench_stable,ssd_read_seq,62464.66,131146162,
2026-07-12T10:52:36,aws-c7a.12xlarge,AMD EPYC 9R14,bench_stable,ssd_write_fsync,2842393.41,2882078,
2026-07-12T10:52:36,aws-c7a.12xlarge,AMD EPYC 9R14,bench_stable,ssd_write_no_fsync,3876.74,2113114664,
2026-07-12T10:55:46,aws-c7g.12xlarge,Neoverse-V1,bench_stable,mem_random_read,37.01,1729060058,
2026-07-12T10:55:46,aws-c7g.12xlarge,Neoverse-V1,bench_stable,mem_random_write,22.64,2826886555,
2026-07-12T10:55:46,aws-c7g.12xlarge,Neoverse-V1,bench_stable,seq_mem_read_single,33475398.16,32075550494,
2026-07-12T10:55:46,aws-c7g.12xlarge,Neoverse-V1,bench_stable,seq_mem_read_threaded,4124618.61,260325117488,
2026-07-12T10:55:46,aws-c7g.12xlarge,Neoverse-V1,bench_stable,seq_mem_write_single,40181887.91,26722035223,
2026-07-12T10:55:46,aws-c7g.12xlarge,Neoverse-V1,bench_stable,seq_mem_write_threaded,9391226.21,114334571423,
2026-07-12T10:55:46,aws-c7g.12xlarge,Neoverse-V1,bench_stable,ssd_read_seq,62652.81,130752314,
2026-07-12T10:55:46,aws-c7g.12xlarge,Neoverse-V1,bench_stable,ssd_write_fsync,2903739.07,2821190,
2026-07-12T10:55:46,aws-c7g.12xlarge,Neoverse-V1,bench_stable,ssd_write_no_fsync,3164.26,2588910878,
2026-07-13T11:06:53,gcp-c4-standard-48-lssd,Intel Xeon 6985P-C,bench_stable,mem_random_read,32.58,1964231770,
2026-07-13T11:06:53,gcp-c4-standard-48-lssd,Intel Xeon 6985P-C,bench_stable,mem_random_write,31.18,2052902602,
2026-07-13T11:06:53,gcp-c4-standard-48-lssd,Intel Xeon 6985P-C,bench_stable,seq_mem_read_single,44163101.24,24313098351,
2026-07-13T11:06:53,gcp-c4-standard-48-lssd,Intel Xeon 6985P-C,bench_stable,seq_mem_read_threaded,5510960.94,194837494739,
2026-07-13T11:06:53,gcp-c4-standard-48-lssd,Intel Xeon 6985P-C,bench_stable,seq_mem_write_single,92140253.33,11653341349,
2026-07-13T11:06:53,gcp-c4-standard-48-lssd,Intel Xeon 6985P-C,bench_stable,seq_mem_write_threaded,8511434.96,126152855441,
2026-07-13T11:06:53,gcp-c4-standard-48-lssd,Intel Xeon 6985P-C,bench_stable,ssd_read_seq,1040.06,7876493586,
2026-07-13T11:06:53,gcp-c4-standard-48-lssd,Intel Xeon 6985P-C,bench_stable,ssd_write_fsync,173831.75,47126028,
2026-07-13T11:06:53,gcp-c4-standard-48-lssd,Intel Xeon 6985P-C,bench_stable,ssd_write_no_fsync,2018.58,4058301397,
2026-07-13T11:11:47,gcp-c4d-standard-48-lssd,AMD EPYC 9B45,bench_stable,mem_random_read,25.63,2497060797,
2026-07-13T11:11:47,gcp-c4d-standard-48-lssd,AMD EPYC 9B45,bench_stable,mem_random_write,22.28,2871953148,
2026-07-13T11:11:47,gcp-c4d-standard-48-lssd,AMD EPYC 9B45,bench_stable,seq_mem_read_single,23851719.46,45017376040,
2026-07-13T11:11:47,gcp-c4d-standard-48-lssd,AMD EPYC 9B45,bench_stable,seq_mem_read_threaded,7353583.20,146016138606,
2026-07-13T11:11:47,gcp-c4d-standard-48-lssd,AMD EPYC 9B45,bench_stable,seq_mem_write_single,36101288.16,29742479531,
2026-07-13T11:11:47,gcp-c4d-standard-48-lssd,AMD EPYC 9B45,bench_stable,seq_mem_write_threaded,10360496.79,103638063491,
2026-07-13T11:11:47,gcp-c4d-standard-48-lssd,AMD EPYC 9B45,bench_stable,ssd_read_seq,597.85,13702362647,
2026-07-13T11:11:47,gcp-c4d-standard-48-lssd,AMD EPYC 9B45,bench_stable,ssd_write_fsync,95626.16,85666938,
2026-07-13T11:11:47,gcp-c4d-standard-48-lssd,AMD EPYC 9B45,bench_stable,ssd_write_no_fsync,1677.05,4884781158,
2026-07-13T11:16:35,gcp-c4a-standard-48-lssd,Neoverse-V2,bench_stable,mem_random_read,35.96,1779759333,
2026-07-13T11:16:35,gcp-c4a-standard-48-lssd,Neoverse-V2,bench_stable,mem_random_write,20.22,3164822722,
2026-07-13T11:16:35,gcp-c4a-standard-48-lssd,Neoverse-V2,bench_stable,seq_mem_read_single,40126492.12,26758925766,
2026-07-13T11:16:35,gcp-c4a-standard-48-lssd,Neoverse-V2,bench_stable,seq_mem_read_threaded,3831585.14,280234363517,
2026-07-13T11:16:35,gcp-c4a-standard-48-lssd,Neoverse-V2,bench_stable,seq_mem_write_single,44191071.96,24297709385,
2026-07-13T11:16:35,gcp-c4a-standard-48-lssd,Neoverse-V2,bench_stable,seq_mem_write_threaded,6821851.64,157397416521,
2026-07-13T11:16:35,gcp-c4a-standard-48-lssd,Neoverse-V2,bench_stable,ssd_read_seq,898.30,9119465249,
2026-07-13T11:16:35,gcp-c4a-standard-48-lssd,Neoverse-V2,bench_stable,ssd_write_fsync,97697.00,83851095,
2026-07-13T11:16:35,gcp-c4a-standard-48-lssd,Neoverse-V2,bench_stable,ssd_write_no_fsync,1993.90,4108534570,
2026-07-13T11:20:59,aws-c7i.12xlarge,Intel Xeon Platinum 8488C,bench_stable,mem_random_read,33.91,1887365513,
2026-07-13T11:20:59,aws-c7i.12xlarge,Intel Xeon Platinum 8488C,bench_stable,mem_random_write,23.80,2689257379,
2026-07-13T11:20:59,aws-c7i.12xlarge,Intel Xeon Platinum 8488C,bench_stable,seq_mem_read_single,90061000.19,11922383959,
2026-07-13T11:20:59,aws-c7i.12xlarge,Intel Xeon Platinum 8488C,bench_stable,seq_mem_read_threaded,5383551.85,199448589595,
2026-07-13T11:20:59,aws-c7i.12xlarge,Intel Xeon Platinum 8488C,bench_stable,seq_mem_write_single,87512445.73,12269589943,
2026-07-13T11:20:59,aws-c7i.12xlarge,Intel Xeon Platinum 8488C,bench_stable,seq_mem_write_threaded,7261826.12,147861131171,
2026-07-13T11:20:59,aws-c7i.12xlarge,Intel Xeon Platinum 8488C,bench_stable,ssd_read_seq,62464.13,131147269,
2026-07-13T11:20:59,aws-c7i.12xlarge,Intel Xeon Platinum 8488C,bench_stable,ssd_write_fsync,3706376.73,2210245,
2026-07-13T11:20:59,aws-c7i.12xlarge,Intel Xeon Platinum 8488C,bench_stable,ssd_write_no_fsync,3218.17,2545543740,
2026-07-13T11:24:00,aws-c7a.12xlarge,AMD EPYC 9R14,bench_stable,mem_random_read,29.71,2154044452,
2026-07-13T11:24:00,aws-c7a.12xlarge,AMD EPYC 9R14,bench_stable,mem_random_write,29.81,2147207860,
2026-07-13T11:24:00,aws-c7a.12xlarge,AMD EPYC 9R14,bench_stable,seq_mem_read_single,28930422.38,37114626594,
2026-07-13T11:24:00,aws-c7a.12xlarge,AMD EPYC 9R14,bench_stable,seq_mem_read_threaded,4908403.19,218755832082,
2026-07-13T11:24:00,aws-c7a.12xlarge,AMD EPYC 9R14,bench_stable,seq_mem_write_single,38937563.75,27575988851,
2026-07-13T11:24:00,aws-c7a.12xlarge,AMD EPYC 9R14,bench_stable,seq_mem_write_threaded,7768625.60,138215159133,
2026-07-13T11:24:00,aws-c7a.12xlarge,AMD EPYC 9R14,bench_stable,ssd_read_seq,62462.54,131150597,
2026-07-13T11:24:00,aws-c7a.12xlarge,AMD EPYC 9R14,bench_stable,ssd_write_fsync,2850416.47,2873966,
2026-07-13T11:24:00,aws-c7a.12xlarge,AMD EPYC 9R14,bench_stable,ssd_write_no_fsync,3897.97,2101608172,
2026-07-13T11:27:05,aws-c7g.12xlarge,Neoverse-V1,bench_stable,mem_random_read,36.81,1738754923,
2026-07-13T11:27:05,aws-c7g.12xlarge,Neoverse-V1,bench_stable,mem_random_write,22.91,2793127491,
2026-07-13T11:27:05,aws-c7g.12xlarge,Neoverse-V1,bench_stable,seq_mem_read_single,33972680.30,31606037986,
2026-07-13T11:27:05,aws-c7g.12xlarge,Neoverse-V1,bench_stable,seq_mem_read_threaded,4145960.90,258985033553,
2026-07-13T11:27:05,aws-c7g.12xlarge,Neoverse-V1,bench_stable,seq_mem_write_single,40488510.50,26519667202,
2026-07-13T11:27:05,aws-c7g.12xlarge,Neoverse-V1,bench_stable,seq_mem_write_threaded,9590048.21,111964173789,
2026-07-13T11:27:05,aws-c7g.12xlarge,Neoverse-V1,bench_stable,ssd_read_seq,62465.61,131144162,
2026-07-13T11:27:05,aws-c7g.12xlarge,Neoverse-V1,bench_stable,ssd_write_fsync,2779863.92,2946907,
2026-07-13T11:27:05,aws-c7g.12xlarge,Neoverse-V1,bench_stable,ssd_write_no_fsync,3164.43,2588779771,
2026-07-14T10:37:22,gcp-c4-standard-48-lssd,Intel Xeon 6985P-C,bench_stable,mem_random_read,33.58,1905668096,
2026-07-14T10:37:22,gcp-c4-standard-48-lssd,Intel Xeon 6985P-C,bench_stable,mem_random_write,32.79,1951549107,
2026-07-14T10:37:22,gcp-c4-standard-48-lssd,Intel Xeon 6985P-C,bench_stable,seq_mem_read_single,47816724.80,22455361142,
2026-07-14T10:37:22,gcp-c4-standard-48-lssd,Intel Xeon 6985P-C,bench_stable,seq_mem_read_threaded,5560803.74,193091120280,
2026-07-14T10:37:22,gcp-c4-standard-48-lssd,Intel Xeon 6985P-C,bench_stable,seq_mem_write_single,95079613.46,11293081502,
2026-07-14T10:37:22,gcp-c4-standard-48-lssd,Intel Xeon 6985P-C,bench_stable,seq_mem_write_threaded,8527413.01,125916479300,
2026-07-14T10:37:22,gcp-c4-standard-48-lssd,Intel Xeon 6985P-C,bench_stable,ssd_read_seq,1092.01,7501742656,
2026-07-14T10:37:22,gcp-c4-standard-48-lssd,Intel Xeon 6985P-C,bench_stable,ssd_write_fsync,198289.33,41313367,
2026-07-14T10:37:22,gcp-c4-standard-48-lssd,Intel Xeon 6985P-C,bench_stable,ssd_write_no_fsync,2094.68,3910867580,
2026-07-14T10:42:19,gcp-c4d-standard-48-lssd,AMD EPYC 9B45,bench_stable,mem_random_read,24.99,2560523151,
2026-07-14T10:42:19,gcp-c4d-standard-48-lssd,AMD EPYC 9B45,bench_stable,mem_random_write,21.98,2911862910,
2026-07-14T10:42:19,gcp-c4d-standard-48-lssd,AMD EPYC 9B45,bench_stable,seq_mem_read_single,22846617.24,46997847114,
2026-07-14T10:42:19,gcp-c4d-standard-48-lssd,AMD EPYC 9B45,bench_stable,seq_mem_read_threaded,7229039.03,148531750831,
2026-07-14T10:42:19,gcp-c4d-standard-48-lssd,AMD EPYC 9B45,bench_stable,seq_mem_write_single,35885454.53,29921366137,
2026-07-14T10:42:19,gcp-c4d-standard-48-lssd,AMD EPYC 9B45,bench_stable,seq_mem_write_threaded,10223970.68,105021997576,
2026-07-14T10:42:19,gcp-c4d-standard-48-lssd,AMD EPYC 9B45,bench_stable,ssd_read_seq,555.32,14751929990,
2026-07-14T10:42:19,gcp-c4d-standard-48-lssd,AMD EPYC 9B45,bench_stable,ssd_write_fsync,93847.22,87290808,
2026-07-14T10:42:19,gcp-c4d-standard-48-lssd,AMD EPYC 9B45,bench_stable,ssd_write_no_fsync,1673.67,4894636233,
2026-07-14T10:47:08,gcp-c4a-standard-48-lssd,Neoverse-V2,bench_stable,mem_random_read,35.81,1787133678,
2026-07-14T10:47:08,gcp-c4a-standard-48-lssd,Neoverse-V2,bench_stable,mem_random_write,20.10,3184652520,
2026-07-14T10:47:08,gcp-c4a-standard-48-lssd,Neoverse-V2,bench_stable,seq_mem_read_single,39784288.41,26989092097,
2026-07-14T10:47:08,gcp-c4a-standard-48-lssd,Neoverse-V2,bench_stable,seq_mem_read_threaded,3494640.85,307253841122,
2026-07-14T10:47:08,gcp-c4a-standard-48-lssd,Neoverse-V2,bench_stable,seq_mem_write_single,42960869.18,24993484643,
2026-07-14T10:47:08,gcp-c4a-standard-48-lssd,Neoverse-V2,bench_stable,seq_mem_write_threaded,6645736.54,161568520988,
2026-07-14T10:47:08,gcp-c4a-standard-48-lssd,Neoverse-V2,bench_stable,ssd_read_seq,890.11,9203310231,
2026-07-14T10:47:08,gcp-c4a-standard-48-lssd,Neoverse-V2,bench_stable,ssd_write_fsync,96348.47,85024703,
2026-07-14T10:47:08,gcp-c4a-standard-48-lssd,Neoverse-V2,bench_stable,ssd_write_no_fsync,2029.07,4037321013,
2026-07-14T10:51:50,aws-c7i.12xlarge,Intel Xeon Platinum 8488C,bench_stable,mem_random_read,34.99,1829003248,
2026-07-14T10:51:50,aws-c7i.12xlarge,Intel Xeon Platinum 8488C,bench_stable,mem_random_write,24.18,2646773795,
2026-07-14T10:51:50,aws-c7i.12xlarge,Intel Xeon Platinum 8488C,bench_stable,seq_mem_read_single,93881862.33,11437159398,
2026-07-14T10:51:50,aws-c7i.12xlarge,Intel Xeon Platinum 8488C,bench_stable,seq_mem_read_threaded,5753171.94,186634752921,
2026-07-14T10:51:50,aws-c7i.12xlarge,Intel Xeon Platinum 8488C,bench_stable,seq_mem_write_single,93004529.62,11545048702,
2026-07-14T10:51:50,aws-c7i.12xlarge,Intel Xeon Platinum 8488C,bench_stable,seq_mem_write_threaded,7614354.57,141015474685,
2026-07-14T10:51:50,aws-c7i.12xlarge,Intel Xeon Platinum 8488C,bench_stable,ssd_read_seq,62477.32,131119582,
2026-07-14T10:51:50,aws-c7i.12xlarge,Intel Xeon Platinum 8488C,bench_stable,ssd_write_fsync,3659355.49,2238646,
2026-07-14T10:51:50,aws-c7i.12xlarge,Intel Xeon Platinum 8488C,bench_stable,ssd_write_no_fsync,3209.88,2552120861,
2026-07-14T10:54:50,aws-c7a.12xlarge,AMD EPYC 9R14,bench_stable,mem_random_read,30.17,2121076601,
2026-07-14T10:54:50,aws-c7a.12xlarge,AMD EPYC 9R14,bench_stable,mem_random_write,30.39,2105957668,
2026-07-14T10:54:50,aws-c7a.12xlarge,AMD EPYC 9R14,bench_stable,seq_mem_read_single,29604273.28,36269825441,
2026-07-14T10:54:50,aws-c7a.12xlarge,AMD EPYC 9R14,bench_stable,seq_mem_read_threaded,4956164.52,216647736353,
2026-07-14T10:54:50,aws-c7a.12xlarge,AMD EPYC 9R14,bench_stable,seq_mem_write_single,39199146.10,27391969747,
2026-07-14T10:54:50,aws-c7a.12xlarge,AMD EPYC 9R14,bench_stable,seq_mem_write_threaded,7920973.57,135556799169,
2026-07-14T10:54:50,aws-c7a.12xlarge,AMD EPYC 9R14,bench_stable,ssd_read_seq,62463.94,131147657,
2026-07-14T10:54:50,aws-c7a.12xlarge,AMD EPYC 9R14,bench_stable,ssd_write_fsync,2845335.38,2879098,
2026-07-14T10:54:50,aws-c7a.12xlarge,AMD EPYC 9R14,bench_stable,ssd_write_no_fsync,3922.02,2088719486,
2026-07-14T10:57:54,aws-c7g.12xlarge,Neoverse-V1,bench_stable,mem_random_read,38.11,1679157372,
2026-07-14T10:57:54,aws-c7g.12xlarge,Neoverse-V1,bench_stable,mem_random_write,23.48,2725253017,
2026-07-14T10:57:54,aws-c7g.12xlarge,Neoverse-V1,bench_stable,seq_mem_read_single,34621790.14,31013469255,
2026-07-14T10:57:54,aws-c7g.12xlarge,Neoverse-V1,bench_stable,seq_mem_read_threaded,4130065.55,259981787329,
2026-07-14T10:57:54,aws-c7g.12xlarge,Neoverse-V1,bench_stable,seq_mem_write_single,40033785.95,26820891366,
2026-07-14T10:57:54,aws-c7g.12xlarge,Neoverse-V1,bench_stable,seq_mem_write_threaded,9402809.14,114193727371,
2026-07-14T10:57:54,aws-c7g.12xlarge,Neoverse-V1,bench_stable,ssd_read_seq,62469.14,131136743,
2026-07-14T10:57:54,aws-c7g.12xlarge,Neoverse-V1,bench_stable,ssd_write_fsync,2782244.97,2944385,
2026-07-14T10:57:54,aws-c7g.12xlarge,Neoverse-V1,bench_stable,ssd_write_no_fsync,3181.74,2574690531,
2026-07-15T10:38:36,gcp-c4-standard-48-lssd,Intel Xeon 6985P-C,bench_stable,mem_random_read,33.21,1927355891,
2026-07-15T10:38:36,gcp-c4-standard-48-lssd,Intel Xeon 6985P-C,bench_stable,mem_random_write,31.76,2015359486,
2026-07-15T10:38:36,gcp-c4-standard-48-lssd,Intel Xeon 6985P-C,bench_stable,seq_mem_read_single,47843543.35,22442773860,
2026-07-15T10:38:36,gcp-c4-standard-48-lssd,Intel Xeon 6985P-C,bench_stable,seq_mem_read_threaded,5522036.28,194446716734,
2026-07-15T10:38:36,gcp-c4-standard-48-lssd,Intel Xeon 6985P-C,bench_stable,seq_mem_write_single,93191849.74,11521842597,
2026-07-15T10:38:36,gcp-c4-standard-48-lssd,Intel Xeon 6985P-C,bench_stable,seq_mem_write_threaded,8573771.76,125235643597,
2026-07-15T10:38:36,gcp-c4-standard-48-lssd,Intel Xeon 6985P-C,bench_stable,ssd_read_seq,939.77,8716991869,
2026-07-15T10:38:36,gcp-c4-standard-48-lssd,Intel Xeon 6985P-C,bench_stable,ssd_write_fsync,192407.29,42576350,
2026-07-15T10:38:36,gcp-c4-standard-48-lssd,Intel Xeon 6985P-C,bench_stable,ssd_write_no_fsync,2084.39,3930174265,
2026-07-15T10:43:31,gcp-c4d-standard-48-lssd,AMD EPYC 9B45,bench_stable,mem_random_read,26.51,2414495669,
2026-07-15T10:43:31,gcp-c4d-standard-48-lssd,AMD EPYC 9B45,bench_stable,mem_random_write,23.67,2704383954,
2026-07-15T10:43:31,gcp-c4d-standard-48-lssd,AMD EPYC 9B45,bench_stable,seq_mem_read_single,23851537.74,45017719012,
2026-07-15T10:43:31,gcp-c4d-standard-48-lssd,AMD EPYC 9B45,bench_stable,seq_mem_read_threaded,7273625.04,147621277898,
2026-07-15T10:43:31,gcp-c4d-standard-48-lssd,AMD EPYC 9B45,bench_stable,seq_mem_write_single,35372133.62,30355585433,
2026-07-15T10:43:31,gcp-c4d-standard-48-lssd,AMD EPYC 9B45,bench_stable,seq_mem_write_threaded,10433269.63,102915180177,
2026-07-15T10:43:31,gcp-c4d-standard-48-lssd,AMD EPYC 9B45,bench_stable,ssd_read_seq,599.31,13669017429,
2026-07-15T10:43:31,gcp-c4d-standard-48-lssd,AMD EPYC 9B45,bench_stable,ssd_write_fsync,94202.87,86961254,
2026-07-15T10:43:31,gcp-c4d-standard-48-lssd,AMD EPYC 9B45,bench_stable,ssd_write_no_fsync,1657.08,4943621502,
2026-07-15T10:48:17,gcp-c4a-standard-48-lssd,Neoverse-V2,bench_stable,mem_random_read,34.60,1849617691,
2026-07-15T10:48:17,gcp-c4a-standard-48-lssd,Neoverse-V2,bench_stable,mem_random_write,19.44,3292345108,
2026-07-15T10:48:17,gcp-c4a-standard-48-lssd,Neoverse-V2,bench_stable,seq_mem_read_single,39020054.98,27517691208,
2026-07-15T10:48:17,gcp-c4a-standard-48-lssd,Neoverse-V2,bench_stable,seq_mem_read_threaded,3558311.27,301756013755,
2026-07-15T10:48:17,gcp-c4a-standard-48-lssd,Neoverse-V2,bench_stable,seq_mem_write_single,43487946.81,24690561470,
2026-07-15T10:48:17,gcp-c4a-standard-48-lssd,Neoverse-V2,bench_stable,seq_mem_write_threaded,6920472.53,155154408750,
2026-07-15T10:48:17,gcp-c4a-standard-48-lssd,Neoverse-V2,bench_stable,ssd_read_seq,869.57,9420696545,
2026-07-15T10:48:17,gcp-c4a-standard-48-lssd,Neoverse-V2,bench_stable,ssd_write_fsync,94201.69,86962351,
2026-07-15T10:48:17,gcp-c4a-standard-48-lssd,Neoverse-V2,bench_stable,ssd_write_no_fsync,1966.97,4164779030,
2026-07-15T10:52:42,aws-c7i.12xlarge,Intel Xeon Platinum 8488C,bench_stable,mem_random_read,35.61,1797113951,
2026-07-15T10:52:42,aws-c7i.12xlarge,Intel Xeon Platinum 8488C,bench_stable,mem_random_write,24.06,2659559399,
2026-07-15T10:52:42,aws-c7i.12xlarge,Intel Xeon Platinum 8488C,bench_stable,seq_mem_read_single,95037834.01,11298046038,
2026-07-15T10:52:42,aws-c7i.12xlarge,Intel Xeon Platinum 8488C,bench_stable,seq_mem_read_threaded,5672140.53,189300990949,
2026-07-15T10:52:42,aws-c7i.12xlarge,Intel Xeon Platinum 8488C,bench_stable,seq_mem_write_single,90566811.33,11855798037,
2026-07-15T10:52:42,aws-c7i.12xlarge,Intel Xeon Platinum 8488C,bench_stable,seq_mem_write_threaded,7826025.17,137201427461,
2026-07-15T10:52:42,aws-c7i.12xlarge,Intel Xeon Platinum 8488C,bench_stable,ssd_read_seq,62464.80,131145867,
2026-07-15T10:52:42,aws-c7i.12xlarge,Intel Xeon Platinum 8488C,bench_stable,ssd_write_fsync,3740938.19,2189825,
2026-07-15T10:52:42,aws-c7i.12xlarge,Intel Xeon Platinum 8488C,bench_stable,ssd_write_no_fsync,3207.76,2553803434,
2026-07-15T10:55:46,aws-c7a.12xlarge,AMD EPYC 9R14,bench_stable,mem_random_read,29.64,2158923569,
2026-07-15T10:55:46,aws-c7a.12xlarge,AMD EPYC 9R14,bench_stable,mem_random_write,29.48,2170881824,
2026-07-15T10:55:46,aws-c7a.12xlarge,AMD EPYC 9R14,bench_stable,seq_mem_read_single,28943841.62,37097419139,
2026-07-15T10:55:46,aws-c7a.12xlarge,AMD EPYC 9R14,bench_stable,seq_mem_read_threaded,4884620.38,219820935865,
2026-07-15T10:55:46,aws-c7a.12xlarge,AMD EPYC 9R14,bench_stable,seq_mem_write_single,38960052.79,27560071078,
2026-07-15T10:55:46,aws-c7a.12xlarge,AMD EPYC 9R14,bench_stable,seq_mem_write_threaded,7783385.90,137953049977,
2026-07-15T10:55:46,aws-c7a.12xlarge,AMD EPYC 9R14,bench_stable,ssd_read_seq,62674.72,130706614,
2026-07-15T10:55:46,aws-c7a.12xlarge,AMD EPYC 9R14,bench_stable,ssd_write_fsync,2844408.48,2880036,
2026-07-15T10:55:46,aws-c7a.12xlarge,AMD EPYC 9R14,bench_stable,ssd_write_no_fsync,3906.57,2096979109,
2026-07-15T10:58:50,aws-c7g.12xlarge,Neoverse-V1,bench_stable,mem_random_read,36.98,1730587548,
2026-07-15T10:58:50,aws-c7g.12xlarge,Neoverse-V1,bench_stable,mem_random_write,22.64,2826301099,
2026-07-15T10:58:50,aws-c7g.12xlarge,Neoverse-V1,bench_stable,seq_mem_read_single,33665419.55,31894502975,
2026-07-15T10:58:50,aws-c7g.12xlarge,Neoverse-V1,bench_stable,seq_mem_read_threaded,4127570.50,260138942201,
2026-07-15T10:58:50,aws-c7g.12xlarge,Neoverse-V1,bench_stable,seq_mem_write_single,40198606.32,26710921655,
2026-07-15T10:58:50,aws-c7g.12xlarge,Neoverse-V1,bench_stable,seq_mem_write_threaded,9503440.28,112984539496,
2026-07-15T10:58:50,aws-c7g.12xlarge,Neoverse-V1,bench_stable,ssd_read_seq,62470.67,131133544,
2026-07-15T10:58:50,aws-c7g.12xlarge,Neoverse-V1,bench_stable,ssd_write_fsync,2777438.69,2949480,
2026-07-15T10:58:50,aws-c7g.12xlarge,Neoverse-V1,bench_stable,ssd_write_no_fsync,3171.93,2582656060,
2026-07-16T10:43:41,gcp-c4-standard-48-lssd,Intel Xeon 6985P-C,bench_stable,mem_random_read,33.15,1930824706,
2026-07-16T10:43:41,gcp-c4-standard-48-lssd,Intel Xeon 6985P-C,bench_stable,mem_random_write,31.57,2027383625,
2026-07-16T10:43:41,gcp-c4-standard-48-lssd,Intel Xeon 6985P-C,bench_stable,seq_mem_read_single,44553677.42,24099959557,
2026-07-16T10:43:41,gcp-c4-standard-48-lssd,Intel Xeon 6985P-C,bench_stable,seq_mem_read_threaded,5513165.12,194759598387,
2026-07-16T10:43:41,gcp-c4-standard-48-lssd,Intel Xeon 6985P-C,bench_stable,seq_mem_write_single,94735446.82,11334108404,
2026-07-16T10:43:41,gcp-c4-standard-48-lssd,Intel Xeon 6985P-C,bench_stable,seq_mem_write_threaded,8549405.27,125592575153,
2026-07-16T10:43:41,gcp-c4-standard-48-lssd,Intel Xeon 6985P-C,bench_stable,ssd_read_seq,1058.01,7742827415,
2026-07-16T10:43:41,gcp-c4-standard-48-lssd,Intel Xeon 6985P-C,bench_stable,ssd_write_fsync,163254.35,50179369,
2026-07-16T10:43:41,gcp-c4-standard-48-lssd,Intel Xeon 6985P-C,bench_stable,ssd_write_no_fsync,2035.44,4024675431,
2026-07-16T10:48:30,gcp-c4d-standard-48-lssd,AMD EPYC 9B45,bench_stable,mem_random_read,21.39,2991552944,
2026-07-16T10:48:30,gcp-c4d-standard-48-lssd,AMD EPYC 9B45,bench_stable,mem_random_write,17.95,3566215251,
2026-07-16T10:48:30,gcp-c4d-standard-48-lssd,AMD EPYC 9B45,bench_stable,seq_mem_read_single,21808315.54,49235431407,
2026-07-16T10:48:30,gcp-c4d-standard-48-lssd,AMD EPYC 9B45,bench_stable,seq_mem_read_threaded,6884020.30,155975981587,
2026-07-16T10:48:30,gcp-c4d-standard-48-lssd,AMD EPYC 9B45,bench_stable,seq_mem_write_single,33499501.45,32052471749,
2026-07-16T10:48:30,gcp-c4d-standard-48-lssd,AMD EPYC 9B45,bench_stable,seq_mem_write_threaded,10223847.62,105023261704,
2026-07-16T10:48:30,gcp-c4d-standard-48-lssd,AMD EPYC 9B45,bench_stable,ssd_read_seq,431.20,18998025157,
2026-07-16T10:48:30,gcp-c4d-standard-48-lssd,AMD EPYC 9B45,bench_stable,ssd_write_fsync,95302.29,85958064,
2026-07-16T10:48:30,gcp-c4d-standard-48-lssd,AMD EPYC 9B45,bench_stable,ssd_write_no_fsync,1661.10,4931658154,
2026-07-16T10:53:27,gcp-c4a-standard-48-lssd,Neoverse-V2,bench_stable,mem_random_read,34.98,1829712091,
2026-07-16T10:53:27,gcp-c4a-standard-48-lssd,Neoverse-V2,bench_stable,mem_random_write,19.66,3255862869,
2026-07-16T10:53:27,gcp-c4a-standard-48-lssd,Neoverse-V2,bench_stable,seq_mem_read_single,39111192.26,27453569222,
2026-07-16T10:53:27,gcp-c4a-standard-48-lssd,Neoverse-V2,bench_stable,seq_mem_read_threaded,3508162.45,306069584845,
2026-07-16T10:53:27,gcp-c4a-standard-48-lssd,Neoverse-V2,bench_stable,seq_mem_write_single,44799980.22,23967462009,
2026-07-16T10:53:27,gcp-c4a-standard-48-lssd,Neoverse-V2,bench_stable,seq_mem_write_threaded,7607206.28,141147983161,
2026-07-16T10:53:27,gcp-c4a-standard-48-lssd,Neoverse-V2,bench_stable,ssd_read_seq,879.85,9310628577,
2026-07-16T10:53:27,gcp-c4a-standard-48-lssd,Neoverse-V2,bench_stable,ssd_write_fsync,97031.89,84425849,
2026-07-16T10:53:27,gcp-c4a-standard-48-lssd,Neoverse-V2,bench_stable,ssd_write_no_fsync,2042.14,4011474760,
2026-07-16T10:57:56,aws-c7i.12xlarge,Intel Xeon Platinum 8488C,bench_stable,mem_random_read,36.12,1771964215,
2026-07-16T10:57:56,aws-c7i.12xlarge,Intel Xeon Platinum 8488C,bench_stable,mem_random_write,24.85,2575094700,
2026-07-16T10:57:56,aws-c7i.12xlarge,Intel Xeon Platinum 8488C,bench_stable,seq_mem_read_single,97213078.60,11045240408,
2026-07-16T10:57:56,aws-c7i.12xlarge,Intel Xeon Platinum 8488C,bench_stable,seq_mem_read_threaded,6104180.87,175902688081,
2026-07-16T10:57:56,aws-c7i.12xlarge,Intel Xeon Platinum 8488C,bench_stable,seq_mem_write_single,90408550.17,11876551742,
2026-07-16T10:57:56,aws-c7i.12xlarge,Intel Xeon Platinum 8488C,bench_stable,seq_mem_write_threaded,8275195.93,129754247864,
2026-07-16T10:57:56,aws-c7i.12xlarge,Intel Xeon Platinum 8488C,bench_stable,ssd_read_seq,62466.57,131142155,
2026-07-16T10:57:56,aws-c7i.12xlarge,Intel Xeon Platinum 8488C,bench_stable,ssd_write_fsync,3742199.03,2189087,
2026-07-16T10:57:56,aws-c7i.12xlarge,Intel Xeon Platinum 8488C,bench_stable,ssd_write_no_fsync,3230.84,2535567056,
2026-07-16T11:01:04,aws-c7a.12xlarge,AMD EPYC 9R14,bench_stable,mem_random_read,28.80,2222305296,
2026-07-16T11:01:04,aws-c7a.12xlarge,AMD EPYC 9R14,bench_stable,mem_random_write,29.27,2186359917,
2026-07-16T11:01:04,aws-c7a.12xlarge,AMD EPYC 9R14,bench_stable,seq_mem_read_single,28793740.69,37290806900,
2026-07-16T11:01:04,aws-c7a.12xlarge,AMD EPYC 9R14,bench_stable,seq_mem_read_threaded,4946059.81,217090343868,
2026-07-16T11:01:04,aws-c7a.12xlarge,AMD EPYC 9R14,bench_stable,seq_mem_write_single,38986872.02,27541112387,
2026-07-16T11:01:04,aws-c7a.12xlarge,AMD EPYC 9R14,bench_stable,seq_mem_write_threaded,7823355.69,137248243213,
2026-07-16T11:01:04,aws-c7a.12xlarge,AMD EPYC 9R14,bench_stable,ssd_read_seq,62463.33,131148944,
2026-07-16T11:01:04,aws-c7a.12xlarge,AMD EPYC 9R14,bench_stable,ssd_write_fsync,2830849.05,2893831,
2026-07-16T11:01:04,aws-c7a.12xlarge,AMD EPYC 9R14,bench_stable,ssd_write_no_fsync,3849.24,2128211863,
2026-07-16T11:04:12,aws-c7g.12xlarge,Neoverse-V1,bench_stable,mem_random_read,36.83,1737816664,
2026-07-16T11:04:12,aws-c7g.12xlarge,Neoverse-V1,bench_stable,mem_random_write,23.30,2746505227,
2026-07-16T11:04:12,aws-c7g.12xlarge,Neoverse-V1,bench_stable,seq_mem_read_single,34911631.67,30755990845,
2026-07-16T11:04:12,aws-c7g.12xlarge,Neoverse-V1,bench_stable,seq_mem_read_threaded,4147456.02,258891671982,
2026-07-16T11:04:12,aws-c7g.12xlarge,Neoverse-V1,bench_stable,seq_mem_write_single,40273660.70,26661142925,
2026-07-16T11:04:12,aws-c7g.12xlarge,Neoverse-V1,bench_stable,seq_mem_write_threaded,9518037.60,112811261006,
2026-07-16T11:04:12,aws-c7g.12xlarge,Neoverse-V1,bench_stable,ssd_read_seq,62466.48,131142333,
2026-07-16T11:04:12,aws-c7g.12xlarge,Neoverse-V1,bench_stable,ssd_write_fsync,2771630.84,2955661,
2026-07-16T11:04:12,aws-c7g.12xlarge,Neoverse-V1,bench_stable,ssd_write_no_fsync,3174.53,2580537579,
2026-07-17T10:37:38,gcp-c4-standard-48-lssd,Intel Xeon 6985P-C,bench_stable,mem_random_read,37.03,1728437498,
2026-07-17T10:37:38,gcp-c4-standard-48-lssd,Intel Xeon 6985P-C,bench_stable,mem_random_write,35.93,1781142711,
2026-07-17T10:37:38,gcp-c4-standard-48-lssd,Intel Xeon 6985P-C,bench_stable,seq_mem_read_single,51558753.66,20825596970,
2026-07-17T10:37:38,gcp-c4-standard-48-lssd,Intel Xeon 6985P-C,bench_stable,seq_mem_read_threaded,5474716.97,196127367049,
2026-07-17T10:37:38,gcp-c4-standard-48-lssd,Intel Xeon 6985P-C,bench_stable,seq_mem_write_single,88621081.50,12116099306,
2026-07-17T10:37:38,gcp-c4-standard-48-lssd,Intel Xeon 6985P-C,bench_stable,seq_mem_write_threaded,8532515.54,125841180033,
2026-07-17T10:37:38,gcp-c4-standard-48-lssd,Intel Xeon 6985P-C,bench_stable,ssd_read_seq,1023.10,8007049673,
2026-07-17T10:37:38,gcp-c4-standard-48-lssd,Intel Xeon 6985P-C,bench_stable,ssd_write_fsync,170909.43,47931819,
2026-07-17T10:37:38,gcp-c4-standard-48-lssd,Intel Xeon 6985P-C,bench_stable,ssd_write_no_fsync,2015.35,4064802961,
2026-07-17T10:42:29,gcp-c4d-standard-48-lssd,AMD EPYC 9B45,bench_stable,mem_random_read,21.06,3038776690,
2026-07-17T10:42:29,gcp-c4d-standard-48-lssd,AMD EPYC 9B45,bench_stable,mem_random_write,17.60,3636562996,
2026-07-17T10:42:29,gcp-c4d-standard-48-lssd,AMD EPYC 9B45,bench_stable,seq_mem_read_single,21655329.69,49583259159,
2026-07-17T10:42:29,gcp-c4d-standard-48-lssd,AMD EPYC 9B45,bench_stable,seq_mem_read_threaded,7135835.62,150471771176,
2026-07-17T10:42:29,gcp-c4d-standard-48-lssd,AMD EPYC 9B45,bench_stable,seq_mem_write_single,34165802.59,31427384774,
2026-07-17T10:42:29,gcp-c4d-standard-48-lssd,AMD EPYC 9B45,bench_stable,seq_mem_write_threaded,10229004.18,104970318267,
2026-07-17T10:42:29,gcp-c4d-standard-48-lssd,AMD EPYC 9B45,bench_stable,ssd_read_seq,491.23,16676638268,
2026-07-17T10:42:29,gcp-c4d-standard-48-lssd,AMD EPYC 9B45,bench_stable,ssd_write_fsync,93546.20,87571705,
2026-07-17T10:42:29,gcp-c4d-standard-48-lssd,AMD EPYC 9B45,bench_stable,ssd_write_no_fsync,1680.46,4874856603,
2026-07-17T10:47:07,gcp-c4a-standard-48-lssd,Neoverse-V2,bench_stable,mem_random_read,35.09,1823872395,
2026-07-17T10:47:07,gcp-c4a-standard-48-lssd,Neoverse-V2,bench_stable,mem_random_write,19.80,3232128890,
2026-07-17T10:47:07,gcp-c4a-standard-48-lssd,Neoverse-V2,bench_stable,seq_mem_read_single,39827570.19,26959762269,
2026-07-17T10:47:07,gcp-c4a-standard-48-lssd,Neoverse-V2,bench_stable,seq_mem_read_threaded,3629521.26,295835661736,
2026-07-17T10:47:07,gcp-c4a-standard-48-lssd,Neoverse-V2,bench_stable,seq_mem_write_single,43983587.29,24412329466,
2026-07-17T10:47:07,gcp-c4a-standard-48-lssd,Neoverse-V2,bench_stable,seq_mem_write_threaded,7137778.35,150430816254,
2026-07-17T10:47:07,gcp-c4a-standard-48-lssd,Neoverse-V2,bench_stable,ssd_read_seq,900.73,9094827281,
2026-07-17T10:47:07,gcp-c4a-standard-48-lssd,Neoverse-V2,bench_stable,ssd_write_fsync,94366.10,86810837,
2026-07-17T10:47:07,gcp-c4a-standard-48-lssd,Neoverse-V2,bench_stable,ssd_write_no_fsync,1987.89,4120946798,
2026-07-17T10:51:28,aws-c7i.12xlarge,Intel Xeon Platinum 8488C,bench_stable,mem_random_read,36.73,1742576975,
2026-07-17T10:51:28,aws-c7i.12xlarge,Intel Xeon Platinum 8488C,bench_stable,mem_random_write,24.41,2622245191,
2026-07-17T10:51:28,aws-c7i.12xlarge,Intel Xeon Platinum 8488C,bench_stable,seq_mem_read_single,95912505.79,11195013780,
2026-07-17T10:51:28,aws-c7i.12xlarge,Intel Xeon Platinum 8488C,bench_stable,seq_mem_read_threaded,6248672.21,171835197492,
2026-07-17T10:51:28,aws-c7i.12xlarge,Intel Xeon Platinum 8488C,bench_stable,seq_mem_write_single,94163035.12,11403007800,
2026-07-17T10:51:28,aws-c7i.12xlarge,Intel Xeon Platinum 8488C,bench_stable,seq_mem_write_threaded,8051061.96,133366483786,
2026-07-17T10:51:28,aws-c7i.12xlarge,Intel Xeon Platinum 8488C,bench_stable,ssd_read_seq,62464.96,131145534,
2026-07-17T10:51:28,aws-c7i.12xlarge,Intel Xeon Platinum 8488C,bench_stable,ssd_write_fsync,3748897.88,2185176,
2026-07-17T10:51:28,aws-c7i.12xlarge,Intel Xeon Platinum 8488C,bench_stable,ssd_write_no_fsync,3202.70,2557839908,
2026-07-17T10:54:28,aws-c7a.12xlarge,AMD EPYC 9R14,bench_stable,mem_random_read,28.27,2263655507,
2026-07-17T10:54:28,aws-c7a.12xlarge,AMD EPYC 9R14,bench_stable,mem_random_write,28.72,2228580513,
2026-07-17T10:54:28,aws-c7a.12xlarge,AMD EPYC 9R14,bench_stable,seq_mem_read_single,29666178.82,36194139820,
2026-07-17T10:54:28,aws-c7a.12xlarge,AMD EPYC 9R14,bench_stable,seq_mem_read_threaded,4898122.01,219215001447,
2026-07-17T10:54:28,aws-c7a.12xlarge,AMD EPYC 9R14,bench_stable,seq_mem_write_single,38996688.43,27534179623,
2026-07-17T10:54:28,aws-c7a.12xlarge,AMD EPYC 9R14,bench_stable,seq_mem_write_threaded,7763855.70,138300074812,
2026-07-17T10:54:28,aws-c7a.12xlarge,AMD EPYC 9R14,bench_stable,ssd_read_seq,62465.57,131144239,
2026-07-17T10:54:28,aws-c7a.12xlarge,AMD EPYC 9R14,bench_stable,ssd_write_fsync,2853635.18,2870724,
2026-07-17T10:54:28,aws-c7a.12xlarge,AMD EPYC 9R14,bench_stable,ssd_write_no_fsync,3868.96,2117367573,
2026-07-17T10:57:34,aws-c7g.12xlarge,Neoverse-V1,bench_stable,mem_random_read,36.82,1738207489,
2026-07-17T10:57:34,aws-c7g.12xlarge,Neoverse-V1,bench_stable,mem_random_write,22.35,2863651126,
2026-07-17T10:57:34,aws-c7g.12xlarge,Neoverse-V1,bench_stable,seq_mem_read_single,33226835.92,32315500239,
2026-07-17T10:57:34,aws-c7g.12xlarge,Neoverse-V1,bench_stable,seq_mem_read_threaded,4128371.28,260088483372,
2026-07-17T10:57:34,aws-c7g.12xlarge,Neoverse-V1,bench_stable,seq_mem_write_single,40066072.30,26799278354,
2026-07-17T10:57:34,aws-c7g.12xlarge,Neoverse-V1,bench_stable,seq_mem_write_threaded,9515426.78,112842213925,
2026-07-17T10:57:34,aws-c7g.12xlarge,Neoverse-V1,bench_stable,ssd_read_seq,62467.03,131141189,
2026-07-17T10:57:34,aws-c7g.12xlarge,Neoverse-V1,bench_stable,ssd_write_fsync,2780377.93,2946362,
2026-07-17T10:57:34,aws-c7g.12xlarge,Neoverse-V1,bench_stable,ssd_write_no_fsync,3191.92,2566478188,
2026-07-18T10:33:50,gcp-c4-standard-48-lssd,Intel Xeon 6985P-C,bench_stable,mem_random_read,32.63,1961584735,
2026-07-18T10:33:50,gcp-c4-standard-48-lssd,Intel Xeon 6985P-C,bench_stable,mem_random_write,30.84,2075150764,
2026-07-18T10:33:50,gcp-c4-standard-48-lssd,Intel Xeon 6985P-C,bench_stable,seq_mem_read_single,43805001.68,24511854418,
2026-07-18T10:33:50,gcp-c4-standard-48-lssd,Intel Xeon 6985P-C,bench_stable,seq_mem_read_threaded,5464839.27,196481867372,
2026-07-18T10:33:50,gcp-c4-standard-48-lssd,Intel Xeon 6985P-C,bench_stable,seq_mem_write_single,89999073.57,11930587520,
2026-07-18T10:33:50,gcp-c4-standard-48-lssd,Intel Xeon 6985P-C,bench_stable,seq_mem_write_threaded,8522240.95,125992896693,
2026-07-18T10:33:50,gcp-c4-standard-48-lssd,Intel Xeon 6985P-C,bench_stable,ssd_read_seq,1019.30,8036851925,
2026-07-18T10:33:50,gcp-c4-standard-48-lssd,Intel Xeon 6985P-C,bench_stable,ssd_write_fsync,168799.36,48530991,
2026-07-18T10:33:50,gcp-c4-standard-48-lssd,Intel Xeon 6985P-C,bench_stable,ssd_write_no_fsync,2009.72,4076190857,
2026-07-18T10:38:43,gcp-c4d-standard-48-lssd,AMD EPYC 9B45,bench_stable,mem_random_read,21.45,2983226710,
2026-07-18T10:38:43,gcp-c4d-standard-48-lssd,AMD EPYC 9B45,bench_stable,mem_random_write,17.70,3615084671,
2026-07-18T10:38:43,gcp-c4d-standard-48-lssd,AMD EPYC 9B45,bench_stable,seq_mem_read_single,21501050.82,49939039389,
2026-07-18T10:38:43,gcp-c4d-standard-48-lssd,AMD EPYC 9B45,bench_stable,seq_mem_read_threaded,7771782.26,138159020503,
2026-07-18T10:38:43,gcp-c4d-standard-48-lssd,AMD EPYC 9B45,bench_stable,seq_mem_write_single,33355852.50,32190507621,
2026-07-18T10:38:43,gcp-c4d-standard-48-lssd,AMD EPYC 9B45,bench_stable,seq_mem_write_threaded,10227132.21,104989531962,
2026-07-18T10:38:43,gcp-c4d-standard-48-lssd,AMD EPYC 9B45,bench_stable,ssd_read_seq,499.57,16397971544,
2026-07-18T10:38:43,gcp-c4d-standard-48-lssd,AMD EPYC 9B45,bench_stable,ssd_write_fsync,94130.06,87028525,
2026-07-18T10:38:43,gcp-c4d-standard-48-lssd,AMD EPYC 9B45,bench_stable,ssd_write_no_fsync,1663.02,4925964678,
2026-07-18T10:43:33,gcp-c4a-standard-48-lssd,Neoverse-V2,bench_stable,mem_random_read,35.41,1807359960,
2026-07-18T10:43:33,gcp-c4a-standard-48-lssd,Neoverse-V2,bench_stable,mem_random_write,19.92,3213176637,
2026-07-18T10:43:33,gcp-c4a-standard-48-lssd,Neoverse-V2,bench_stable,seq_mem_read_single,39655649.54,27076641954,
2026-07-18T10:43:33,gcp-c4a-standard-48-lssd,Neoverse-V2,bench_stable,seq_mem_read_threaded,3620732.06,296553792279,
2026-07-18T10:43:33,gcp-c4a-standard-48-lssd,Neoverse-V2,bench_stable,seq_mem_write_single,43340984.08,24774283435,
2026-07-18T10:43:33,gcp-c4a-standard-48-lssd,Neoverse-V2,bench_stable,seq_mem_write_threaded,6911302.80,155360263474,
2026-07-18T10:43:33,gcp-c4a-standard-48-lssd,Neoverse-V2,bench_stable,ssd_read_seq,891.84,9185501553,
2026-07-18T10:43:33,gcp-c4a-standard-48-lssd,Neoverse-V2,bench_stable,ssd_write_fsync,96778.65,84646770,
2026-07-18T10:43:33,gcp-c4a-standard-48-lssd,Neoverse-V2,bench_stable,ssd_write_no_fsync,2054.76,3986836452,
2026-07-18T10:48:00,aws-c7i.12xlarge,Intel Xeon Platinum 8488C,bench_stable,mem_random_read,34.80,1839260295,
2026-07-18T10:48:00,aws-c7i.12xlarge,Intel Xeon Platinum 8488C,bench_stable,mem_random_write,23.63,2708698112,
2026-07-18T10:48:00,aws-c7i.12xlarge,Intel Xeon Platinum 8488C,bench_stable,seq_mem_read_single,91869601.35,11687672617,
2026-07-18T10:48:00,aws-c7i.12xlarge,Intel Xeon Platinum 8488C,bench_stable,seq_mem_read_threaded,5703056.62,188274796279,
2026-07-18T10:48:00,aws-c7i.12xlarge,Intel Xeon Platinum 8488C,bench_stable,seq_mem_write_single,89632171.93,11979424362,
2026-07-18T10:48:00,aws-c7i.12xlarge,Intel Xeon Platinum 8488C,bench_stable,seq_mem_write_threaded,7572936.05,141786728059,
2026-07-18T10:48:00,aws-c7i.12xlarge,Intel Xeon Platinum 8488C,bench_stable,ssd_read_seq,62462.77,131150117,
2026-07-18T10:48:00,aws-c7i.12xlarge,Intel Xeon Platinum 8488C,bench_stable,ssd_write_fsync,3838097.39,2134391,
2026-07-18T10:48:00,aws-c7i.12xlarge,Intel Xeon Platinum 8488C,bench_stable,ssd_write_no_fsync,3202.28,2558176035,
2026-07-18T10:51:08,aws-c7a.12xlarge,AMD EPYC 9R14,bench_stable,mem_random_read,32.03,1998347486,
2026-07-18T10:51:08,aws-c7a.12xlarge,AMD EPYC 9R14,bench_stable,mem_random_write,32.28,1982638673,
2026-07-18T10:51:08,aws-c7a.12xlarge,AMD EPYC 9R14,bench_stable,seq_mem_read_single,29230617.70,36733463355,
2026-07-18T10:51:08,aws-c7a.12xlarge,AMD EPYC 9R14,bench_stable,seq_mem_read_threaded,5159598.45,208105695461,
2026-07-18T10:51:08,aws-c7a.12xlarge,AMD EPYC 9R14,bench_stable,seq_mem_write_single,39841860.07,26950092743,
2026-07-18T10:51:08,aws-c7a.12xlarge,AMD EPYC 9R14,bench_stable,seq_mem_write_threaded,8465092.62,126843482034,
2026-07-18T10:51:08,aws-c7a.12xlarge,AMD EPYC 9R14,bench_stable,ssd_read_seq,62464.77,131145932,
2026-07-18T10:51:08,aws-c7a.12xlarge,AMD EPYC 9R14,bench_stable,ssd_write_fsync,2844990.84,2879447,
2026-07-18T10:51:08,aws-c7a.12xlarge,AMD EPYC 9R14,bench_stable,ssd_write_no_fsync,3863.44,2120387698,
2026-07-18T10:54:52,aws-c7g.12xlarge,Neoverse-V1,bench_stable,mem_random_read,37.22,1719392713,
2026-07-18T10:54:52,aws-c7g.12xlarge,Neoverse-V1,bench_stable,mem_random_write,22.91,2793694377,
2026-07-18T10:54:52,aws-c7g.12xlarge,Neoverse-V1,bench_stable,seq_mem_read_single,34176420.04,31417621352,
2026-07-18T10:54:52,aws-c7g.12xlarge,Neoverse-V1,bench_stable,seq_mem_read_threaded,4128213.27,260098438081,
2026-07-18T10:54:52,aws-c7g.12xlarge,Neoverse-V1,bench_stable,seq_mem_write_single,40276621.34,26659183125,
2026-07-18T10:54:52,aws-c7g.12xlarge,Neoverse-V1,bench_stable,seq_mem_write_threaded,9505971.32,112954456546,
2026-07-18T10:54:52,aws-c7g.12xlarge,Neoverse-V1,bench_stable,ssd_read_seq,62473.44,131127721,
2026-07-18T10:54:52,aws-c7g.12xlarge,Neoverse-V1,bench_stable,ssd_write_fsync,2777322.31,2949604,
2026-07-18T10:54:52,aws-c7g.12xlarge,Neoverse-V1,bench_stable,ssd_write_no_fsync,3143.49,2606024452,
2026-07-19T10:35:22,gcp-c4-standard-48-lssd,Intel Xeon 6985P-C,bench_stable,mem_random_read,32.85,1948454412,
2026-07-19T10:35:22,gcp-c4-standard-48-lssd,Intel Xeon 6985P-C,bench_stable,mem_random_write,31.34,2041981165,
2026-07-19T10:35:22,gcp-c4-standard-48-lssd,Intel Xeon 6985P-C,bench_stable,seq_mem_read_single,44329375.87,24221902587,
2026-07-19T10:35:22,gcp-c4-standard-48-lssd,Intel Xeon 6985P-C,bench_stable,seq_mem_read_threaded,5518823.65,194559908429,
2026-07-19T10:35:22,gcp-c4-standard-48-lssd,Intel Xeon 6985P-C,bench_stable,seq_mem_write_single,92450260.88,11614264944,
2026-07-19T10:35:22,gcp-c4-standard-48-lssd,Intel Xeon 6985P-C,bench_stable,seq_mem_write_threaded,8552089.05,125553162235,
2026-07-19T10:35:22,gcp-c4-standard-48-lssd,Intel Xeon 6985P-C,bench_stable,ssd_read_seq,1047.31,7821967067,
2026-07-19T10:35:22,gcp-c4-standard-48-lssd,Intel Xeon 6985P-C,bench_stable,ssd_write_fsync,167263.67,48976566,
2026-07-19T10:35:22,gcp-c4-standard-48-lssd,Intel Xeon 6985P-C,bench_stable,ssd_write_no_fsync,2040.03,4015627779,
2026-07-19T10:40:06,gcp-c4d-standard-48-lssd,AMD EPYC 9B45,bench_stable,mem_random_read,21.13,3028573061,
2026-07-19T10:40:06,gcp-c4d-standard-48-lssd,AMD EPYC 9B45,bench_stable,mem_random_write,17.65,3626914615,
2026-07-19T10:40:06,gcp-c4d-standard-48-lssd,AMD EPYC 9B45,bench_stable,seq_mem_read_single,21699244.08,49482913789,
2026-07-19T10:40:06,gcp-c4d-standard-48-lssd,AMD EPYC 9B45,bench_stable,seq_mem_read_threaded,6920354.59,155157052955,
2026-07-19T10:40:06,gcp-c4d-standard-48-lssd,AMD EPYC 9B45,bench_stable,seq_mem_write_single,33875921.32,31696313547,
2026-07-19T10:40:06,gcp-c4d-standard-48-lssd,AMD EPYC 9B45,bench_stable,seq_mem_write_threaded,10222462.04,105037496799,
2026-07-19T10:40:06,gcp-c4d-standard-48-lssd,AMD EPYC 9B45,bench_stable,ssd_read_seq,444.87,18414331016,
2026-07-19T10:40:06,gcp-c4d-standard-48-lssd,AMD EPYC 9B45,bench_stable,ssd_write_fsync,95407.46,85863309,
2026-07-19T10:40:06,gcp-c4d-standard-48-lssd,AMD EPYC 9B45,bench_stable,ssd_write_no_fsync,1657.42,4942629096,
2026-07-19T10:44:52,gcp-c4a-standard-48-lssd,Neoverse-V2,bench_stable,mem_random_read,35.52,1801617097,
2026-07-19T10:44:52,gcp-c4a-standard-48-lssd,Neoverse-V2,bench_stable,mem_random_write,18.98,3372539499,
2026-07-19T10:44:52,gcp-c4a-standard-48-lssd,Neoverse-V2,bench_stable,seq_mem_read_single,39811139.07,26970889280,
2026-07-19T10:44:52,gcp-c4a-standard-48-lssd,Neoverse-V2,bench_stable,seq_mem_read_threaded,3568047.85,300932574414,
2026-07-19T10:44:52,gcp-c4a-standard-48-lssd,Neoverse-V2,bench_stable,seq_mem_write_single,43159482.33,24878468556,
2026-07-19T10:44:52,gcp-c4a-standard-48-lssd,Neoverse-V2,bench_stable,seq_mem_write_threaded,6878877.29,156092597561,
2026-07-19T10:44:52,gcp-c4a-standard-48-lssd,Neoverse-V2,bench_stable,ssd_read_seq,889.71,9207448564,
2026-07-19T10:44:52,gcp-c4a-standard-48-lssd,Neoverse-V2,bench_stable,ssd_write_fsync,94202.47,86961628,
2026-07-19T10:44:52,gcp-c4a-standard-48-lssd,Neoverse-V2,bench_stable,ssd_write_no_fsync,2019.54,4056366247,
2026-07-19T10:49:23,aws-c7i.12xlarge,Intel Xeon Platinum 8488C,bench_stable,mem_random_read,34.81,1838669495,
2026-07-19T10:49:23,aws-c7i.12xlarge,Intel Xeon Platinum 8488C,bench_stable,mem_random_write,23.88,2680109841,
2026-07-19T10:49:23,aws-c7i.12xlarge,Intel Xeon Platinum 8488C,bench_stable,seq_mem_read_single,92315944.90,11631163232,
2026-07-19T10:49:23,aws-c7i.12xlarge,Intel Xeon Platinum 8488C,bench_stable,seq_mem_read_threaded,5667144.81,189467864305,
2026-07-19T10:49:23,aws-c7i.12xlarge,Intel Xeon Platinum 8488C,bench_stable,seq_mem_write_single,88321987.95,12157129260,
2026-07-19T10:49:23,aws-c7i.12xlarge,Intel Xeon Platinum 8488C,bench_stable,seq_mem_write_threaded,7515204.39,142875931018,
2026-07-19T10:49:23,aws-c7i.12xlarge,Intel Xeon Platinum 8488C,bench_stable,ssd_read_seq,62463.89,131147778,
2026-07-19T10:49:23,aws-c7i.12xlarge,Intel Xeon Platinum 8488C,bench_stable,ssd_write_fsync,3948757.44,2074577,
2026-07-19T10:49:23,aws-c7i.12xlarge,Intel Xeon Platinum 8488C,bench_stable,ssd_write_no_fsync,3250.54,2520198943,
2026-07-19T10:52:43,aws-c7a.12xlarge,AMD EPYC 9R14,bench_stable,mem_random_read,29.97,2135244385,
2026-07-19T10:52:43,aws-c7a.12xlarge,AMD EPYC 9R14,bench_stable,mem_random_write,30.29,2112674043,
2026-07-19T10:52:43,aws-c7a.12xlarge,AMD EPYC 9R14,bench_stable,seq_mem_read_single,28950181.34,37089295271,
2026-07-19T10:52:43,aws-c7a.12xlarge,AMD EPYC 9R14,bench_stable,seq_mem_read_threaded,4965589.47,216236527559,
2026-07-19T10:52:43,aws-c7a.12xlarge,AMD EPYC 9R14,bench_stable,seq_mem_write_single,39056014.86,27492354967,
2026-07-19T10:52:43,aws-c7a.12xlarge,AMD EPYC 9R14,bench_stable,seq_mem_write_threaded,7947656.62,135101687800,
2026-07-19T10:52:43,aws-c7a.12xlarge,AMD EPYC 9R14,bench_stable,ssd_read_seq,62465.43,131144533,
2026-07-19T10:52:43,aws-c7a.12xlarge,AMD EPYC 9R14,bench_stable,ssd_write_fsync,2923315.99,2802297,
2026-07-19T10:52:43,aws-c7a.12xlarge,AMD EPYC 9R14,bench_stable,ssd_write_no_fsync,3869.87,2116869652,
2026-07-19T10:55:48,aws-c7g.12xlarge,Neoverse-V1,bench_stable,mem_random_read,36.82,1738045001,
2026-07-19T10:55:48,aws-c7g.12xlarge,Neoverse-V1,bench_stable,mem_random_write,22.53,2840641660,
2026-07-19T10:55:48,aws-c7g.12xlarge,Neoverse-V1,bench_stable,seq_mem_read_single,33516971.01,32035765517,
2026-07-19T10:55:48,aws-c7g.12xlarge,Neoverse-V1,bench_stable,seq_mem_read_threaded,4147372.69,258896873903,
2026-07-19T10:55:48,aws-c7g.12xlarge,Neoverse-V1,bench_stable,seq_mem_write_single,40505160.34,26508766169,
2026-07-19T10:55:48,aws-c7g.12xlarge,Neoverse-V1,bench_stable,seq_mem_write_threaded,9541390.10,112535156111,
2026-07-19T10:55:48,aws-c7g.12xlarge,Neoverse-V1,bench_stable,ssd_read_seq,62704.68,130644155,
2026-07-19T10:55:48,aws-c7g.12xlarge,Neoverse-V1,bench_stable,ssd_write_fsync,2784122.26,2942400,
2026-07-19T10:55:48,aws-c7g.12xlarge,Neoverse-V1,bench_stable,ssd_write_no_fsync,3168.92,2585107505,
2026-07-20T11:05:37,gcp-c4-standard-48-lssd,Intel Xeon 6985P-C,bench_stable,mem_random_read,33.13,1931786996,
2026-07-20T11:05:37,gcp-c4-standard-48-lssd,Intel Xeon 6985P-C,bench_stable,mem_random_write,31.64,2022598127,
2026-07-20T11:05:37,gcp-c4-standard-48-lssd,Intel Xeon 6985P-C,bench_stable,seq_mem_read_single,44735402.18,24002060373,
2026-07-20T11:05:37,gcp-c4-standard-48-lssd,Intel Xeon 6985P-C,bench_stable,seq_mem_read_threaded,5536194.40,193949443718,
2026-07-20T11:05:37,gcp-c4-standard-48-lssd,Intel Xeon 6985P-C,bench_stable,seq_mem_write_single,92452520.85,11613981037,
2026-07-20T11:05:37,gcp-c4-standard-48-lssd,Intel Xeon 6985P-C,bench_stable,seq_mem_write_threaded,8529179.46,125890401255,
2026-07-20T11:05:37,gcp-c4-standard-48-lssd,Intel Xeon 6985P-C,bench_stable,ssd_read_seq,1061.25,7719169519,
2026-07-20T11:05:37,gcp-c4-standard-48-lssd,Intel Xeon 6985P-C,bench_stable,ssd_write_fsync,177497.84,46152674,
2026-07-20T11:05:37,gcp-c4-standard-48-lssd,Intel Xeon 6985P-C,bench_stable,ssd_write_no_fsync,2017.55,4060369024,
2026-07-20T11:10:19,gcp-c4d-standard-48-lssd,AMD EPYC 9B45,bench_stable,mem_random_read,21.37,2994628158,
2026-07-20T11:10:19,gcp-c4d-standard-48-lssd,AMD EPYC 9B45,bench_stable,mem_random_write,17.81,3593305442,
2026-07-20T11:10:19,gcp-c4d-standard-48-lssd,AMD EPYC 9B45,bench_stable,seq_mem_read_single,21717872.87,49440469167,
2026-07-20T11:10:19,gcp-c4d-standard-48-lssd,AMD EPYC 9B45,bench_stable,seq_mem_read_threaded,7571963.73,141804934974,
2026-07-20T11:10:19,gcp-c4d-standard-48-lssd,AMD EPYC 9B45,bench_stable,seq_mem_write_single,33992776.99,31587352343,
2026-07-20T11:10:19,gcp-c4d-standard-48-lssd,AMD EPYC 9B45,bench_stable,seq_mem_write_threaded,10192187.76,105349494033,
2026-07-20T11:10:19,gcp-c4d-standard-48-lssd,AMD EPYC 9B45,bench_stable,ssd_read_seq,558.57,14665916869,
2026-07-20T11:10:19,gcp-c4d-standard-48-lssd,AMD EPYC 9B45,bench_stable,ssd_write_fsync,96219.55,85138627,
2026-07-20T11:10:19,gcp-c4d-standard-48-lssd,AMD EPYC 9B45,bench_stable,ssd_write_no_fsync,1669.03,4908234770,
2026-07-20T11:15:08,gcp-c4a-standard-48-lssd,Neoverse-V2,bench_stable,mem_random_read,34.98,1829571302,
2026-07-20T11:15:08,gcp-c4a-standard-48-lssd,Neoverse-V2,bench_stable,mem_random_write,19.00,3368675409,
2026-07-20T11:15:08,gcp-c4a-standard-48-lssd,Neoverse-V2,bench_stable,seq_mem_read_single,39876755.51,26926509195,
2026-07-20T11:15:08,gcp-c4a-standard-48-lssd,Neoverse-V2,bench_stable,seq_mem_read_threaded,3684106.58,291452432314,
2026-07-20T11:15:08,gcp-c4a-standard-48-lssd,Neoverse-V2,bench_stable,seq_mem_write_single,43351059.46,24768525554,
2026-07-20T11:15:08,gcp-c4a-standard-48-lssd,Neoverse-V2,bench_stable,seq_mem_write_threaded,6685181.57,160615207340,
2026-07-20T11:15:08,gcp-c4a-standard-48-lssd,Neoverse-V2,bench_stable,ssd_read_seq,877.11,9339797409,
2026-07-20T11:15:08,gcp-c4a-standard-48-lssd,Neoverse-V2,bench_stable,ssd_write_fsync,96242.07,85118697,
2026-07-20T11:15:08,gcp-c4a-standard-48-lssd,Neoverse-V2,bench_stable,ssd_write_no_fsync,1984.27,4128470369,
2026-07-20T11:19:50,aws-c7i.12xlarge,Intel Xeon Platinum 8488C,bench_stable,mem_random_read,40.86,1566506507,
2026-07-20T11:19:50,aws-c7i.12xlarge,Intel Xeon Platinum 8488C,bench_stable,mem_random_write,26.37,2427039973,
2026-07-20T11:19:50,aws-c7i.12xlarge,Intel Xeon Platinum 8488C,bench_stable,seq_mem_read_single,128543435.49,8353143978,
2026-07-20T11:19:50,aws-c7i.12xlarge,Intel Xeon Platinum 8488C,bench_stable,seq_mem_read_threaded,8416040.48,127582777935,
2026-07-20T11:19:50,aws-c7i.12xlarge,Intel Xeon Platinum 8488C,bench_stable,seq_mem_write_single,109161682.55,9836252052,
2026-07-20T11:19:50,aws-c7i.12xlarge,Intel Xeon Platinum 8488C,bench_stable,seq_mem_write_threaded,8615070.98,124635284637,
2026-07-20T11:19:50,aws-c7i.12xlarge,Intel Xeon Platinum 8488C,bench_stable,ssd_read_seq,62462.85,131149953,
2026-07-20T11:19:50,aws-c7i.12xlarge,Intel Xeon Platinum 8488C,bench_stable,ssd_write_fsync,4224033.37,1939379,
2026-07-20T11:19:50,aws-c7i.12xlarge,Intel Xeon Platinum 8488C,bench_stable,ssd_write_no_fsync,3110.46,2633698160,
2026-07-20T11:22:55,aws-c7a.12xlarge,AMD EPYC 9R14,bench_stable,mem_random_read,31.75,2015813136,
2026-07-20T11:22:55,aws-c7a.12xlarge,AMD EPYC 9R14,bench_stable,mem_random_write,31.44,2035748459,
2026-07-20T11:22:55,aws-c7a.12xlarge,AMD EPYC 9R14,bench_stable,seq_mem_read_single,28948506.47,37091441145,
2026-07-20T11:22:55,aws-c7a.12xlarge,AMD EPYC 9R14,bench_stable,seq_mem_read_threaded,5094663.73,210758134676,
2026-07-20T11:22:55,aws-c7a.12xlarge,AMD EPYC 9R14,bench_stable,seq_mem_write_single,39948340.31,26878258662,
2026-07-20T11:22:55,aws-c7a.12xlarge,AMD EPYC 9R14,bench_stable,seq_mem_write_threaded,8483282.68,126571501283,
2026-07-20T11:22:55,aws-c7a.12xlarge,AMD EPYC 9R14,bench_stable,ssd_read_seq,62464.03,131147482,
2026-07-20T11:22:55,aws-c7a.12xlarge,AMD EPYC 9R14,bench_stable,ssd_write_fsync,2841307.05,2883180,
2026-07-20T11:22:55,aws-c7a.12xlarge,AMD EPYC 9R14,bench_stable,ssd_write_no_fsync,3883.01,2109703856,
2026-07-20T11:25:59,aws-c7g.12xlarge,Neoverse-V1,bench_stable,mem_random_read,36.55,1751050886,
2026-07-20T11:25:59,aws-c7g.12xlarge,Neoverse-V1,bench_stable,mem_random_write,23.01,2780934681,
2026-07-20T11:25:59,aws-c7g.12xlarge,Neoverse-V1,bench_stable,seq_mem_read_single,34526460.50,31099099309,
2026-07-20T11:25:59,aws-c7g.12xlarge,Neoverse-V1,bench_stable,seq_mem_read_threaded,4128948.40,260052129231,
2026-07-20T11:25:59,aws-c7g.12xlarge,Neoverse-V1,bench_stable,seq_mem_write_single,40254034.93,26674141510,
2026-07-20T11:25:59,aws-c7g.12xlarge,Neoverse-V1,bench_stable,seq_mem_write_threaded,9502036.73,113001228569,
2026-07-20T11:25:59,aws-c7g.12xlarge,Neoverse-V1,bench_stable,ssd_read_seq,62467.13,131140966,
2026-07-20T11:25:59,aws-c7g.12xlarge,Neoverse-V1,bench_stable,ssd_write_fsync,2775270.89,2951784,
2026-07-20T11:25:59,aws-c7g.12xlarge,Neoverse-V1,bench_stable,ssd_write_no_fsync,3168.34,2585581230,
2026-07-21T10:47:20,gcp-c4-standard-48-lssd,Intel Xeon 6985P-C,bench_stable,mem_random_read,32.87,1947099456,
2026-07-21T10:47:20,gcp-c4-standard-48-lssd,Intel Xeon 6985P-C,bench_stable,mem_random_write,31.11,2057509227,
2026-07-21T10:47:20,gcp-c4-standard-48-lssd,Intel Xeon 6985P-C,bench_stable,seq_mem_read_single,47483108.27,22613132609,
2026-07-21T10:47:20,gcp-c4-standard-48-lssd,Intel Xeon 6985P-C,bench_stable,seq_mem_read_threaded,5480828.04,195908686722,
2026-07-21T10:47:20,gcp-c4-standard-48-lssd,Intel Xeon 6985P-C,bench_stable,seq_mem_write_single,90860746.96,11817444385,
2026-07-21T10:47:20,gcp-c4-standard-48-lssd,Intel Xeon 6985P-C,bench_stable,seq_mem_write_threaded,8511329.50,126154418538,
2026-07-21T10:47:20,gcp-c4-standard-48-lssd,Intel Xeon 6985P-C,bench_stable,ssd_read_seq,934.19,8769138488,
2026-07-21T10:47:20,gcp-c4-standard-48-lssd,Intel Xeon 6985P-C,bench_stable,ssd_write_fsync,171143.10,47866377,
2026-07-21T10:47:20,gcp-c4-standard-48-lssd,Intel Xeon 6985P-C,bench_stable,ssd_write_no_fsync,2010.04,4075530920,
2026-07-21T10:52:13,gcp-c4d-standard-48-lssd,AMD EPYC 9B45,bench_stable,mem_random_read,25.12,2547895557,
2026-07-21T10:52:13,gcp-c4d-standard-48-lssd,AMD EPYC 9B45,bench_stable,mem_random_write,22.17,2886232455,
2026-07-21T10:52:13,gcp-c4d-standard-48-lssd,AMD EPYC 9B45,bench_stable,seq_mem_read_single,23777332.71,45158211701,
2026-07-21T10:52:13,gcp-c4d-standard-48-lssd,AMD EPYC 9B45,bench_stable,seq_mem_read_threaded,7178820.00,149570796225,
2026-07-21T10:52:13,gcp-c4d-standard-48-lssd,AMD EPYC 9B45,bench_stable,seq_mem_write_single,34817613.49,30839041407,
2026-07-21T10:52:13,gcp-c4d-standard-48-lssd,AMD EPYC 9B45,bench_stable,seq_mem_write_threaded,10255654.83,104697539262,
2026-07-21T10:52:13,gcp-c4d-standard-48-lssd,AMD EPYC 9B45,bench_stable,ssd_read_seq,464.29,17644132974,
2026-07-21T10:52:13,gcp-c4d-standard-48-lssd,AMD EPYC 9B45,bench_stable,ssd_write_fsync,92771.88,88302620,
2026-07-21T10:52:13,gcp-c4d-standard-48-lssd,AMD EPYC 9B45,bench_stable,ssd_write_no_fsync,1677.16,4884441649,
2026-07-21T10:56:53,gcp-c4a-standard-48-lssd,Neoverse-V2,bench_stable,mem_random_read,34.81,1838518031,
2026-07-21T10:56:53,gcp-c4a-standard-48-lssd,Neoverse-V2,bench_stable,mem_random_write,18.54,3451706738,
2026-07-21T10:56:53,gcp-c4a-standard-48-lssd,Neoverse-V2,bench_stable,seq_mem_read_single,39303134.91,27319495673,
2026-07-21T10:56:53,gcp-c4a-standard-48-lssd,Neoverse-V2,bench_stable,seq_mem_read_threaded,3571202.97,300666703143,
2026-07-21T10:56:53,gcp-c4a-standard-48-lssd,Neoverse-V2,bench_stable,seq_mem_write_single,43634265.83,24607766478,
2026-07-21T10:56:53,gcp-c4a-standard-48-lssd,Neoverse-V2,bench_stable,seq_mem_write_threaded,6815766.03,157537952341,
2026-07-21T10:56:53,gcp-c4a-standard-48-lssd,Neoverse-V2,bench_stable,ssd_read_seq,906.69,9035093511,
2026-07-21T10:56:53,gcp-c4a-standard-48-lssd,Neoverse-V2,bench_stable,ssd_write_fsync,96358.49,85015862,
2026-07-21T10:56:53,gcp-c4a-standard-48-lssd,Neoverse-V2,bench_stable,ssd_write_no_fsync,1958.61,4182558544,
2026-07-21T11:01:28,aws-c7i.12xlarge,Intel Xeon Platinum 8488C,bench_stable,mem_random_read,42.46,1507432873,
2026-07-21T11:01:28,aws-c7i.12xlarge,Intel Xeon Platinum 8488C,bench_stable,mem_random_write,32.46,1971416457,
2026-07-21T11:01:28,aws-c7i.12xlarge,Intel Xeon Platinum 8488C,bench_stable,seq_mem_read_single,115996340.97,9256687022,
2026-07-21T11:01:28,aws-c7i.12xlarge,Intel Xeon Platinum 8488C,bench_stable,seq_mem_read_threaded,7806298.81,137548132558,
2026-07-21T11:01:28,aws-c7i.12xlarge,Intel Xeon Platinum 8488C,bench_stable,seq_mem_write_single,106756408.91,10057867578,
2026-07-21T11:01:28,aws-c7i.12xlarge,Intel Xeon Platinum 8488C,bench_stable,seq_mem_write_threaded,9061132.27,118499740676,
2026-07-21T11:01:28,aws-c7i.12xlarge,Intel Xeon Platinum 8488C,bench_stable,ssd_read_seq,62463.84,131147870,
2026-07-21T11:01:28,aws-c7i.12xlarge,Intel Xeon Platinum 8488C,bench_stable,ssd_write_fsync,4142485.09,1977557,
2026-07-21T11:01:28,aws-c7i.12xlarge,Intel Xeon Platinum 8488C,bench_stable,ssd_write_no_fsync,3156.48,2595299266,
2026-07-21T11:04:32,aws-c7a.12xlarge,AMD EPYC 9R14,bench_stable,mem_random_read,29.81,2146690230,
2026-07-21T11:04:32,aws-c7a.12xlarge,AMD EPYC 9R14,bench_stable,mem_random_write,29.75,2151235461,
2026-07-21T11:04:32,aws-c7a.12xlarge,AMD EPYC 9R14,bench_stable,seq_mem_read_single,29589202.25,36288299187,
2026-07-21T11:04:32,aws-c7a.12xlarge,AMD EPYC 9R14,bench_stable,seq_mem_read_threaded,5022453.67,213788298625,
2026-07-21T11:04:32,aws-c7a.12xlarge,AMD EPYC 9R14,bench_stable,seq_mem_write_single,39004380.58,27528749541,
2026-07-21T11:04:32,aws-c7a.12xlarge,AMD EPYC 9R14,bench_stable,seq_mem_write_threaded,7869889.88,136436702405,
2026-07-21T11:04:32,aws-c7a.12xlarge,AMD EPYC 9R14,bench_stable,ssd_read_seq,62463.35,131148896,
2026-07-21T11:04:32,aws-c7a.12xlarge,AMD EPYC 9R14,bench_stable,ssd_write_fsync,2843276.00,2881184,
2026-07-21T11:04:32,aws-c7a.12xlarge,AMD EPYC 9R14,bench_stable,ssd_write_no_fsync,3901.56,2099675598,
2026-07-21T11:07:50,aws-c7g.12xlarge,Neoverse-V1,bench_stable,mem_random_read,36.59,1749278594,
2026-07-21T11:07:50,aws-c7g.12xlarge,Neoverse-V1,bench_stable,mem_random_write,22.59,2833165660,
2026-07-21T11:07:50,aws-c7g.12xlarge,Neoverse-V1,bench_stable,seq_mem_read_single,34557273.14,31071370114,
2026-07-21T11:07:50,aws-c7g.12xlarge,Neoverse-V1,bench_stable,seq_mem_read_threaded,4137599.56,259508395642,
2026-07-21T11:07:50,aws-c7g.12xlarge,Neoverse-V1,bench_stable,seq_mem_write_single,40197192.96,26711860830,
2026-07-21T11:07:50,aws-c7g.12xlarge,Neoverse-V1,bench_stable,seq_mem_write_threaded,9516861.76,112825199193,
2026-07-21T11:07:50,aws-c7g.12xlarge,Neoverse-V1,bench_stable,ssd_read_seq,62466.54,131142212,
2026-07-21T11:07:50,aws-c7g.12xlarge,Neoverse-V1,bench_stable,ssd_write_fsync,2782780.66,2943818,
2026-07-21T11:07:50,aws-c7g.12xlarge,Neoverse-V1,bench_stable,ssd_write_no_fsync,3193.19,2565457110,
2026-07-22T10:47:50,gcp-c4-standard-48-lssd,Intel Xeon 6985P-C,bench_stable,mem_random_read,33.15,1930816002,
2026-07-22T10:47:50,gcp-c4-standard-48-lssd,Intel Xeon 6985P-C,bench_stable,mem_random_write,31.51,2030862589,
2026-07-22T10:47:50,gcp-c4-standard-48-lssd,Intel Xeon 6985P-C,bench_stable,seq_mem_read_single,51767104.47,20741778684,
2026-07-22T10:47:50,gcp-c4-standard-48-lssd,Intel Xeon 6985P-C,bench_stable,seq_mem_read_threaded,5507791.79,194949603199,
2026-07-22T10:47:50,gcp-c4-standard-48-lssd,Intel Xeon 6985P-C,bench_stable,seq_mem_write_single,92078270.64,11661185821,
2026-07-22T10:47:50,gcp-c4-standard-48-lssd,Intel Xeon 6985P-C,bench_stable,seq_mem_write_threaded,8571026.29,125275759006,
2026-07-22T10:47:50,gcp-c4-standard-48-lssd,Intel Xeon 6985P-C,bench_stable,ssd_read_seq,1036.98,7899848143,
2026-07-22T10:47:50,gcp-c4-standard-48-lssd,Intel Xeon 6985P-C,bench_stable,ssd_write_fsync,177906.08,46046768,
2026-07-22T10:47:50,gcp-c4-standard-48-lssd,Intel Xeon 6985P-C,bench_stable,ssd_write_no_fsync,2047.19,4001585462,
2026-07-22T10:52:46,gcp-c4d-standard-48-lssd,AMD EPYC 9B45,bench_stable,mem_random_read,20.68,3094922185,
2026-07-22T10:52:46,gcp-c4d-standard-48-lssd,AMD EPYC 9B45,bench_stable,mem_random_write,17.34,3689857914,
2026-07-22T10:52:46,gcp-c4d-standard-48-lssd,AMD EPYC 9B45,bench_stable,seq_mem_read_single,21611568.47,49683660186,
2026-07-22T10:52:46,gcp-c4d-standard-48-lssd,AMD EPYC 9B45,bench_stable,seq_mem_read_threaded,7690236.04,139624039997,
2026-07-22T10:52:46,gcp-c4d-standard-48-lssd,AMD EPYC 9B45,bench_stable,seq_mem_write_single,34268671.87,31333044598,
2026-07-22T10:52:46,gcp-c4d-standard-48-lssd,AMD EPYC 9B45,bench_stable,seq_mem_write_threaded,10199978.23,105269030937,
2026-07-22T10:52:46,gcp-c4d-standard-48-lssd,AMD EPYC 9B45,bench_stable,ssd_read_seq,430.47,19030500645,
2026-07-22T10:52:46,gcp-c4d-standard-48-lssd,AMD EPYC 9B45,bench_stable,ssd_write_fsync,94390.95,86787979,
2026-07-22T10:52:46,gcp-c4d-standard-48-lssd,AMD EPYC 9B45,bench_stable,ssd_write_no_fsync,1656.32,4945918709,
2026-07-22T10:57:30,gcp-c4a-standard-48-lssd,Neoverse-V2,bench_stable,mem_random_read,35.28,1813984108,
2026-07-22T10:57:30,gcp-c4a-standard-48-lssd,Neoverse-V2,bench_stable,mem_random_write,19.79,3234358648,
2026-07-22T10:57:30,gcp-c4a-standard-48-lssd,Neoverse-V2,bench_stable,seq_mem_read_single,39571527.75,27134201910,
2026-07-22T10:57:30,gcp-c4a-standard-48-lssd,Neoverse-V2,bench_stable,seq_mem_read_threaded,3599783.99,298279515026,
2026-07-22T10:57:30,gcp-c4a-standard-48-lssd,Neoverse-V2,bench_stable,seq_mem_write_single,43444630.78,24715178947,
2026-07-22T10:57:30,gcp-c4a-standard-48-lssd,Neoverse-V2,bench_stable,seq_mem_write_threaded,6819819.88,157444308432,
2026-07-22T10:57:30,gcp-c4a-standard-48-lssd,Neoverse-V2,bench_stable,ssd_read_seq,899.26,9109725580,
2026-07-22T10:57:30,gcp-c4a-standard-48-lssd,Neoverse-V2,bench_stable,ssd_write_fsync,96443.96,84940516,
2026-07-22T10:57:30,gcp-c4a-standard-48-lssd,Neoverse-V2,bench_stable,ssd_write_no_fsync,2076.82,3944498911,
2026-07-22T11:02:11,aws-c7i.12xlarge,Intel Xeon Platinum 8488C,bench_stable,mem_random_read,36.23,1766477960,
2026-07-22T11:02:11,aws-c7i.12xlarge,Intel Xeon Platinum 8488C,bench_stable,mem_random_write,24.96,2564176930,
2026-07-22T11:02:11,aws-c7i.12xlarge,Intel Xeon Platinum 8488C,bench_stable,seq_mem_read_single,97624487.15,10998693621,
2026-07-22T11:02:11,aws-c7i.12xlarge,Intel Xeon Platinum 8488C,bench_stable,seq_mem_read_threaded,6203972.06,173073284936,
2026-07-22T11:02:11,aws-c7i.12xlarge,Intel Xeon Platinum 8488C,bench_stable,seq_mem_write_single,92849616.20,11564310849,
2026-07-22T11:02:11,aws-c7i.12xlarge,Intel Xeon Platinum 8488C,bench_stable,seq_mem_write_threaded,8147712.11,131784458036,
2026-07-22T11:02:11,aws-c7i.12xlarge,Intel Xeon Platinum 8488C,bench_stable,ssd_read_seq,62462.60,131150473,
2026-07-22T11:02:11,aws-c7i.12xlarge,Intel Xeon Platinum 8488C,bench_stable,ssd_write_fsync,4061252.10,2017112,
2026-07-22T11:02:11,aws-c7i.12xlarge,Intel Xeon Platinum 8488C,bench_stable,ssd_write_no_fsync,3197.10,2562325572,
2026-07-22T11:05:13,aws-c7a.12xlarge,AMD EPYC 9R14,bench_stable,mem_random_read,30.04,2130498191,
2026-07-22T11:05:13,aws-c7a.12xlarge,AMD EPYC 9R14,bench_stable,mem_random_write,30.28,2113418814,
2026-07-22T11:05:13,aws-c7a.12xlarge,AMD EPYC 9R14,bench_stable,seq_mem_read_single,29565180.83,36317783081,
2026-07-22T11:05:13,aws-c7a.12xlarge,AMD EPYC 9R14,bench_stable,seq_mem_read_threaded,4958893.66,216528503641,
2026-07-22T11:05:13,aws-c7a.12xlarge,AMD EPYC 9R14,bench_stable,seq_mem_write_single,39106736.61,27456697157,
2026-07-22T11:05:13,aws-c7a.12xlarge,AMD EPYC 9R14,bench_stable,seq_mem_write_threaded,7880288.15,136256670264,
2026-07-22T11:05:13,aws-c7a.12xlarge,AMD EPYC 9R14,bench_stable,ssd_read_seq,62465.78,131143794,
2026-07-22T11:05:13,aws-c7a.12xlarge,AMD EPYC 9R14,bench_stable,ssd_write_fsync,2850185.94,2874198,
2026-07-22T11:05:13,aws-c7a.12xlarge,AMD EPYC 9R14,bench_stable,ssd_write_no_fsync,3885.81,2108184601,
2026-07-22T11:08:19,aws-c7g.12xlarge,Neoverse-V1,bench_stable,mem_random_read,36.49,1754101031,
2026-07-22T11:08:19,aws-c7g.12xlarge,Neoverse-V1,bench_stable,mem_random_write,22.20,2882859238,
2026-07-22T11:08:19,aws-c7g.12xlarge,Neoverse-V1,bench_stable,seq_mem_read_single,33004206.25,32533484239,
2026-07-22T11:08:19,aws-c7g.12xlarge,Neoverse-V1,bench_stable,seq_mem_read_threaded,4127143.63,260165848369,
2026-07-22T11:08:19,aws-c7g.12xlarge,Neoverse-V1,bench_stable,seq_mem_write_single,39982560.00,26855254491,
2026-07-22T11:08:19,aws-c7g.12xlarge,Neoverse-V1,bench_stable,seq_mem_write_threaded,9532212.31,112643506987,
2026-07-22T11:08:19,aws-c7g.12xlarge,Neoverse-V1,bench_stable,ssd_read_seq,62464.55,131146394,
2026-07-22T11:08:19,aws-c7g.12xlarge,Neoverse-V1,bench_stable,ssd_write_fsync,2778360.51,2948501,
2026-07-22T11:08:19,aws-c7g.12xlarge,Neoverse-V1,bench_stable,ssd_write_no_fsync,3165.95,2587532292,
